BudgetID,BranchID,DepartmentID,AccountCode,BudgetAmount,BudgetVersion,BudgetNotes,MonthKey,BudgetIDValidationFlag,BudgetAmountValidationFlag,BudgetVersionValidationFlag,MonthKeyValidationFlag,BranchValidationFlag,DepartmentValidationFlag,AccountValidationFlag,BudgetValidationStatus
BUD-202501-BR01-D01-4000,BR01,D01,4000,352000,Original Budget,Revenue profile; branch scale 1.00,2025-01,Valid,Valid,Valid,Valid,Valid,Valid,Valid,Pass
BUD-202501-BR01-D01-4100,BR01,D01,4100,105600,Original Budget,Revenue profile; branch scale 1.00,2025-01,Valid,Valid,Valid,Valid,Valid,Valid,Valid,Pass
BUD-202501-BR01-D01-4200,BR01,D01,4200,7000,Original Budget,Revenue profile; branch scale 1.00,2025-01,Valid,Valid,Valid,Valid,Valid,Valid,Valid,Pass
BUD-202501-BR01-D01-5000,BR01,D01,5000,211200,Original Budget,Revenue profile; branch scale 1.00,2025-01,Valid,Valid,Valid,Valid,Valid,Valid,Valid,Pass
BUD-202501-BR01-D01-6000,BR01,D01,6000,20000,Original Budget,Fixed profile; branch scale 1.00,2025-01,Valid,Valid,Valid,Valid,Valid,Valid,Valid,Pass
BUD-202501-BR01-D01-6100,BR01,D01,6100,3600,Original Budget,Fixed profile; branch scale 1.00,2025-01,Valid,Valid,Valid,Valid,Valid,Valid,Valid,Pass
BUD-202501-BR01-D01-6400,BR01,D01,6400,7500,Original Budget,Variable profile; branch scale 1.00,2025-01,Valid,Valid,Valid,Valid,Valid,Valid,Valid,Pass
BUD-202501-BR01-D01-6500,BR01,D01,6500,4700,Original Budget,Variable profile; branch scale 1.00,2025-01,Valid,Valid,Valid,Valid,Valid,Valid,Valid,Pass
BUD-202501-BR01-D01-6700,BR01,D01,6700,1500,Original Budget,Fixed profile; branch scale 1.00,2025-01,Valid,Valid,Valid,Valid,Valid,Valid,Valid,Pass
BUD-202501-BR01-D01-6800,BR01,D01,6800,800,Original Budget,Variable profile; branch scale 1.00,2025-01,Valid,Valid,Valid,Valid,Valid,Valid,Valid,Pass
BUD-202501-BR01-D01-7100,BR01,D01,7100,800,Original Budget,Variable profile; branch scale 1.00,2025-01,Valid,Valid,Valid,Valid,Valid,Valid,Valid,Pass
BUD-202501-BR01-D01-7200,BR01,D01,7200,2400,Original Budget,Variable profile; branch scale 1.00,2025-01,Valid,Valid,Valid,Valid,Valid,Valid,Valid,Pass
BUD-202501-BR01-D02-5100,BR01,D02,5100,42200,Original Budget,Revenue profile; branch scale 1.00,2025-01,Valid,Valid,Valid,Valid,Valid,Valid,Valid,Pass
BUD-202501-BR01-D02-6000,BR01,D02,6000,28000,Original Budget,Fixed profile; branch scale 1.00,2025-01,Valid,Valid,Valid,Valid,Valid,Valid,Valid,Pass
BUD-202501-BR01-D02-6100,BR01,D02,6100,5000,Original Budget,Fixed profile; branch scale 1.00,2025-01,Valid,Valid,Valid,Valid,Valid,Valid,Valid,Pass
BUD-202501-BR01-D02-6500,BR01,D02,6500,6600,Original Budget,Variable profile; branch scale 1.00,2025-01,Valid,Valid,Valid,Valid,Valid,Valid,Valid,Pass
BUD-202501-BR01-D02-6600,BR01,D02,6600,5600,Original Budget,Variable profile; branch scale 1.00,2025-01,Valid,Valid,Valid,Valid,Valid,Valid,Valid,Pass
BUD-202501-BR01-D02-6700,BR01,D02,6700,2000,Original Budget,Fixed profile; branch scale 1.00,2025-01,Valid,Valid,Valid,Valid,Valid,Valid,Valid,Pass
BUD-202501-BR01-D02-6800,BR01,D02,6800,700,Original Budget,Variable profile; branch scale 1.00,2025-01,Valid,Valid,Valid,Valid,Valid,Valid,Valid,Pass
BUD-202501-BR01-D02-7100,BR01,D02,7100,900,Original Budget,Variable profile; branch scale 1.00,2025-01,Valid,Valid,Valid,Valid,Valid,Valid,Valid,Pass
BUD-202501-BR01-D02-7200,BR01,D02,7200,1900,Original Budget,Variable profile; branch scale 1.00,2025-01,Valid,Valid,Valid,Valid,Valid,Valid,Valid,Pass
BUD-202501-BR01-D03-6000,BR01,D03,6000,14000,Original Budget,Fixed profile; branch scale 1.00,2025-01,Valid,Valid,Valid,Valid,Valid,Valid,Valid,Pass
BUD-202501-BR01-D03-6100,BR01,D03,6100,2500,Original Budget,Fixed profile; branch scale 1.00,2025-01,Valid,Valid,Valid,Valid,Valid,Valid,Valid,Pass
BUD-202501-BR01-D03-6200,BR01,D03,6200,15000,Original Budget,Fixed profile; branch scale 1.00,2025-01,Valid,Valid,Valid,Valid,Valid,Valid,Valid,Pass
BUD-202501-BR01-D03-6300,BR01,D03,6300,4500,Original Budget,Fixed profile; branch scale 1.00,2025-01,Valid,Valid,Valid,Valid,Valid,Valid,Valid,Pass
BUD-202501-BR01-D03-6600,BR01,D03,6600,2400,Original Budget,Variable profile; branch scale 1.00,2025-01,Valid,Valid,Valid,Valid,Valid,Valid,Valid,Pass
BUD-202501-BR01-D03-6700,BR01,D03,6700,1500,Original Budget,Fixed profile; branch scale 1.00,2025-01,Valid,Valid,Valid,Valid,Valid,Valid,Valid,Pass
BUD-202501-BR01-D03-6800,BR01,D03,6800,1700,Original Budget,Variable profile; branch scale 1.00,2025-01,Valid,Valid,Valid,Valid,Valid,Valid,Valid,Pass
BUD-202501-BR01-D03-6900,BR01,D03,6900,3000,Original Budget,Fixed profile; branch scale 1.00,2025-01,Valid,Valid,Valid,Valid,Valid,Valid,Valid,Pass
BUD-202501-BR01-D03-7000,BR01,D03,7000,2200,Original Budget,Fixed profile; branch scale 1.00,2025-01,Valid,Valid,Valid,Valid,Valid,Valid,Valid,Pass
BUD-202501-BR01-D03-7100,BR01,D03,7100,500,Original Budget,Variable profile; branch scale 1.00,2025-01,Valid,Valid,Valid,Valid,Valid,Valid,Valid,Pass
BUD-202501-BR01-D03-7200,BR01,D03,7200,700,Original Budget,Variable profile; branch scale 1.00,2025-01,Valid,Valid,Valid,Valid,Valid,Valid,Valid,Pass
BUD-202501-BR01-D03-7300,BR01,D03,7300,600,Original Budget,Fixed profile; branch scale 1.00,2025-01,Valid,Valid,Valid,Valid,Valid,Valid,Valid,Pass
BUD-202501-BR01-D03-7400,BR01,D03,7400,7000,Original Budget,Fixed profile; branch scale 1.00,2025-01,Valid,Valid,Valid,Valid,Valid,Valid,Valid,Pass
BUD-202501-BR01-D03-7500,BR01,D03,7500,900,Original Budget,Variable profile; branch scale 1.00,2025-01,Valid,Valid,Valid,Valid,Valid,Valid,Valid,Pass
BUD-202501-BR01-D04-6000,BR01,D04,6000,16000,Original Budget,Fixed profile; branch scale 1.00,2025-01,Valid,Valid,Valid,Valid,Valid,Valid,Valid,Pass
BUD-202501-BR01-D04-6100,BR01,D04,6100,2900,Original Budget,Fixed profile; branch scale 1.00,2025-01,Valid,Valid,Valid,Valid,Valid,Valid,Valid,Pass
BUD-202501-BR01-D04-6700,BR01,D04,6700,1800,Original Budget,Fixed profile; branch scale 1.00,2025-01,Valid,Valid,Valid,Valid,Valid,Valid,Valid,Pass
BUD-202501-BR01-D04-6800,BR01,D04,6800,600,Original Budget,Variable profile; branch scale 1.00,2025-01,Valid,Valid,Valid,Valid,Valid,Valid,Valid,Pass
BUD-202501-BR01-D04-6900,BR01,D04,6900,2000,Original Budget,Fixed profile; branch scale 1.00,2025-01,Valid,Valid,Valid,Valid,Valid,Valid,Valid,Pass
BUD-202501-BR01-D04-7000,BR01,D04,7000,800,Original Budget,Fixed profile; branch scale 1.00,2025-01,Valid,Valid,Valid,Valid,Valid,Valid,Valid,Pass
BUD-202501-BR01-D04-7100,BR01,D04,7100,1100,Original Budget,Variable profile; branch scale 1.00,2025-01,Valid,Valid,Valid,Valid,Valid,Valid,Valid,Pass
BUD-202501-BR01-D04-7200,BR01,D04,7200,800,Original Budget,Variable profile; branch scale 1.00,2025-01,Valid,Valid,Valid,Valid,Valid,Valid,Valid,Pass
BUD-202501-BR01-D04-7300,BR01,D04,7300,400,Original Budget,Fixed profile; branch scale 1.00,2025-01,Valid,Valid,Valid,Valid,Valid,Valid,Valid,Pass
BUD-202501-BR01-D04-7500,BR01,D04,7500,700,Original Budget,Variable profile; branch scale 1.00,2025-01,Valid,Valid,Valid,Valid,Valid,Valid,Valid,Pass
BUD-202501-BR02-D01-4000,BR02,D01,4000,204200,Original Budget,Revenue profile; branch scale 0.58,2025-01,Valid,Valid,Valid,Valid,Valid,Valid,Valid,Pass
BUD-202501-BR02-D01-4100,BR02,D01,4100,61200,Original Budget,Revenue profile; branch scale 0.58,2025-01,Valid,Valid,Valid,Valid,Valid,Valid,Valid,Pass
BUD-202501-BR02-D01-4200,BR02,D01,4200,4100,Original Budget,Revenue profile; branch scale 0.58,2025-01,Valid,Valid,Valid,Valid,Valid,Valid,Valid,Pass
BUD-202501-BR02-D01-5000,BR02,D01,5000,122500,Original Budget,Revenue profile; branch scale 0.58,2025-01,Valid,Valid,Valid,Valid,Valid,Valid,Valid,Pass
BUD-202501-BR02-D01-6000,BR02,D01,6000,11600,Original Budget,Fixed profile; branch scale 0.58,2025-01,Valid,Valid,Valid,Valid,Valid,Valid,Valid,Pass
BUD-202501-BR02-D01-6100,BR02,D01,6100,2100,Original Budget,Fixed profile; branch scale 0.58,2025-01,Valid,Valid,Valid,Valid,Valid,Valid,Valid,Pass
BUD-202501-BR02-D01-6400,BR02,D01,6400,4400,Original Budget,Variable profile; branch scale 0.58,2025-01,Valid,Valid,Valid,Valid,Valid,Valid,Valid,Pass
BUD-202501-BR02-D01-6500,BR02,D01,6500,2700,Original Budget,Variable profile; branch scale 0.58,2025-01,Valid,Valid,Valid,Valid,Valid,Valid,Valid,Pass
BUD-202501-BR02-D01-6700,BR02,D01,6700,900,Original Budget,Fixed profile; branch scale 0.58,2025-01,Valid,Valid,Valid,Valid,Valid,Valid,Valid,Pass
BUD-202501-BR02-D01-6800,BR02,D01,6800,400,Original Budget,Variable profile; branch scale 0.58,2025-01,Valid,Valid,Valid,Valid,Valid,Valid,Valid,Pass
BUD-202501-BR02-D01-7100,BR02,D01,7100,400,Original Budget,Variable profile; branch scale 0.58,2025-01,Valid,Valid,Valid,Valid,Valid,Valid,Valid,Pass
BUD-202501-BR02-D01-7200,BR02,D01,7200,1400,Original Budget,Variable profile; branch scale 0.58,2025-01,Valid,Valid,Valid,Valid,Valid,Valid,Valid,Pass
BUD-202501-BR02-D02-5100,BR02,D02,5100,24500,Original Budget,Revenue profile; branch scale 0.58,2025-01,Valid,Valid,Valid,Valid,Valid,Valid,Valid,Pass
BUD-202501-BR02-D02-6000,BR02,D02,6000,16200,Original Budget,Fixed profile; branch scale 0.58,2025-01,Valid,Valid,Valid,Valid,Valid,Valid,Valid,Pass
BUD-202501-BR02-D02-6100,BR02,D02,6100,2900,Original Budget,Fixed profile; branch scale 0.58,2025-01,Valid,Valid,Valid,Valid,Valid,Valid,Valid,Pass
BUD-202501-BR02-D02-6500,BR02,D02,6500,3800,Original Budget,Variable profile; branch scale 0.58,2025-01,Valid,Valid,Valid,Valid,Valid,Valid,Valid,Pass
BUD-202501-BR02-D02-6600,BR02,D02,6600,3300,Original Budget,Variable profile; branch scale 0.58,2025-01,Valid,Valid,Valid,Valid,Valid,Valid,Valid,Pass
BUD-202501-BR02-D02-6700,BR02,D02,6700,1200,Original Budget,Fixed profile; branch scale 0.58,2025-01,Valid,Valid,Valid,Valid,Valid,Valid,Valid,Pass
BUD-202501-BR02-D02-6800,BR02,D02,6800,400,Original Budget,Variable profile; branch scale 0.58,2025-01,Valid,Valid,Valid,Valid,Valid,Valid,Valid,Pass
BUD-202501-BR02-D02-7100,BR02,D02,7100,500,Original Budget,Variable profile; branch scale 0.58,2025-01,Valid,Valid,Valid,Valid,Valid,Valid,Valid,Pass
BUD-202501-BR02-D02-7200,BR02,D02,7200,1100,Original Budget,Variable profile; branch scale 0.58,2025-01,Valid,Valid,Valid,Valid,Valid,Valid,Valid,Pass
BUD-202501-BR02-D03-6000,BR02,D03,6000,8100,Original Budget,Fixed profile; branch scale 0.58,2025-01,Valid,Valid,Valid,Valid,Valid,Valid,Valid,Pass
BUD-202501-BR02-D03-6100,BR02,D03,6100,1400,Original Budget,Fixed profile; branch scale 0.58,2025-01,Valid,Valid,Valid,Valid,Valid,Valid,Valid,Pass
BUD-202501-BR02-D03-6200,BR02,D03,6200,8700,Original Budget,Fixed profile; branch scale 0.58,2025-01,Valid,Valid,Valid,Valid,Valid,Valid,Valid,Pass
BUD-202501-BR02-D03-6300,BR02,D03,6300,2600,Original Budget,Fixed profile; branch scale 0.58,2025-01,Valid,Valid,Valid,Valid,Valid,Valid,Valid,Pass
BUD-202501-BR02-D03-6600,BR02,D03,6600,1400,Original Budget,Variable profile; branch scale 0.58,2025-01,Valid,Valid,Valid,Valid,Valid,Valid,Valid,Pass
BUD-202501-BR02-D03-6700,BR02,D03,6700,900,Original Budget,Fixed profile; branch scale 0.58,2025-01,Valid,Valid,Valid,Valid,Valid,Valid,Valid,Pass
BUD-202501-BR02-D03-6800,BR02,D03,6800,1000,Original Budget,Variable profile; branch scale 0.58,2025-01,Valid,Valid,Valid,Valid,Valid,Valid,Valid,Pass
BUD-202501-BR02-D03-6900,BR02,D03,6900,1700,Original Budget,Fixed profile; branch scale 0.58,2025-01,Valid,Valid,Valid,Valid,Valid,Valid,Valid,Pass
BUD-202501-BR02-D03-7000,BR02,D03,7000,1300,Original Budget,Fixed profile; branch scale 0.58,2025-01,Valid,Valid,Valid,Valid,Valid,Valid,Valid,Pass
BUD-202501-BR02-D03-7100,BR02,D03,7100,300,Original Budget,Variable profile; branch scale 0.58,2025-01,Valid,Valid,Valid,Valid,Valid,Valid,Valid,Pass
BUD-202501-BR02-D03-7200,BR02,D03,7200,400,Original Budget,Variable profile; branch scale 0.58,2025-01,Valid,Valid,Valid,Valid,Valid,Valid,Valid,Pass
BUD-202501-BR02-D03-7300,BR02,D03,7300,300,Original Budget,Fixed profile; branch scale 0.58,2025-01,Valid,Valid,Valid,Valid,Valid,Valid,Valid,Pass
BUD-202501-BR02-D03-7400,BR02,D03,7400,4100,Original Budget,Fixed profile; branch scale 0.58,2025-01,Valid,Valid,Valid,Valid,Valid,Valid,Valid,Pass
BUD-202501-BR02-D03-7500,BR02,D03,7500,500,Original Budget,Variable profile; branch scale 0.58,2025-01,Valid,Valid,Valid,Valid,Valid,Valid,Valid,Pass
BUD-202501-BR02-D04-6000,BR02,D04,6000,9300,Original Budget,Fixed profile; branch scale 0.58,2025-01,Valid,Valid,Valid,Valid,Valid,Valid,Valid,Pass
BUD-202501-BR02-D04-6100,BR02,D04,6100,1700,Original Budget,Fixed profile; branch scale 0.58,2025-01,Valid,Valid,Valid,Valid,Valid,Valid,Valid,Pass
BUD-202501-BR02-D04-6700,BR02,D04,6700,1000,Original Budget,Fixed profile; branch scale 0.58,2025-01,Valid,Valid,Valid,Valid,Valid,Valid,Valid,Pass
BUD-202501-BR02-D04-6800,BR02,D04,6800,300,Original Budget,Variable profile; branch scale 0.58,2025-01,Valid,Valid,Valid,Valid,Valid,Valid,Valid,Pass
BUD-202501-BR02-D04-6900,BR02,D04,6900,1200,Original Budget,Fixed profile; branch scale 0.58,2025-01,Valid,Valid,Valid,Valid,Valid,Valid,Valid,Pass
BUD-202501-BR02-D04-7000,BR02,D04,7000,500,Original Budget,Fixed profile; branch scale 0.58,2025-01,Valid,Valid,Valid,Valid,Valid,Valid,Valid,Pass
BUD-202501-BR02-D04-7100,BR02,D04,7100,700,Original Budget,Variable profile; branch scale 0.58,2025-01,Valid,Valid,Valid,Valid,Valid,Valid,Valid,Pass
BUD-202501-BR02-D04-7200,BR02,D04,7200,400,Original Budget,Variable profile; branch scale 0.58,2025-01,Valid,Valid,Valid,Valid,Valid,Valid,Valid,Pass
BUD-202501-BR02-D04-7300,BR02,D04,7300,200,Original Budget,Fixed profile; branch scale 0.58,2025-01,Valid,Valid,Valid,Valid,Valid,Valid,Valid,Pass
BUD-202501-BR02-D04-7500,BR02,D04,7500,400,Original Budget,Variable profile; branch scale 0.58,2025-01,Valid,Valid,Valid,Valid,Valid,Valid,Valid,Pass
BUD-202501-BR03-D01-4000,BR03,D01,4000,253400,Original Budget,Revenue profile; branch scale 0.72,2025-01,Valid,Valid,Valid,Valid,Valid,Valid,Valid,Pass
BUD-202501-BR03-D01-4100,BR03,D01,4100,76000,Original Budget,Revenue profile; branch scale 0.72,2025-01,Valid,Valid,Valid,Valid,Valid,Valid,Valid,Pass
BUD-202501-BR03-D01-4200,BR03,D01,4200,5100,Original Budget,Revenue profile; branch scale 0.72,2025-01,Valid,Valid,Valid,Valid,Valid,Valid,Valid,Pass
BUD-202501-BR03-D01-5000,BR03,D01,5000,152100,Original Budget,Revenue profile; branch scale 0.72,2025-01,Valid,Valid,Valid,Valid,Valid,Valid,Valid,Pass
BUD-202501-BR03-D01-6000,BR03,D01,6000,14400,Original Budget,Fixed profile; branch scale 0.72,2025-01,Valid,Valid,Valid,Valid,Valid,Valid,Valid,Pass
BUD-202501-BR03-D01-6100,BR03,D01,6100,2600,Original Budget,Fixed profile; branch scale 0.72,2025-01,Valid,Valid,Valid,Valid,Valid,Valid,Valid,Pass
BUD-202501-BR03-D01-6400,BR03,D01,6400,5400,Original Budget,Variable profile; branch scale 0.72,2025-01,Valid,Valid,Valid,Valid,Valid,Valid,Valid,Pass
BUD-202501-BR03-D01-6500,BR03,D01,6500,3400,Original Budget,Variable profile; branch scale 0.72,2025-01,Valid,Valid,Valid,Valid,Valid,Valid,Valid,Pass
BUD-202501-BR03-D01-6700,BR03,D01,6700,1100,Original Budget,Fixed profile; branch scale 0.72,2025-01,Valid,Valid,Valid,Valid,Valid,Valid,Valid,Pass
BUD-202501-BR03-D01-6800,BR03,D01,6800,500,Original Budget,Variable profile; branch scale 0.72,2025-01,Valid,Valid,Valid,Valid,Valid,Valid,Valid,Pass
BUD-202501-BR03-D01-7100,BR03,D01,7100,500,Original Budget,Variable profile; branch scale 0.72,2025-01,Valid,Valid,Valid,Valid,Valid,Valid,Valid,Pass
BUD-202501-BR03-D01-7200,BR03,D01,7200,1700,Original Budget,Variable profile; branch scale 0.72,2025-01,Valid,Valid,Valid,Valid,Valid,Valid,Valid,Pass
BUD-202501-BR03-D02-5100,BR03,D02,5100,30400,Original Budget,Revenue profile; branch scale 0.72,2025-01,Valid,Valid,Valid,Valid,Valid,Valid,Valid,Pass
BUD-202501-BR03-D02-6000,BR03,D02,6000,20200,Original Budget,Fixed profile; branch scale 0.72,2025-01,Valid,Valid,Valid,Valid,Valid,Valid,Valid,Pass
BUD-202501-BR03-D02-6100,BR03,D02,6100,3600,Original Budget,Fixed profile; branch scale 0.72,2025-01,Valid,Valid,Valid,Valid,Valid,Valid,Valid,Pass
BUD-202501-BR03-D02-6500,BR03,D02,6500,4700,Original Budget,Variable profile; branch scale 0.72,2025-01,Valid,Valid,Valid,Valid,Valid,Valid,Valid,Pass
BUD-202501-BR03-D02-6600,BR03,D02,6600,4100,Original Budget,Variable profile; branch scale 0.72,2025-01,Valid,Valid,Valid,Valid,Valid,Valid,Valid,Pass
BUD-202501-BR03-D02-6700,BR03,D02,6700,1400,Original Budget,Fixed profile; branch scale 0.72,2025-01,Valid,Valid,Valid,Valid,Valid,Valid,Valid,Pass
BUD-202501-BR03-D02-6800,BR03,D02,6800,500,Original Budget,Variable profile; branch scale 0.72,2025-01,Valid,Valid,Valid,Valid,Valid,Valid,Valid,Pass
BUD-202501-BR03-D02-7100,BR03,D02,7100,700,Original Budget,Variable profile; branch scale 0.72,2025-01,Valid,Valid,Valid,Valid,Valid,Valid,Valid,Pass
BUD-202501-BR03-D02-7200,BR03,D02,7200,1400,Original Budget,Variable profile; branch scale 0.72,2025-01,Valid,Valid,Valid,Valid,Valid,Valid,Valid,Pass
BUD-202501-BR03-D03-6000,BR03,D03,6000,10100,Original Budget,Fixed profile; branch scale 0.72,2025-01,Valid,Valid,Valid,Valid,Valid,Valid,Valid,Pass
BUD-202501-BR03-D03-6100,BR03,D03,6100,1800,Original Budget,Fixed profile; branch scale 0.72,2025-01,Valid,Valid,Valid,Valid,Valid,Valid,Valid,Pass
BUD-202501-BR03-D03-6200,BR03,D03,6200,10800,Original Budget,Fixed profile; branch scale 0.72,2025-01,Valid,Valid,Valid,Valid,Valid,Valid,Valid,Pass
BUD-202501-BR03-D03-6300,BR03,D03,6300,3200,Original Budget,Fixed profile; branch scale 0.72,2025-01,Valid,Valid,Valid,Valid,Valid,Valid,Valid,Pass
BUD-202501-BR03-D03-6600,BR03,D03,6600,1700,Original Budget,Variable profile; branch scale 0.72,2025-01,Valid,Valid,Valid,Valid,Valid,Valid,Valid,Pass
BUD-202501-BR03-D03-6700,BR03,D03,6700,1100,Original Budget,Fixed profile; branch scale 0.72,2025-01,Valid,Valid,Valid,Valid,Valid,Valid,Valid,Pass
BUD-202501-BR03-D03-6800,BR03,D03,6800,1200,Original Budget,Variable profile; branch scale 0.72,2025-01,Valid,Valid,Valid,Valid,Valid,Valid,Valid,Pass
BUD-202501-BR03-D03-6900,BR03,D03,6900,2200,Original Budget,Fixed profile; branch scale 0.72,2025-01,Valid,Valid,Valid,Valid,Valid,Valid,Valid,Pass
BUD-202501-BR03-D03-7000,BR03,D03,7000,1600,Original Budget,Fixed profile; branch scale 0.72,2025-01,Valid,Valid,Valid,Valid,Valid,Valid,Valid,Pass
BUD-202501-BR03-D03-7100,BR03,D03,7100,300,Original Budget,Variable profile; branch scale 0.72,2025-01,Valid,Valid,Valid,Valid,Valid,Valid,Valid,Pass
BUD-202501-BR03-D03-7200,BR03,D03,7200,500,Original Budget,Variable profile; branch scale 0.72,2025-01,Valid,Valid,Valid,Valid,Valid,Valid,Valid,Pass
BUD-202501-BR03-D03-7300,BR03,D03,7300,400,Original Budget,Fixed profile; branch scale 0.72,2025-01,Valid,Valid,Valid,Valid,Valid,Valid,Valid,Pass
BUD-202501-BR03-D03-7400,BR03,D03,7400,5000,Original Budget,Fixed profile; branch scale 0.72,2025-01,Valid,Valid,Valid,Valid,Valid,Valid,Valid,Pass
BUD-202501-BR03-D03-7500,BR03,D03,7500,700,Original Budget,Variable profile; branch scale 0.72,2025-01,Valid,Valid,Valid,Valid,Valid,Valid,Valid,Pass
BUD-202501-BR03-D04-6000,BR03,D04,6000,11500,Original Budget,Fixed profile; branch scale 0.72,2025-01,Valid,Valid,Valid,Valid,Valid,Valid,Valid,Pass
BUD-202501-BR03-D04-6100,BR03,D04,6100,2100,Original Budget,Fixed profile; branch scale 0.72,2025-01,Valid,Valid,Valid,Valid,Valid,Valid,Valid,Pass
BUD-202501-BR03-D04-6700,BR03,D04,6700,1300,Original Budget,Fixed profile; branch scale 0.72,2025-01,Valid,Valid,Valid,Valid,Valid,Valid,Valid,Pass
BUD-202501-BR03-D04-6800,BR03,D04,6800,400,Original Budget,Variable profile; branch scale 0.72,2025-01,Valid,Valid,Valid,Valid,Valid,Valid,Valid,Pass
BUD-202501-BR03-D04-6900,BR03,D04,6900,1400,Original Budget,Fixed profile; branch scale 0.72,2025-01,Valid,Valid,Valid,Valid,Valid,Valid,Valid,Pass
BUD-202501-BR03-D04-7000,BR03,D04,7000,600,Original Budget,Fixed profile; branch scale 0.72,2025-01,Valid,Valid,Valid,Valid,Valid,Valid,Valid,Pass
BUD-202501-BR03-D04-7100,BR03,D04,7100,800,Original Budget,Variable profile; branch scale 0.72,2025-01,Valid,Valid,Valid,Valid,Valid,Valid,Valid,Pass
BUD-202501-BR03-D04-7200,BR03,D04,7200,500,Original Budget,Variable profile; branch scale 0.72,2025-01,Valid,Valid,Valid,Valid,Valid,Valid,Valid,Pass
BUD-202501-BR03-D04-7300,BR03,D04,7300,300,Original Budget,Fixed profile; branch scale 0.72,2025-01,Valid,Valid,Valid,Valid,Valid,Valid,Valid,Pass
BUD-202501-BR03-D04-7500,BR03,D04,7500,500,Original Budget,Variable profile; branch scale 0.72,2025-01,Valid,Valid,Valid,Valid,Valid,Valid,Valid,Pass
BUD-202501-BR04-D01-4000,BR04,D01,4000,274600,Original Budget,Revenue profile; branch scale 0.78,2025-01,Valid,Valid,Valid,Valid,Valid,Valid,Valid,Pass
BUD-202501-BR04-D01-4100,BR04,D01,4100,82400,Original Budget,Revenue profile; branch scale 0.78,2025-01,Valid,Valid,Valid,Valid,Valid,Valid,Valid,Pass
BUD-202501-BR04-D01-4200,BR04,D01,4200,5500,Original Budget,Revenue profile; branch scale 0.78,2025-01,Valid,Valid,Valid,Valid,Valid,Valid,Valid,Pass
BUD-202501-BR04-D01-5000,BR04,D01,5000,164700,Original Budget,Revenue profile; branch scale 0.78,2025-01,Valid,Valid,Valid,Valid,Valid,Valid,Valid,Pass
BUD-202501-BR04-D01-6000,BR04,D01,6000,15600,Original Budget,Fixed profile; branch scale 0.78,2025-01,Valid,Valid,Valid,Valid,Valid,Valid,Valid,Pass
BUD-202501-BR04-D01-6100,BR04,D01,6100,2800,Original Budget,Fixed profile; branch scale 0.78,2025-01,Valid,Valid,Valid,Valid,Valid,Valid,Valid,Pass
BUD-202501-BR04-D01-6400,BR04,D01,6400,5900,Original Budget,Variable profile; branch scale 0.78,2025-01,Valid,Valid,Valid,Valid,Valid,Valid,Valid,Pass
BUD-202501-BR04-D01-6500,BR04,D01,6500,3700,Original Budget,Variable profile; branch scale 0.78,2025-01,Valid,Valid,Valid,Valid,Valid,Valid,Valid,Pass
BUD-202501-BR04-D01-6700,BR04,D01,6700,1200,Original Budget,Fixed profile; branch scale 0.78,2025-01,Valid,Valid,Valid,Valid,Valid,Valid,Valid,Pass
BUD-202501-BR04-D01-6800,BR04,D01,6800,600,Original Budget,Variable profile; branch scale 0.78,2025-01,Valid,Valid,Valid,Valid,Valid,Valid,Valid,Pass
BUD-202501-BR04-D01-7100,BR04,D01,7100,600,Original Budget,Variable profile; branch scale 0.78,2025-01,Valid,Valid,Valid,Valid,Valid,Valid,Valid,Pass
BUD-202501-BR04-D01-7200,BR04,D01,7200,1800,Original Budget,Variable profile; branch scale 0.78,2025-01,Valid,Valid,Valid,Valid,Valid,Valid,Valid,Pass
BUD-202501-BR04-D02-5100,BR04,D02,5100,32900,Original Budget,Revenue profile; branch scale 0.78,2025-01,Valid,Valid,Valid,Valid,Valid,Valid,Valid,Pass
BUD-202501-BR04-D02-6000,BR04,D02,6000,21800,Original Budget,Fixed profile; branch scale 0.78,2025-01,Valid,Valid,Valid,Valid,Valid,Valid,Valid,Pass
BUD-202501-BR04-D02-6100,BR04,D02,6100,3900,Original Budget,Fixed profile; branch scale 0.78,2025-01,Valid,Valid,Valid,Valid,Valid,Valid,Valid,Pass
BUD-202501-BR04-D02-6500,BR04,D02,6500,5100,Original Budget,Variable profile; branch scale 0.78,2025-01,Valid,Valid,Valid,Valid,Valid,Valid,Valid,Pass
BUD-202501-BR04-D02-6600,BR04,D02,6600,4400,Original Budget,Variable profile; branch scale 0.78,2025-01,Valid,Valid,Valid,Valid,Valid,Valid,Valid,Pass
BUD-202501-BR04-D02-6700,BR04,D02,6700,1600,Original Budget,Fixed profile; branch scale 0.78,2025-01,Valid,Valid,Valid,Valid,Valid,Valid,Valid,Pass
BUD-202501-BR04-D02-6800,BR04,D02,6800,500,Original Budget,Variable profile; branch scale 0.78,2025-01,Valid,Valid,Valid,Valid,Valid,Valid,Valid,Pass
BUD-202501-BR04-D02-7100,BR04,D02,7100,700,Original Budget,Variable profile; branch scale 0.78,2025-01,Valid,Valid,Valid,Valid,Valid,Valid,Valid,Pass
BUD-202501-BR04-D02-7200,BR04,D02,7200,1500,Original Budget,Variable profile; branch scale 0.78,2025-01,Valid,Valid,Valid,Valid,Valid,Valid,Valid,Pass
BUD-202501-BR04-D03-6000,BR04,D03,6000,10900,Original Budget,Fixed profile; branch scale 0.78,2025-01,Valid,Valid,Valid,Valid,Valid,Valid,Valid,Pass
BUD-202501-BR04-D03-6100,BR04,D03,6100,2000,Original Budget,Fixed profile; branch scale 0.78,2025-01,Valid,Valid,Valid,Valid,Valid,Valid,Valid,Pass
BUD-202501-BR04-D03-6200,BR04,D03,6200,11700,Original Budget,Fixed profile; branch scale 0.78,2025-01,Valid,Valid,Valid,Valid,Valid,Valid,Valid,Pass
BUD-202501-BR04-D03-6300,BR04,D03,6300,3500,Original Budget,Fixed profile; branch scale 0.78,2025-01,Valid,Valid,Valid,Valid,Valid,Valid,Valid,Pass
BUD-202501-BR04-D03-6600,BR04,D03,6600,1800,Original Budget,Variable profile; branch scale 0.78,2025-01,Valid,Valid,Valid,Valid,Valid,Valid,Valid,Pass
BUD-202501-BR04-D03-6700,BR04,D03,6700,1200,Original Budget,Fixed profile; branch scale 0.78,2025-01,Valid,Valid,Valid,Valid,Valid,Valid,Valid,Pass
BUD-202501-BR04-D03-6800,BR04,D03,6800,1300,Original Budget,Variable profile; branch scale 0.78,2025-01,Valid,Valid,Valid,Valid,Valid,Valid,Valid,Pass
BUD-202501-BR04-D03-6900,BR04,D03,6900,2300,Original Budget,Fixed profile; branch scale 0.78,2025-01,Valid,Valid,Valid,Valid,Valid,Valid,Valid,Pass
BUD-202501-BR04-D03-7000,BR04,D03,7000,1700,Original Budget,Fixed profile; branch scale 0.78,2025-01,Valid,Valid,Valid,Valid,Valid,Valid,Valid,Pass
BUD-202501-BR04-D03-7100,BR04,D03,7100,400,Original Budget,Variable profile; branch scale 0.78,2025-01,Valid,Valid,Valid,Valid,Valid,Valid,Valid,Pass
BUD-202501-BR04-D03-7200,BR04,D03,7200,500,Original Budget,Variable profile; branch scale 0.78,2025-01,Valid,Valid,Valid,Valid,Valid,Valid,Valid,Pass
BUD-202501-BR04-D03-7300,BR04,D03,7300,500,Original Budget,Fixed profile; branch scale 0.78,2025-01,Valid,Valid,Valid,Valid,Valid,Valid,Valid,Pass
BUD-202501-BR04-D03-7400,BR04,D03,7400,5500,Original Budget,Fixed profile; branch scale 0.78,2025-01,Valid,Valid,Valid,Valid,Valid,Valid,Valid,Pass
BUD-202501-BR04-D03-7500,BR04,D03,7500,700,Original Budget,Variable profile; branch scale 0.78,2025-01,Valid,Valid,Valid,Valid,Valid,Valid,Valid,Pass
BUD-202501-BR04-D04-6000,BR04,D04,6000,12500,Original Budget,Fixed profile; branch scale 0.78,2025-01,Valid,Valid,Valid,Valid,Valid,Valid,Valid,Pass
BUD-202501-BR04-D04-6100,BR04,D04,6100,2300,Original Budget,Fixed profile; branch scale 0.78,2025-01,Valid,Valid,Valid,Valid,Valid,Valid,Valid,Pass
BUD-202501-BR04-D04-6700,BR04,D04,6700,1400,Original Budget,Fixed profile; branch scale 0.78,2025-01,Valid,Valid,Valid,Valid,Valid,Valid,Valid,Pass
BUD-202501-BR04-D04-6800,BR04,D04,6800,400,Original Budget,Variable profile; branch scale 0.78,2025-01,Valid,Valid,Valid,Valid,Valid,Valid,Valid,Pass
BUD-202501-BR04-D04-6900,BR04,D04,6900,1600,Original Budget,Fixed profile; branch scale 0.78,2025-01,Valid,Valid,Valid,Valid,Valid,Valid,Valid,Pass
BUD-202501-BR04-D04-7000,BR04,D04,7000,600,Original Budget,Fixed profile; branch scale 0.78,2025-01,Valid,Valid,Valid,Valid,Valid,Valid,Valid,Pass
BUD-202501-BR04-D04-7100,BR04,D04,7100,900,Original Budget,Variable profile; branch scale 0.78,2025-01,Valid,Valid,Valid,Valid,Valid,Valid,Valid,Pass
BUD-202501-BR04-D04-7200,BR04,D04,7200,600,Original Budget,Variable profile; branch scale 0.78,2025-01,Valid,Valid,Valid,Valid,Valid,Valid,Valid,Pass
BUD-202501-BR04-D04-7300,BR04,D04,7300,300,Original Budget,Fixed profile; branch scale 0.78,2025-01,Valid,Valid,Valid,Valid,Valid,Valid,Valid,Pass
BUD-202501-BR04-D04-7500,BR04,D04,7500,500,Original Budget,Variable profile; branch scale 0.78,2025-01,Valid,Valid,Valid,Valid,Valid,Valid,Valid,Pass
BUD-202502-BR01-D01-4000,BR01,D01,4000,336000,Original Budget,Revenue profile; branch scale 1.00,2025-02,Valid,Valid,Valid,Valid,Valid,Valid,Valid,Pass
BUD-202502-BR01-D01-4100,BR01,D01,4100,100800,Original Budget,Revenue profile; branch scale 1.00,2025-02,Valid,Valid,Valid,Valid,Valid,Valid,Valid,Pass
BUD-202502-BR01-D01-4200,BR01,D01,4200,6700,Original Budget,Revenue profile; branch scale 1.00,2025-02,Valid,Valid,Valid,Valid,Valid,Valid,Valid,Pass
BUD-202502-BR01-D01-5000,BR01,D01,5000,201600,Original Budget,Revenue profile; branch scale 1.00,2025-02,Valid,Valid,Valid,Valid,Valid,Valid,Valid,Pass
BUD-202502-BR01-D01-6000,BR01,D01,6000,20000,Original Budget,Fixed profile; branch scale 1.00,2025-02,Valid,Valid,Valid,Valid,Valid,Valid,Valid,Pass
BUD-202502-BR01-D01-6100,BR01,D01,6100,3600,Original Budget,Fixed profile; branch scale 1.00,2025-02,Valid,Valid,Valid,Valid,Valid,Valid,Valid,Pass
BUD-202502-BR01-D01-6400,BR01,D01,6400,7200,Original Budget,Variable profile; branch scale 1.00,2025-02,Valid,Valid,Valid,Valid,Valid,Valid,Valid,Pass
BUD-202502-BR01-D01-6500,BR01,D01,6500,4500,Original Budget,Variable profile; branch scale 1.00,2025-02,Valid,Valid,Valid,Valid,Valid,Valid,Valid,Pass
BUD-202502-BR01-D01-6700,BR01,D01,6700,1500,Original Budget,Fixed profile; branch scale 1.00,2025-02,Valid,Valid,Valid,Valid,Valid,Valid,Valid,Pass
BUD-202502-BR01-D01-6800,BR01,D01,6800,700,Original Budget,Variable profile; branch scale 1.00,2025-02,Valid,Valid,Valid,Valid,Valid,Valid,Valid,Pass
BUD-202502-BR01-D01-7100,BR01,D01,7100,700,Original Budget,Variable profile; branch scale 1.00,2025-02,Valid,Valid,Valid,Valid,Valid,Valid,Valid,Pass
BUD-202502-BR01-D01-7200,BR01,D01,7200,2200,Original Budget,Variable profile; branch scale 1.00,2025-02,Valid,Valid,Valid,Valid,Valid,Valid,Valid,Pass
BUD-202502-BR01-D02-5100,BR01,D02,5100,40300,Original Budget,Revenue profile; branch scale 1.00,2025-02,Valid,Valid,Valid,Valid,Valid,Valid,Valid,Pass
BUD-202502-BR01-D02-6000,BR01,D02,6000,28000,Original Budget,Fixed profile; branch scale 1.00,2025-02,Valid,Valid,Valid,Valid,Valid,Valid,Valid,Pass
BUD-202502-BR01-D02-6100,BR01,D02,6100,5000,Original Budget,Fixed profile; branch scale 1.00,2025-02,Valid,Valid,Valid,Valid,Valid,Valid,Valid,Pass
BUD-202502-BR01-D02-6500,BR01,D02,6500,6300,Original Budget,Variable profile; branch scale 1.00,2025-02,Valid,Valid,Valid,Valid,Valid,Valid,Valid,Pass
BUD-202502-BR01-D02-6600,BR01,D02,6600,5400,Original Budget,Variable profile; branch scale 1.00,2025-02,Valid,Valid,Valid,Valid,Valid,Valid,Valid,Pass
BUD-202502-BR01-D02-6700,BR01,D02,6700,2000,Original Budget,Fixed profile; branch scale 1.00,2025-02,Valid,Valid,Valid,Valid,Valid,Valid,Valid,Pass
BUD-202502-BR01-D02-6800,BR01,D02,6800,600,Original Budget,Variable profile; branch scale 1.00,2025-02,Valid,Valid,Valid,Valid,Valid,Valid,Valid,Pass
BUD-202502-BR01-D02-7100,BR01,D02,7100,900,Original Budget,Variable profile; branch scale 1.00,2025-02,Valid,Valid,Valid,Valid,Valid,Valid,Valid,Pass
BUD-202502-BR01-D02-7200,BR01,D02,7200,1800,Original Budget,Variable profile; branch scale 1.00,2025-02,Valid,Valid,Valid,Valid,Valid,Valid,Valid,Pass
BUD-202502-BR01-D03-6000,BR01,D03,6000,14000,Original Budget,Fixed profile; branch scale 1.00,2025-02,Valid,Valid,Valid,Valid,Valid,Valid,Valid,Pass
BUD-202502-BR01-D03-6100,BR01,D03,6100,2500,Original Budget,Fixed profile; branch scale 1.00,2025-02,Valid,Valid,Valid,Valid,Valid,Valid,Valid,Pass
BUD-202502-BR01-D03-6200,BR01,D03,6200,15000,Original Budget,Fixed profile; branch scale 1.00,2025-02,Valid,Valid,Valid,Valid,Valid,Valid,Valid,Pass
BUD-202502-BR01-D03-6300,BR01,D03,6300,4500,Original Budget,Fixed profile; branch scale 1.00,2025-02,Valid,Valid,Valid,Valid,Valid,Valid,Valid,Pass
BUD-202502-BR01-D03-6600,BR01,D03,6600,2200,Original Budget,Variable profile; branch scale 1.00,2025-02,Valid,Valid,Valid,Valid,Valid,Valid,Valid,Pass
BUD-202502-BR01-D03-6700,BR01,D03,6700,1500,Original Budget,Fixed profile; branch scale 1.00,2025-02,Valid,Valid,Valid,Valid,Valid,Valid,Valid,Pass
BUD-202502-BR01-D03-6800,BR01,D03,6800,1600,Original Budget,Variable profile; branch scale 1.00,2025-02,Valid,Valid,Valid,Valid,Valid,Valid,Valid,Pass
BUD-202502-BR01-D03-6900,BR01,D03,6900,3000,Original Budget,Fixed profile; branch scale 1.00,2025-02,Valid,Valid,Valid,Valid,Valid,Valid,Valid,Pass
BUD-202502-BR01-D03-7000,BR01,D03,7000,2200,Original Budget,Fixed profile; branch scale 1.00,2025-02,Valid,Valid,Valid,Valid,Valid,Valid,Valid,Pass
BUD-202502-BR01-D03-7100,BR01,D03,7100,400,Original Budget,Variable profile; branch scale 1.00,2025-02,Valid,Valid,Valid,Valid,Valid,Valid,Valid,Pass
BUD-202502-BR01-D03-7200,BR01,D03,7200,600,Original Budget,Variable profile; branch scale 1.00,2025-02,Valid,Valid,Valid,Valid,Valid,Valid,Valid,Pass
BUD-202502-BR01-D03-7300,BR01,D03,7300,600,Original Budget,Fixed profile; branch scale 1.00,2025-02,Valid,Valid,Valid,Valid,Valid,Valid,Valid,Pass
BUD-202502-BR01-D03-7400,BR01,D03,7400,7000,Original Budget,Fixed profile; branch scale 1.00,2025-02,Valid,Valid,Valid,Valid,Valid,Valid,Valid,Pass
BUD-202502-BR01-D03-7500,BR01,D03,7500,900,Original Budget,Variable profile; branch scale 1.00,2025-02,Valid,Valid,Valid,Valid,Valid,Valid,Valid,Pass
BUD-202502-BR01-D04-6000,BR01,D04,6000,16000,Original Budget,Fixed profile; branch scale 1.00,2025-02,Valid,Valid,Valid,Valid,Valid,Valid,Valid,Pass
BUD-202502-BR01-D04-6100,BR01,D04,6100,2900,Original Budget,Fixed profile; branch scale 1.00,2025-02,Valid,Valid,Valid,Valid,Valid,Valid,Valid,Pass
BUD-202502-BR01-D04-6700,BR01,D04,6700,1800,Original Budget,Fixed profile; branch scale 1.00,2025-02,Valid,Valid,Valid,Valid,Valid,Valid,Valid,Pass
BUD-202502-BR01-D04-6800,BR01,D04,6800,500,Original Budget,Variable profile; branch scale 1.00,2025-02,Valid,Valid,Valid,Valid,Valid,Valid,Valid,Pass
BUD-202502-BR01-D04-6900,BR01,D04,6900,2000,Original Budget,Fixed profile; branch scale 1.00,2025-02,Valid,Valid,Valid,Valid,Valid,Valid,Valid,Pass
BUD-202502-BR01-D04-7000,BR01,D04,7000,800,Original Budget,Fixed profile; branch scale 1.00,2025-02,Valid,Valid,Valid,Valid,Valid,Valid,Valid,Pass
BUD-202502-BR01-D04-7100,BR01,D04,7100,1100,Original Budget,Variable profile; branch scale 1.00,2025-02,Valid,Valid,Valid,Valid,Valid,Valid,Valid,Pass
BUD-202502-BR01-D04-7200,BR01,D04,7200,700,Original Budget,Variable profile; branch scale 1.00,2025-02,Valid,Valid,Valid,Valid,Valid,Valid,Valid,Pass
BUD-202502-BR01-D04-7300,BR01,D04,7300,400,Original Budget,Fixed profile; branch scale 1.00,2025-02,Valid,Valid,Valid,Valid,Valid,Valid,Valid,Pass
BUD-202502-BR01-D04-7500,BR01,D04,7500,600,Original Budget,Variable profile; branch scale 1.00,2025-02,Valid,Valid,Valid,Valid,Valid,Valid,Valid,Pass
BUD-202502-BR02-D01-4000,BR02,D01,4000,194900,Original Budget,Revenue profile; branch scale 0.58,2025-02,Valid,Valid,Valid,Valid,Valid,Valid,Valid,Pass
BUD-202502-BR02-D01-4100,BR02,D01,4100,58500,Original Budget,Revenue profile; branch scale 0.58,2025-02,Valid,Valid,Valid,Valid,Valid,Valid,Valid,Pass
BUD-202502-BR02-D01-4200,BR02,D01,4200,3900,Original Budget,Revenue profile; branch scale 0.58,2025-02,Valid,Valid,Valid,Valid,Valid,Valid,Valid,Pass
BUD-202502-BR02-D01-5000,BR02,D01,5000,116900,Original Budget,Revenue profile; branch scale 0.58,2025-02,Valid,Valid,Valid,Valid,Valid,Valid,Valid,Pass
BUD-202502-BR02-D01-6000,BR02,D01,6000,11600,Original Budget,Fixed profile; branch scale 0.58,2025-02,Valid,Valid,Valid,Valid,Valid,Valid,Valid,Pass
BUD-202502-BR02-D01-6100,BR02,D01,6100,2100,Original Budget,Fixed profile; branch scale 0.58,2025-02,Valid,Valid,Valid,Valid,Valid,Valid,Valid,Pass
BUD-202502-BR02-D01-6400,BR02,D01,6400,4200,Original Budget,Variable profile; branch scale 0.58,2025-02,Valid,Valid,Valid,Valid,Valid,Valid,Valid,Pass
BUD-202502-BR02-D01-6500,BR02,D01,6500,2600,Original Budget,Variable profile; branch scale 0.58,2025-02,Valid,Valid,Valid,Valid,Valid,Valid,Valid,Pass
BUD-202502-BR02-D01-6700,BR02,D01,6700,900,Original Budget,Fixed profile; branch scale 0.58,2025-02,Valid,Valid,Valid,Valid,Valid,Valid,Valid,Pass
BUD-202502-BR02-D01-6800,BR02,D01,6800,400,Original Budget,Variable profile; branch scale 0.58,2025-02,Valid,Valid,Valid,Valid,Valid,Valid,Valid,Pass
BUD-202502-BR02-D01-7100,BR02,D01,7100,400,Original Budget,Variable profile; branch scale 0.58,2025-02,Valid,Valid,Valid,Valid,Valid,Valid,Valid,Pass
BUD-202502-BR02-D01-7200,BR02,D01,7200,1300,Original Budget,Variable profile; branch scale 0.58,2025-02,Valid,Valid,Valid,Valid,Valid,Valid,Valid,Pass
BUD-202502-BR02-D02-5100,BR02,D02,5100,23400,Original Budget,Revenue profile; branch scale 0.58,2025-02,Valid,Valid,Valid,Valid,Valid,Valid,Valid,Pass
BUD-202502-BR02-D02-6000,BR02,D02,6000,16200,Original Budget,Fixed profile; branch scale 0.58,2025-02,Valid,Valid,Valid,Valid,Valid,Valid,Valid,Pass
BUD-202502-BR02-D02-6100,BR02,D02,6100,2900,Original Budget,Fixed profile; branch scale 0.58,2025-02,Valid,Valid,Valid,Valid,Valid,Valid,Valid,Pass
BUD-202502-BR02-D02-6500,BR02,D02,6500,3700,Original Budget,Variable profile; branch scale 0.58,2025-02,Valid,Valid,Valid,Valid,Valid,Valid,Valid,Pass
BUD-202502-BR02-D02-6600,BR02,D02,6600,3100,Original Budget,Variable profile; branch scale 0.58,2025-02,Valid,Valid,Valid,Valid,Valid,Valid,Valid,Pass
BUD-202502-BR02-D02-6700,BR02,D02,6700,1200,Original Budget,Fixed profile; branch scale 0.58,2025-02,Valid,Valid,Valid,Valid,Valid,Valid,Valid,Pass
BUD-202502-BR02-D02-6800,BR02,D02,6800,400,Original Budget,Variable profile; branch scale 0.58,2025-02,Valid,Valid,Valid,Valid,Valid,Valid,Valid,Pass
BUD-202502-BR02-D02-7100,BR02,D02,7100,500,Original Budget,Variable profile; branch scale 0.58,2025-02,Valid,Valid,Valid,Valid,Valid,Valid,Valid,Pass
BUD-202502-BR02-D02-7200,BR02,D02,7200,1000,Original Budget,Variable profile; branch scale 0.58,2025-02,Valid,Valid,Valid,Valid,Valid,Valid,Valid,Pass
BUD-202502-BR02-D03-6000,BR02,D03,6000,8100,Original Budget,Fixed profile; branch scale 0.58,2025-02,Valid,Valid,Valid,Valid,Valid,Valid,Valid,Pass
BUD-202502-BR02-D03-6100,BR02,D03,6100,1400,Original Budget,Fixed profile; branch scale 0.58,2025-02,Valid,Valid,Valid,Valid,Valid,Valid,Valid,Pass
BUD-202502-BR02-D03-6200,BR02,D03,6200,8700,Original Budget,Fixed profile; branch scale 0.58,2025-02,Valid,Valid,Valid,Valid,Valid,Valid,Valid,Pass
BUD-202502-BR02-D03-6300,BR02,D03,6300,2600,Original Budget,Fixed profile; branch scale 0.58,2025-02,Valid,Valid,Valid,Valid,Valid,Valid,Valid,Pass
BUD-202502-BR02-D03-6600,BR02,D03,6600,1300,Original Budget,Variable profile; branch scale 0.58,2025-02,Valid,Valid,Valid,Valid,Valid,Valid,Valid,Pass
BUD-202502-BR02-D03-6700,BR02,D03,6700,900,Original Budget,Fixed profile; branch scale 0.58,2025-02,Valid,Valid,Valid,Valid,Valid,Valid,Valid,Pass
BUD-202502-BR02-D03-6800,BR02,D03,6800,900,Original Budget,Variable profile; branch scale 0.58,2025-02,Valid,Valid,Valid,Valid,Valid,Valid,Valid,Pass
BUD-202502-BR02-D03-6900,BR02,D03,6900,1700,Original Budget,Fixed profile; branch scale 0.58,2025-02,Valid,Valid,Valid,Valid,Valid,Valid,Valid,Pass
BUD-202502-BR02-D03-7000,BR02,D03,7000,1300,Original Budget,Fixed profile; branch scale 0.58,2025-02,Valid,Valid,Valid,Valid,Valid,Valid,Valid,Pass
BUD-202502-BR02-D03-7100,BR02,D03,7100,300,Original Budget,Variable profile; branch scale 0.58,2025-02,Valid,Valid,Valid,Valid,Valid,Valid,Valid,Pass
BUD-202502-BR02-D03-7200,BR02,D03,7200,400,Original Budget,Variable profile; branch scale 0.58,2025-02,Valid,Valid,Valid,Valid,Valid,Valid,Valid,Pass
BUD-202502-BR02-D03-7300,BR02,D03,7300,300,Original Budget,Fixed profile; branch scale 0.58,2025-02,Valid,Valid,Valid,Valid,Valid,Valid,Valid,Pass
BUD-202502-BR02-D03-7400,BR02,D03,7400,4100,Original Budget,Fixed profile; branch scale 0.58,2025-02,Valid,Valid,Valid,Valid,Valid,Valid,Valid,Pass
BUD-202502-BR02-D03-7500,BR02,D03,7500,500,Original Budget,Variable profile; branch scale 0.58,2025-02,Valid,Valid,Valid,Valid,Valid,Valid,Valid,Pass
BUD-202502-BR02-D04-6000,BR02,D04,6000,9300,Original Budget,Fixed profile; branch scale 0.58,2025-02,Valid,Valid,Valid,Valid,Valid,Valid,Valid,Pass
BUD-202502-BR02-D04-6100,BR02,D04,6100,1700,Original Budget,Fixed profile; branch scale 0.58,2025-02,Valid,Valid,Valid,Valid,Valid,Valid,Valid,Pass
BUD-202502-BR02-D04-6700,BR02,D04,6700,1000,Original Budget,Fixed profile; branch scale 0.58,2025-02,Valid,Valid,Valid,Valid,Valid,Valid,Valid,Pass
BUD-202502-BR02-D04-6800,BR02,D04,6800,300,Original Budget,Variable profile; branch scale 0.58,2025-02,Valid,Valid,Valid,Valid,Valid,Valid,Valid,Pass
BUD-202502-BR02-D04-6900,BR02,D04,6900,1200,Original Budget,Fixed profile; branch scale 0.58,2025-02,Valid,Valid,Valid,Valid,Valid,Valid,Valid,Pass
BUD-202502-BR02-D04-7000,BR02,D04,7000,500,Original Budget,Fixed profile; branch scale 0.58,2025-02,Valid,Valid,Valid,Valid,Valid,Valid,Valid,Pass
BUD-202502-BR02-D04-7100,BR02,D04,7100,600,Original Budget,Variable profile; branch scale 0.58,2025-02,Valid,Valid,Valid,Valid,Valid,Valid,Valid,Pass
BUD-202502-BR02-D04-7200,BR02,D04,7200,400,Original Budget,Variable profile; branch scale 0.58,2025-02,Valid,Valid,Valid,Valid,Valid,Valid,Valid,Pass
BUD-202502-BR02-D04-7300,BR02,D04,7300,200,Original Budget,Fixed profile; branch scale 0.58,2025-02,Valid,Valid,Valid,Valid,Valid,Valid,Valid,Pass
BUD-202502-BR02-D04-7500,BR02,D04,7500,400,Original Budget,Variable profile; branch scale 0.58,2025-02,Valid,Valid,Valid,Valid,Valid,Valid,Valid,Pass
BUD-202502-BR03-D01-4000,BR03,D01,4000,241900,Original Budget,Revenue profile; branch scale 0.72,2025-02,Valid,Valid,Valid,Valid,Valid,Valid,Valid,Pass
BUD-202502-BR03-D01-4100,BR03,D01,4100,72600,Original Budget,Revenue profile; branch scale 0.72,2025-02,Valid,Valid,Valid,Valid,Valid,Valid,Valid,Pass
BUD-202502-BR03-D01-4200,BR03,D01,4200,4800,Original Budget,Revenue profile; branch scale 0.72,2025-02,Valid,Valid,Valid,Valid,Valid,Valid,Valid,Pass
BUD-202502-BR03-D01-5000,BR03,D01,5000,145200,Original Budget,Revenue profile; branch scale 0.72,2025-02,Valid,Valid,Valid,Valid,Valid,Valid,Valid,Pass
BUD-202502-BR03-D01-6000,BR03,D01,6000,14400,Original Budget,Fixed profile; branch scale 0.72,2025-02,Valid,Valid,Valid,Valid,Valid,Valid,Valid,Pass
BUD-202502-BR03-D01-6100,BR03,D01,6100,2600,Original Budget,Fixed profile; branch scale 0.72,2025-02,Valid,Valid,Valid,Valid,Valid,Valid,Valid,Pass
BUD-202502-BR03-D01-6400,BR03,D01,6400,5200,Original Budget,Variable profile; branch scale 0.72,2025-02,Valid,Valid,Valid,Valid,Valid,Valid,Valid,Pass
BUD-202502-BR03-D01-6500,BR03,D01,6500,3200,Original Budget,Variable profile; branch scale 0.72,2025-02,Valid,Valid,Valid,Valid,Valid,Valid,Valid,Pass
BUD-202502-BR03-D01-6700,BR03,D01,6700,1100,Original Budget,Fixed profile; branch scale 0.72,2025-02,Valid,Valid,Valid,Valid,Valid,Valid,Valid,Pass
BUD-202502-BR03-D01-6800,BR03,D01,6800,500,Original Budget,Variable profile; branch scale 0.72,2025-02,Valid,Valid,Valid,Valid,Valid,Valid,Valid,Pass
BUD-202502-BR03-D01-7100,BR03,D01,7100,500,Original Budget,Variable profile; branch scale 0.72,2025-02,Valid,Valid,Valid,Valid,Valid,Valid,Valid,Pass
BUD-202502-BR03-D01-7200,BR03,D01,7200,1600,Original Budget,Variable profile; branch scale 0.72,2025-02,Valid,Valid,Valid,Valid,Valid,Valid,Valid,Pass
BUD-202502-BR03-D02-5100,BR03,D02,5100,29000,Original Budget,Revenue profile; branch scale 0.72,2025-02,Valid,Valid,Valid,Valid,Valid,Valid,Valid,Pass
BUD-202502-BR03-D02-6000,BR03,D02,6000,20200,Original Budget,Fixed profile; branch scale 0.72,2025-02,Valid,Valid,Valid,Valid,Valid,Valid,Valid,Pass
BUD-202502-BR03-D02-6100,BR03,D02,6100,3600,Original Budget,Fixed profile; branch scale 0.72,2025-02,Valid,Valid,Valid,Valid,Valid,Valid,Valid,Pass
BUD-202502-BR03-D02-6500,BR03,D02,6500,4500,Original Budget,Variable profile; branch scale 0.72,2025-02,Valid,Valid,Valid,Valid,Valid,Valid,Valid,Pass
BUD-202502-BR03-D02-6600,BR03,D02,6600,3900,Original Budget,Variable profile; branch scale 0.72,2025-02,Valid,Valid,Valid,Valid,Valid,Valid,Valid,Pass
BUD-202502-BR03-D02-6700,BR03,D02,6700,1400,Original Budget,Fixed profile; branch scale 0.72,2025-02,Valid,Valid,Valid,Valid,Valid,Valid,Valid,Pass
BUD-202502-BR03-D02-6800,BR03,D02,6800,500,Original Budget,Variable profile; branch scale 0.72,2025-02,Valid,Valid,Valid,Valid,Valid,Valid,Valid,Pass
BUD-202502-BR03-D02-7100,BR03,D02,7100,600,Original Budget,Variable profile; branch scale 0.72,2025-02,Valid,Valid,Valid,Valid,Valid,Valid,Valid,Pass
BUD-202502-BR03-D02-7200,BR03,D02,7200,1300,Original Budget,Variable profile; branch scale 0.72,2025-02,Valid,Valid,Valid,Valid,Valid,Valid,Valid,Pass
BUD-202502-BR03-D03-6000,BR03,D03,6000,10100,Original Budget,Fixed profile; branch scale 0.72,2025-02,Valid,Valid,Valid,Valid,Valid,Valid,Valid,Pass
BUD-202502-BR03-D03-6100,BR03,D03,6100,1800,Original Budget,Fixed profile; branch scale 0.72,2025-02,Valid,Valid,Valid,Valid,Valid,Valid,Valid,Pass
BUD-202502-BR03-D03-6200,BR03,D03,6200,10800,Original Budget,Fixed profile; branch scale 0.72,2025-02,Valid,Valid,Valid,Valid,Valid,Valid,Valid,Pass
BUD-202502-BR03-D03-6300,BR03,D03,6300,3200,Original Budget,Fixed profile; branch scale 0.72,2025-02,Valid,Valid,Valid,Valid,Valid,Valid,Valid,Pass
BUD-202502-BR03-D03-6600,BR03,D03,6600,1600,Original Budget,Variable profile; branch scale 0.72,2025-02,Valid,Valid,Valid,Valid,Valid,Valid,Valid,Pass
BUD-202502-BR03-D03-6700,BR03,D03,6700,1100,Original Budget,Fixed profile; branch scale 0.72,2025-02,Valid,Valid,Valid,Valid,Valid,Valid,Valid,Pass
BUD-202502-BR03-D03-6800,BR03,D03,6800,1200,Original Budget,Variable profile; branch scale 0.72,2025-02,Valid,Valid,Valid,Valid,Valid,Valid,Valid,Pass
BUD-202502-BR03-D03-6900,BR03,D03,6900,2200,Original Budget,Fixed profile; branch scale 0.72,2025-02,Valid,Valid,Valid,Valid,Valid,Valid,Valid,Pass
BUD-202502-BR03-D03-7000,BR03,D03,7000,1600,Original Budget,Fixed profile; branch scale 0.72,2025-02,Valid,Valid,Valid,Valid,Valid,Valid,Valid,Pass
BUD-202502-BR03-D03-7100,BR03,D03,7100,300,Original Budget,Variable profile; branch scale 0.72,2025-02,Valid,Valid,Valid,Valid,Valid,Valid,Valid,Pass
BUD-202502-BR03-D03-7200,BR03,D03,7200,500,Original Budget,Variable profile; branch scale 0.72,2025-02,Valid,Valid,Valid,Valid,Valid,Valid,Valid,Pass
BUD-202502-BR03-D03-7300,BR03,D03,7300,400,Original Budget,Fixed profile; branch scale 0.72,2025-02,Valid,Valid,Valid,Valid,Valid,Valid,Valid,Pass
BUD-202502-BR03-D03-7400,BR03,D03,7400,5000,Original Budget,Fixed profile; branch scale 0.72,2025-02,Valid,Valid,Valid,Valid,Valid,Valid,Valid,Pass
BUD-202502-BR03-D03-7500,BR03,D03,7500,600,Original Budget,Variable profile; branch scale 0.72,2025-02,Valid,Valid,Valid,Valid,Valid,Valid,Valid,Pass
BUD-202502-BR03-D04-6000,BR03,D04,6000,11500,Original Budget,Fixed profile; branch scale 0.72,2025-02,Valid,Valid,Valid,Valid,Valid,Valid,Valid,Pass
BUD-202502-BR03-D04-6100,BR03,D04,6100,2100,Original Budget,Fixed profile; branch scale 0.72,2025-02,Valid,Valid,Valid,Valid,Valid,Valid,Valid,Pass
BUD-202502-BR03-D04-6700,BR03,D04,6700,1300,Original Budget,Fixed profile; branch scale 0.72,2025-02,Valid,Valid,Valid,Valid,Valid,Valid,Valid,Pass
BUD-202502-BR03-D04-6800,BR03,D04,6800,400,Original Budget,Variable profile; branch scale 0.72,2025-02,Valid,Valid,Valid,Valid,Valid,Valid,Valid,Pass
BUD-202502-BR03-D04-6900,BR03,D04,6900,1400,Original Budget,Fixed profile; branch scale 0.72,2025-02,Valid,Valid,Valid,Valid,Valid,Valid,Valid,Pass
BUD-202502-BR03-D04-7000,BR03,D04,7000,600,Original Budget,Fixed profile; branch scale 0.72,2025-02,Valid,Valid,Valid,Valid,Valid,Valid,Valid,Pass
BUD-202502-BR03-D04-7100,BR03,D04,7100,800,Original Budget,Variable profile; branch scale 0.72,2025-02,Valid,Valid,Valid,Valid,Valid,Valid,Valid,Pass
BUD-202502-BR03-D04-7200,BR03,D04,7200,500,Original Budget,Variable profile; branch scale 0.72,2025-02,Valid,Valid,Valid,Valid,Valid,Valid,Valid,Pass
BUD-202502-BR03-D04-7300,BR03,D04,7300,300,Original Budget,Fixed profile; branch scale 0.72,2025-02,Valid,Valid,Valid,Valid,Valid,Valid,Valid,Pass
BUD-202502-BR03-D04-7500,BR03,D04,7500,500,Original Budget,Variable profile; branch scale 0.72,2025-02,Valid,Valid,Valid,Valid,Valid,Valid,Valid,Pass
BUD-202502-BR04-D01-4000,BR04,D01,4000,262100,Original Budget,Revenue profile; branch scale 0.78,2025-02,Valid,Valid,Valid,Valid,Valid,Valid,Valid,Pass
BUD-202502-BR04-D01-4100,BR04,D01,4100,78600,Original Budget,Revenue profile; branch scale 0.78,2025-02,Valid,Valid,Valid,Valid,Valid,Valid,Valid,Pass
BUD-202502-BR04-D01-4200,BR04,D01,4200,5200,Original Budget,Revenue profile; branch scale 0.78,2025-02,Valid,Valid,Valid,Valid,Valid,Valid,Valid,Pass
BUD-202502-BR04-D01-5000,BR04,D01,5000,157200,Original Budget,Revenue profile; branch scale 0.78,2025-02,Valid,Valid,Valid,Valid,Valid,Valid,Valid,Pass
BUD-202502-BR04-D01-6000,BR04,D01,6000,15600,Original Budget,Fixed profile; branch scale 0.78,2025-02,Valid,Valid,Valid,Valid,Valid,Valid,Valid,Pass
BUD-202502-BR04-D01-6100,BR04,D01,6100,2800,Original Budget,Fixed profile; branch scale 0.78,2025-02,Valid,Valid,Valid,Valid,Valid,Valid,Valid,Pass
BUD-202502-BR04-D01-6400,BR04,D01,6400,5600,Original Budget,Variable profile; branch scale 0.78,2025-02,Valid,Valid,Valid,Valid,Valid,Valid,Valid,Pass
BUD-202502-BR04-D01-6500,BR04,D01,6500,3500,Original Budget,Variable profile; branch scale 0.78,2025-02,Valid,Valid,Valid,Valid,Valid,Valid,Valid,Pass
BUD-202502-BR04-D01-6700,BR04,D01,6700,1200,Original Budget,Fixed profile; branch scale 0.78,2025-02,Valid,Valid,Valid,Valid,Valid,Valid,Valid,Pass
BUD-202502-BR04-D01-6800,BR04,D01,6800,600,Original Budget,Variable profile; branch scale 0.78,2025-02,Valid,Valid,Valid,Valid,Valid,Valid,Valid,Pass
BUD-202502-BR04-D01-7100,BR04,D01,7100,600,Original Budget,Variable profile; branch scale 0.78,2025-02,Valid,Valid,Valid,Valid,Valid,Valid,Valid,Pass
BUD-202502-BR04-D01-7200,BR04,D01,7200,1800,Original Budget,Variable profile; branch scale 0.78,2025-02,Valid,Valid,Valid,Valid,Valid,Valid,Valid,Pass
BUD-202502-BR04-D02-5100,BR04,D02,5100,31400,Original Budget,Revenue profile; branch scale 0.78,2025-02,Valid,Valid,Valid,Valid,Valid,Valid,Valid,Pass
BUD-202502-BR04-D02-6000,BR04,D02,6000,21800,Original Budget,Fixed profile; branch scale 0.78,2025-02,Valid,Valid,Valid,Valid,Valid,Valid,Valid,Pass
BUD-202502-BR04-D02-6100,BR04,D02,6100,3900,Original Budget,Fixed profile; branch scale 0.78,2025-02,Valid,Valid,Valid,Valid,Valid,Valid,Valid,Pass
BUD-202502-BR04-D02-6500,BR04,D02,6500,4900,Original Budget,Variable profile; branch scale 0.78,2025-02,Valid,Valid,Valid,Valid,Valid,Valid,Valid,Pass
BUD-202502-BR04-D02-6600,BR04,D02,6600,4200,Original Budget,Variable profile; branch scale 0.78,2025-02,Valid,Valid,Valid,Valid,Valid,Valid,Valid,Pass
BUD-202502-BR04-D02-6700,BR04,D02,6700,1600,Original Budget,Fixed profile; branch scale 0.78,2025-02,Valid,Valid,Valid,Valid,Valid,Valid,Valid,Pass
BUD-202502-BR04-D02-6800,BR04,D02,6800,500,Original Budget,Variable profile; branch scale 0.78,2025-02,Valid,Valid,Valid,Valid,Valid,Valid,Valid,Pass
BUD-202502-BR04-D02-7100,BR04,D02,7100,700,Original Budget,Variable profile; branch scale 0.78,2025-02,Valid,Valid,Valid,Valid,Valid,Valid,Valid,Pass
BUD-202502-BR04-D02-7200,BR04,D02,7200,1400,Original Budget,Variable profile; branch scale 0.78,2025-02,Valid,Valid,Valid,Valid,Valid,Valid,Valid,Pass
BUD-202502-BR04-D03-6000,BR04,D03,6000,10900,Original Budget,Fixed profile; branch scale 0.78,2025-02,Valid,Valid,Valid,Valid,Valid,Valid,Valid,Pass
BUD-202502-BR04-D03-6100,BR04,D03,6100,2000,Original Budget,Fixed profile; branch scale 0.78,2025-02,Valid,Valid,Valid,Valid,Valid,Valid,Valid,Pass
BUD-202502-BR04-D03-6200,BR04,D03,6200,11700,Original Budget,Fixed profile; branch scale 0.78,2025-02,Valid,Valid,Valid,Valid,Valid,Valid,Valid,Pass
BUD-202502-BR04-D03-6300,BR04,D03,6300,3500,Original Budget,Fixed profile; branch scale 0.78,2025-02,Valid,Valid,Valid,Valid,Valid,Valid,Valid,Pass
BUD-202502-BR04-D03-6600,BR04,D03,6600,1800,Original Budget,Variable profile; branch scale 0.78,2025-02,Valid,Valid,Valid,Valid,Valid,Valid,Valid,Pass
BUD-202502-BR04-D03-6700,BR04,D03,6700,1200,Original Budget,Fixed profile; branch scale 0.78,2025-02,Valid,Valid,Valid,Valid,Valid,Valid,Valid,Pass
BUD-202502-BR04-D03-6800,BR04,D03,6800,1300,Original Budget,Variable profile; branch scale 0.78,2025-02,Valid,Valid,Valid,Valid,Valid,Valid,Valid,Pass
BUD-202502-BR04-D03-6900,BR04,D03,6900,2300,Original Budget,Fixed profile; branch scale 0.78,2025-02,Valid,Valid,Valid,Valid,Valid,Valid,Valid,Pass
BUD-202502-BR04-D03-7000,BR04,D03,7000,1700,Original Budget,Fixed profile; branch scale 0.78,2025-02,Valid,Valid,Valid,Valid,Valid,Valid,Valid,Pass
BUD-202502-BR04-D03-7100,BR04,D03,7100,400,Original Budget,Variable profile; branch scale 0.78,2025-02,Valid,Valid,Valid,Valid,Valid,Valid,Valid,Pass
BUD-202502-BR04-D03-7200,BR04,D03,7200,500,Original Budget,Variable profile; branch scale 0.78,2025-02,Valid,Valid,Valid,Valid,Valid,Valid,Valid,Pass
BUD-202502-BR04-D03-7300,BR04,D03,7300,500,Original Budget,Fixed profile; branch scale 0.78,2025-02,Valid,Valid,Valid,Valid,Valid,Valid,Valid,Pass
BUD-202502-BR04-D03-7400,BR04,D03,7400,5500,Original Budget,Fixed profile; branch scale 0.78,2025-02,Valid,Valid,Valid,Valid,Valid,Valid,Valid,Pass
BUD-202502-BR04-D03-7500,BR04,D03,7500,700,Original Budget,Variable profile; branch scale 0.78,2025-02,Valid,Valid,Valid,Valid,Valid,Valid,Valid,Pass
BUD-202502-BR04-D04-6000,BR04,D04,6000,12500,Original Budget,Fixed profile; branch scale 0.78,2025-02,Valid,Valid,Valid,Valid,Valid,Valid,Valid,Pass
BUD-202502-BR04-D04-6100,BR04,D04,6100,2300,Original Budget,Fixed profile; branch scale 0.78,2025-02,Valid,Valid,Valid,Valid,Valid,Valid,Valid,Pass
BUD-202502-BR04-D04-6700,BR04,D04,6700,1400,Original Budget,Fixed profile; branch scale 0.78,2025-02,Valid,Valid,Valid,Valid,Valid,Valid,Valid,Pass
BUD-202502-BR04-D04-6800,BR04,D04,6800,400,Original Budget,Variable profile; branch scale 0.78,2025-02,Valid,Valid,Valid,Valid,Valid,Valid,Valid,Pass
BUD-202502-BR04-D04-6900,BR04,D04,6900,1600,Original Budget,Fixed profile; branch scale 0.78,2025-02,Valid,Valid,Valid,Valid,Valid,Valid,Valid,Pass
BUD-202502-BR04-D04-7000,BR04,D04,7000,600,Original Budget,Fixed profile; branch scale 0.78,2025-02,Valid,Valid,Valid,Valid,Valid,Valid,Valid,Pass
BUD-202502-BR04-D04-7100,BR04,D04,7100,800,Original Budget,Variable profile; branch scale 0.78,2025-02,Valid,Valid,Valid,Valid,Valid,Valid,Valid,Pass
BUD-202502-BR04-D04-7200,BR04,D04,7200,600,Original Budget,Variable profile; branch scale 0.78,2025-02,Valid,Valid,Valid,Valid,Valid,Valid,Valid,Pass
BUD-202502-BR04-D04-7300,BR04,D04,7300,300,Original Budget,Fixed profile; branch scale 0.78,2025-02,Valid,Valid,Valid,Valid,Valid,Valid,Valid,Pass
BUD-202502-BR04-D04-7500,BR04,D04,7500,500,Original Budget,Variable profile; branch scale 0.78,2025-02,Valid,Valid,Valid,Valid,Valid,Valid,Valid,Pass
BUD-202503-BR01-D01-4000,BR01,D01,4000,372000,Original Budget,Revenue profile; branch scale 1.00,2025-03,Valid,Valid,Valid,Valid,Valid,Valid,Valid,Pass
BUD-202503-BR01-D01-4100,BR01,D01,4100,111600,Original Budget,Revenue profile; branch scale 1.00,2025-03,Valid,Valid,Valid,Valid,Valid,Valid,Valid,Pass
BUD-202503-BR01-D01-4200,BR01,D01,4200,7400,Original Budget,Revenue profile; branch scale 1.00,2025-03,Valid,Valid,Valid,Valid,Valid,Valid,Valid,Pass
BUD-202503-BR01-D01-5000,BR01,D01,5000,223200,Original Budget,Revenue profile; branch scale 1.00,2025-03,Valid,Valid,Valid,Valid,Valid,Valid,Valid,Pass
BUD-202503-BR01-D01-6000,BR01,D01,6000,20000,Original Budget,Fixed profile; branch scale 1.00,2025-03,Valid,Valid,Valid,Valid,Valid,Valid,Valid,Pass
BUD-202503-BR01-D01-6100,BR01,D01,6100,3600,Original Budget,Fixed profile; branch scale 1.00,2025-03,Valid,Valid,Valid,Valid,Valid,Valid,Valid,Pass
BUD-202503-BR01-D01-6400,BR01,D01,6400,7700,Original Budget,Variable profile; branch scale 1.00,2025-03,Valid,Valid,Valid,Valid,Valid,Valid,Valid,Pass
BUD-202503-BR01-D01-6500,BR01,D01,6500,4800,Original Budget,Variable profile; branch scale 1.00,2025-03,Valid,Valid,Valid,Valid,Valid,Valid,Valid,Pass
BUD-202503-BR01-D01-6700,BR01,D01,6700,1500,Original Budget,Fixed profile; branch scale 1.00,2025-03,Valid,Valid,Valid,Valid,Valid,Valid,Valid,Pass
BUD-202503-BR01-D01-6800,BR01,D01,6800,800,Original Budget,Variable profile; branch scale 1.00,2025-03,Valid,Valid,Valid,Valid,Valid,Valid,Valid,Pass
BUD-202503-BR01-D01-7100,BR01,D01,7100,800,Original Budget,Variable profile; branch scale 1.00,2025-03,Valid,Valid,Valid,Valid,Valid,Valid,Valid,Pass
BUD-202503-BR01-D01-7200,BR01,D01,7200,2400,Original Budget,Variable profile; branch scale 1.00,2025-03,Valid,Valid,Valid,Valid,Valid,Valid,Valid,Pass
BUD-202503-BR01-D02-5100,BR01,D02,5100,44600,Original Budget,Revenue profile; branch scale 1.00,2025-03,Valid,Valid,Valid,Valid,Valid,Valid,Valid,Pass
BUD-202503-BR01-D02-6000,BR01,D02,6000,28000,Original Budget,Fixed profile; branch scale 1.00,2025-03,Valid,Valid,Valid,Valid,Valid,Valid,Valid,Pass
BUD-202503-BR01-D02-6100,BR01,D02,6100,5000,Original Budget,Fixed profile; branch scale 1.00,2025-03,Valid,Valid,Valid,Valid,Valid,Valid,Valid,Pass
BUD-202503-BR01-D02-6500,BR01,D02,6500,6700,Original Budget,Variable profile; branch scale 1.00,2025-03,Valid,Valid,Valid,Valid,Valid,Valid,Valid,Pass
BUD-202503-BR01-D02-6600,BR01,D02,6600,5800,Original Budget,Variable profile; branch scale 1.00,2025-03,Valid,Valid,Valid,Valid,Valid,Valid,Valid,Pass
BUD-202503-BR01-D02-6700,BR01,D02,6700,2000,Original Budget,Fixed profile; branch scale 1.00,2025-03,Valid,Valid,Valid,Valid,Valid,Valid,Valid,Pass
BUD-202503-BR01-D02-6800,BR01,D02,6800,700,Original Budget,Variable profile; branch scale 1.00,2025-03,Valid,Valid,Valid,Valid,Valid,Valid,Valid,Pass
BUD-202503-BR01-D02-7100,BR01,D02,7100,1000,Original Budget,Variable profile; branch scale 1.00,2025-03,Valid,Valid,Valid,Valid,Valid,Valid,Valid,Pass
BUD-202503-BR01-D02-7200,BR01,D02,7200,1900,Original Budget,Variable profile; branch scale 1.00,2025-03,Valid,Valid,Valid,Valid,Valid,Valid,Valid,Pass
BUD-202503-BR01-D03-6000,BR01,D03,6000,14000,Original Budget,Fixed profile; branch scale 1.00,2025-03,Valid,Valid,Valid,Valid,Valid,Valid,Valid,Pass
BUD-202503-BR01-D03-6100,BR01,D03,6100,2500,Original Budget,Fixed profile; branch scale 1.00,2025-03,Valid,Valid,Valid,Valid,Valid,Valid,Valid,Pass
BUD-202503-BR01-D03-6200,BR01,D03,6200,15000,Original Budget,Fixed profile; branch scale 1.00,2025-03,Valid,Valid,Valid,Valid,Valid,Valid,Valid,Pass
BUD-202503-BR01-D03-6300,BR01,D03,6300,4500,Original Budget,Fixed profile; branch scale 1.00,2025-03,Valid,Valid,Valid,Valid,Valid,Valid,Valid,Pass
BUD-202503-BR01-D03-6600,BR01,D03,6600,2400,Original Budget,Variable profile; branch scale 1.00,2025-03,Valid,Valid,Valid,Valid,Valid,Valid,Valid,Pass
BUD-202503-BR01-D03-6700,BR01,D03,6700,1500,Original Budget,Fixed profile; branch scale 1.00,2025-03,Valid,Valid,Valid,Valid,Valid,Valid,Valid,Pass
BUD-202503-BR01-D03-6800,BR01,D03,6800,1700,Original Budget,Variable profile; branch scale 1.00,2025-03,Valid,Valid,Valid,Valid,Valid,Valid,Valid,Pass
BUD-202503-BR01-D03-6900,BR01,D03,6900,3000,Original Budget,Fixed profile; branch scale 1.00,2025-03,Valid,Valid,Valid,Valid,Valid,Valid,Valid,Pass
BUD-202503-BR01-D03-7000,BR01,D03,7000,2200,Original Budget,Fixed profile; branch scale 1.00,2025-03,Valid,Valid,Valid,Valid,Valid,Valid,Valid,Pass
BUD-202503-BR01-D03-7100,BR01,D03,7100,500,Original Budget,Variable profile; branch scale 1.00,2025-03,Valid,Valid,Valid,Valid,Valid,Valid,Valid,Pass
BUD-202503-BR01-D03-7200,BR01,D03,7200,700,Original Budget,Variable profile; branch scale 1.00,2025-03,Valid,Valid,Valid,Valid,Valid,Valid,Valid,Pass
BUD-202503-BR01-D03-7300,BR01,D03,7300,600,Original Budget,Fixed profile; branch scale 1.00,2025-03,Valid,Valid,Valid,Valid,Valid,Valid,Valid,Pass
BUD-202503-BR01-D03-7400,BR01,D03,7400,7000,Original Budget,Fixed profile; branch scale 1.00,2025-03,Valid,Valid,Valid,Valid,Valid,Valid,Valid,Pass
BUD-202503-BR01-D03-7500,BR01,D03,7500,1000,Original Budget,Variable profile; branch scale 1.00,2025-03,Valid,Valid,Valid,Valid,Valid,Valid,Valid,Pass
BUD-202503-BR01-D04-6000,BR01,D04,6000,16000,Original Budget,Fixed profile; branch scale 1.00,2025-03,Valid,Valid,Valid,Valid,Valid,Valid,Valid,Pass
BUD-202503-BR01-D04-6100,BR01,D04,6100,2900,Original Budget,Fixed profile; branch scale 1.00,2025-03,Valid,Valid,Valid,Valid,Valid,Valid,Valid,Pass
BUD-202503-BR01-D04-6700,BR01,D04,6700,1800,Original Budget,Fixed profile; branch scale 1.00,2025-03,Valid,Valid,Valid,Valid,Valid,Valid,Valid,Pass
BUD-202503-BR01-D04-6800,BR01,D04,6800,600,Original Budget,Variable profile; branch scale 1.00,2025-03,Valid,Valid,Valid,Valid,Valid,Valid,Valid,Pass
BUD-202503-BR01-D04-6900,BR01,D04,6900,2000,Original Budget,Fixed profile; branch scale 1.00,2025-03,Valid,Valid,Valid,Valid,Valid,Valid,Valid,Pass
BUD-202503-BR01-D04-7000,BR01,D04,7000,800,Original Budget,Fixed profile; branch scale 1.00,2025-03,Valid,Valid,Valid,Valid,Valid,Valid,Valid,Pass
BUD-202503-BR01-D04-7100,BR01,D04,7100,1200,Original Budget,Variable profile; branch scale 1.00,2025-03,Valid,Valid,Valid,Valid,Valid,Valid,Valid,Pass
BUD-202503-BR01-D04-7200,BR01,D04,7200,800,Original Budget,Variable profile; branch scale 1.00,2025-03,Valid,Valid,Valid,Valid,Valid,Valid,Valid,Pass
BUD-202503-BR01-D04-7300,BR01,D04,7300,400,Original Budget,Fixed profile; branch scale 1.00,2025-03,Valid,Valid,Valid,Valid,Valid,Valid,Valid,Pass
BUD-202503-BR01-D04-7500,BR01,D04,7500,700,Original Budget,Variable profile; branch scale 1.00,2025-03,Valid,Valid,Valid,Valid,Valid,Valid,Valid,Pass
BUD-202503-BR02-D01-4000,BR02,D01,4000,215800,Original Budget,Revenue profile; branch scale 0.58,2025-03,Valid,Valid,Valid,Valid,Valid,Valid,Valid,Pass
BUD-202503-BR02-D01-4100,BR02,D01,4100,64700,Original Budget,Revenue profile; branch scale 0.58,2025-03,Valid,Valid,Valid,Valid,Valid,Valid,Valid,Pass
BUD-202503-BR02-D01-4200,BR02,D01,4200,4300,Original Budget,Revenue profile; branch scale 0.58,2025-03,Valid,Valid,Valid,Valid,Valid,Valid,Valid,Pass
BUD-202503-BR02-D01-5000,BR02,D01,5000,129500,Original Budget,Revenue profile; branch scale 0.58,2025-03,Valid,Valid,Valid,Valid,Valid,Valid,Valid,Pass
BUD-202503-BR02-D01-6000,BR02,D01,6000,11600,Original Budget,Fixed profile; branch scale 0.58,2025-03,Valid,Valid,Valid,Valid,Valid,Valid,Valid,Pass
BUD-202503-BR02-D01-6100,BR02,D01,6100,2100,Original Budget,Fixed profile; branch scale 0.58,2025-03,Valid,Valid,Valid,Valid,Valid,Valid,Valid,Pass
BUD-202503-BR02-D01-6400,BR02,D01,6400,4500,Original Budget,Variable profile; branch scale 0.58,2025-03,Valid,Valid,Valid,Valid,Valid,Valid,Valid,Pass
BUD-202503-BR02-D01-6500,BR02,D01,6500,2800,Original Budget,Variable profile; branch scale 0.58,2025-03,Valid,Valid,Valid,Valid,Valid,Valid,Valid,Pass
BUD-202503-BR02-D01-6700,BR02,D01,6700,900,Original Budget,Fixed profile; branch scale 0.58,2025-03,Valid,Valid,Valid,Valid,Valid,Valid,Valid,Pass
BUD-202503-BR02-D01-6800,BR02,D01,6800,400,Original Budget,Variable profile; branch scale 0.58,2025-03,Valid,Valid,Valid,Valid,Valid,Valid,Valid,Pass
BUD-202503-BR02-D01-7100,BR02,D01,7100,400,Original Budget,Variable profile; branch scale 0.58,2025-03,Valid,Valid,Valid,Valid,Valid,Valid,Valid,Pass
BUD-202503-BR02-D01-7200,BR02,D01,7200,1400,Original Budget,Variable profile; branch scale 0.58,2025-03,Valid,Valid,Valid,Valid,Valid,Valid,Valid,Pass
BUD-202503-BR02-D02-5100,BR02,D02,5100,25900,Original Budget,Revenue profile; branch scale 0.58,2025-03,Valid,Valid,Valid,Valid,Valid,Valid,Valid,Pass
BUD-202503-BR02-D02-6000,BR02,D02,6000,16200,Original Budget,Fixed profile; branch scale 0.58,2025-03,Valid,Valid,Valid,Valid,Valid,Valid,Valid,Pass
BUD-202503-BR02-D02-6100,BR02,D02,6100,2900,Original Budget,Fixed profile; branch scale 0.58,2025-03,Valid,Valid,Valid,Valid,Valid,Valid,Valid,Pass
BUD-202503-BR02-D02-6500,BR02,D02,6500,3900,Original Budget,Variable profile; branch scale 0.58,2025-03,Valid,Valid,Valid,Valid,Valid,Valid,Valid,Pass
BUD-202503-BR02-D02-6600,BR02,D02,6600,3300,Original Budget,Variable profile; branch scale 0.58,2025-03,Valid,Valid,Valid,Valid,Valid,Valid,Valid,Pass
BUD-202503-BR02-D02-6700,BR02,D02,6700,1200,Original Budget,Fixed profile; branch scale 0.58,2025-03,Valid,Valid,Valid,Valid,Valid,Valid,Valid,Pass
BUD-202503-BR02-D02-6800,BR02,D02,6800,400,Original Budget,Variable profile; branch scale 0.58,2025-03,Valid,Valid,Valid,Valid,Valid,Valid,Valid,Pass
BUD-202503-BR02-D02-7100,BR02,D02,7100,600,Original Budget,Variable profile; branch scale 0.58,2025-03,Valid,Valid,Valid,Valid,Valid,Valid,Valid,Pass
BUD-202503-BR02-D02-7200,BR02,D02,7200,1100,Original Budget,Variable profile; branch scale 0.58,2025-03,Valid,Valid,Valid,Valid,Valid,Valid,Valid,Pass
BUD-202503-BR02-D03-6000,BR02,D03,6000,8100,Original Budget,Fixed profile; branch scale 0.58,2025-03,Valid,Valid,Valid,Valid,Valid,Valid,Valid,Pass
BUD-202503-BR02-D03-6100,BR02,D03,6100,1400,Original Budget,Fixed profile; branch scale 0.58,2025-03,Valid,Valid,Valid,Valid,Valid,Valid,Valid,Pass
BUD-202503-BR02-D03-6200,BR02,D03,6200,8700,Original Budget,Fixed profile; branch scale 0.58,2025-03,Valid,Valid,Valid,Valid,Valid,Valid,Valid,Pass
BUD-202503-BR02-D03-6300,BR02,D03,6300,2600,Original Budget,Fixed profile; branch scale 0.58,2025-03,Valid,Valid,Valid,Valid,Valid,Valid,Valid,Pass
BUD-202503-BR02-D03-6600,BR02,D03,6600,1400,Original Budget,Variable profile; branch scale 0.58,2025-03,Valid,Valid,Valid,Valid,Valid,Valid,Valid,Pass
BUD-202503-BR02-D03-6700,BR02,D03,6700,900,Original Budget,Fixed profile; branch scale 0.58,2025-03,Valid,Valid,Valid,Valid,Valid,Valid,Valid,Pass
BUD-202503-BR02-D03-6800,BR02,D03,6800,1000,Original Budget,Variable profile; branch scale 0.58,2025-03,Valid,Valid,Valid,Valid,Valid,Valid,Valid,Pass
BUD-202503-BR02-D03-6900,BR02,D03,6900,1700,Original Budget,Fixed profile; branch scale 0.58,2025-03,Valid,Valid,Valid,Valid,Valid,Valid,Valid,Pass
BUD-202503-BR02-D03-7000,BR02,D03,7000,1300,Original Budget,Fixed profile; branch scale 0.58,2025-03,Valid,Valid,Valid,Valid,Valid,Valid,Valid,Pass
BUD-202503-BR02-D03-7100,BR02,D03,7100,300,Original Budget,Variable profile; branch scale 0.58,2025-03,Valid,Valid,Valid,Valid,Valid,Valid,Valid,Pass
BUD-202503-BR02-D03-7200,BR02,D03,7200,400,Original Budget,Variable profile; branch scale 0.58,2025-03,Valid,Valid,Valid,Valid,Valid,Valid,Valid,Pass
BUD-202503-BR02-D03-7300,BR02,D03,7300,300,Original Budget,Fixed profile; branch scale 0.58,2025-03,Valid,Valid,Valid,Valid,Valid,Valid,Valid,Pass
BUD-202503-BR02-D03-7400,BR02,D03,7400,4100,Original Budget,Fixed profile; branch scale 0.58,2025-03,Valid,Valid,Valid,Valid,Valid,Valid,Valid,Pass
BUD-202503-BR02-D03-7500,BR02,D03,7500,600,Original Budget,Variable profile; branch scale 0.58,2025-03,Valid,Valid,Valid,Valid,Valid,Valid,Valid,Pass
BUD-202503-BR02-D04-6000,BR02,D04,6000,9300,Original Budget,Fixed profile; branch scale 0.58,2025-03,Valid,Valid,Valid,Valid,Valid,Valid,Valid,Pass
BUD-202503-BR02-D04-6100,BR02,D04,6100,1700,Original Budget,Fixed profile; branch scale 0.58,2025-03,Valid,Valid,Valid,Valid,Valid,Valid,Valid,Pass
BUD-202503-BR02-D04-6700,BR02,D04,6700,1000,Original Budget,Fixed profile; branch scale 0.58,2025-03,Valid,Valid,Valid,Valid,Valid,Valid,Valid,Pass
BUD-202503-BR02-D04-6800,BR02,D04,6800,300,Original Budget,Variable profile; branch scale 0.58,2025-03,Valid,Valid,Valid,Valid,Valid,Valid,Valid,Pass
BUD-202503-BR02-D04-6900,BR02,D04,6900,1200,Original Budget,Fixed profile; branch scale 0.58,2025-03,Valid,Valid,Valid,Valid,Valid,Valid,Valid,Pass
BUD-202503-BR02-D04-7000,BR02,D04,7000,500,Original Budget,Fixed profile; branch scale 0.58,2025-03,Valid,Valid,Valid,Valid,Valid,Valid,Valid,Pass
BUD-202503-BR02-D04-7100,BR02,D04,7100,700,Original Budget,Variable profile; branch scale 0.58,2025-03,Valid,Valid,Valid,Valid,Valid,Valid,Valid,Pass
BUD-202503-BR02-D04-7200,BR02,D04,7200,400,Original Budget,Variable profile; branch scale 0.58,2025-03,Valid,Valid,Valid,Valid,Valid,Valid,Valid,Pass
BUD-202503-BR02-D04-7300,BR02,D04,7300,200,Original Budget,Fixed profile; branch scale 0.58,2025-03,Valid,Valid,Valid,Valid,Valid,Valid,Valid,Pass
BUD-202503-BR02-D04-7500,BR02,D04,7500,400,Original Budget,Variable profile; branch scale 0.58,2025-03,Valid,Valid,Valid,Valid,Valid,Valid,Valid,Pass
BUD-202503-BR03-D01-4000,BR03,D01,4000,267800,Original Budget,Revenue profile; branch scale 0.72,2025-03,Valid,Valid,Valid,Valid,Valid,Valid,Valid,Pass
BUD-202503-BR03-D01-4100,BR03,D01,4100,80400,Original Budget,Revenue profile; branch scale 0.72,2025-03,Valid,Valid,Valid,Valid,Valid,Valid,Valid,Pass
BUD-202503-BR03-D01-4200,BR03,D01,4200,5400,Original Budget,Revenue profile; branch scale 0.72,2025-03,Valid,Valid,Valid,Valid,Valid,Valid,Valid,Pass
BUD-202503-BR03-D01-5000,BR03,D01,5000,160700,Original Budget,Revenue profile; branch scale 0.72,2025-03,Valid,Valid,Valid,Valid,Valid,Valid,Valid,Pass
BUD-202503-BR03-D01-6000,BR03,D01,6000,14400,Original Budget,Fixed profile; branch scale 0.72,2025-03,Valid,Valid,Valid,Valid,Valid,Valid,Valid,Pass
BUD-202503-BR03-D01-6100,BR03,D01,6100,2600,Original Budget,Fixed profile; branch scale 0.72,2025-03,Valid,Valid,Valid,Valid,Valid,Valid,Valid,Pass
BUD-202503-BR03-D01-6400,BR03,D01,6400,5500,Original Budget,Variable profile; branch scale 0.72,2025-03,Valid,Valid,Valid,Valid,Valid,Valid,Valid,Pass
BUD-202503-BR03-D01-6500,BR03,D01,6500,3500,Original Budget,Variable profile; branch scale 0.72,2025-03,Valid,Valid,Valid,Valid,Valid,Valid,Valid,Pass
BUD-202503-BR03-D01-6700,BR03,D01,6700,1100,Original Budget,Fixed profile; branch scale 0.72,2025-03,Valid,Valid,Valid,Valid,Valid,Valid,Valid,Pass
BUD-202503-BR03-D01-6800,BR03,D01,6800,600,Original Budget,Variable profile; branch scale 0.72,2025-03,Valid,Valid,Valid,Valid,Valid,Valid,Valid,Pass
BUD-202503-BR03-D01-7100,BR03,D01,7100,600,Original Budget,Variable profile; branch scale 0.72,2025-03,Valid,Valid,Valid,Valid,Valid,Valid,Valid,Pass
BUD-202503-BR03-D01-7200,BR03,D01,7200,1700,Original Budget,Variable profile; branch scale 0.72,2025-03,Valid,Valid,Valid,Valid,Valid,Valid,Valid,Pass
BUD-202503-BR03-D02-5100,BR03,D02,5100,32100,Original Budget,Revenue profile; branch scale 0.72,2025-03,Valid,Valid,Valid,Valid,Valid,Valid,Valid,Pass
BUD-202503-BR03-D02-6000,BR03,D02,6000,20200,Original Budget,Fixed profile; branch scale 0.72,2025-03,Valid,Valid,Valid,Valid,Valid,Valid,Valid,Pass
BUD-202503-BR03-D02-6100,BR03,D02,6100,3600,Original Budget,Fixed profile; branch scale 0.72,2025-03,Valid,Valid,Valid,Valid,Valid,Valid,Valid,Pass
BUD-202503-BR03-D02-6500,BR03,D02,6500,4800,Original Budget,Variable profile; branch scale 0.72,2025-03,Valid,Valid,Valid,Valid,Valid,Valid,Valid,Pass
BUD-202503-BR03-D02-6600,BR03,D02,6600,4100,Original Budget,Variable profile; branch scale 0.72,2025-03,Valid,Valid,Valid,Valid,Valid,Valid,Valid,Pass
BUD-202503-BR03-D02-6700,BR03,D02,6700,1400,Original Budget,Fixed profile; branch scale 0.72,2025-03,Valid,Valid,Valid,Valid,Valid,Valid,Valid,Pass
BUD-202503-BR03-D02-6800,BR03,D02,6800,500,Original Budget,Variable profile; branch scale 0.72,2025-03,Valid,Valid,Valid,Valid,Valid,Valid,Valid,Pass
BUD-202503-BR03-D02-7100,BR03,D02,7100,700,Original Budget,Variable profile; branch scale 0.72,2025-03,Valid,Valid,Valid,Valid,Valid,Valid,Valid,Pass
BUD-202503-BR03-D02-7200,BR03,D02,7200,1400,Original Budget,Variable profile; branch scale 0.72,2025-03,Valid,Valid,Valid,Valid,Valid,Valid,Valid,Pass
BUD-202503-BR03-D03-6000,BR03,D03,6000,10100,Original Budget,Fixed profile; branch scale 0.72,2025-03,Valid,Valid,Valid,Valid,Valid,Valid,Valid,Pass
BUD-202503-BR03-D03-6100,BR03,D03,6100,1800,Original Budget,Fixed profile; branch scale 0.72,2025-03,Valid,Valid,Valid,Valid,Valid,Valid,Valid,Pass
BUD-202503-BR03-D03-6200,BR03,D03,6200,10800,Original Budget,Fixed profile; branch scale 0.72,2025-03,Valid,Valid,Valid,Valid,Valid,Valid,Valid,Pass
BUD-202503-BR03-D03-6300,BR03,D03,6300,3200,Original Budget,Fixed profile; branch scale 0.72,2025-03,Valid,Valid,Valid,Valid,Valid,Valid,Valid,Pass
BUD-202503-BR03-D03-6600,BR03,D03,6600,1700,Original Budget,Variable profile; branch scale 0.72,2025-03,Valid,Valid,Valid,Valid,Valid,Valid,Valid,Pass
BUD-202503-BR03-D03-6700,BR03,D03,6700,1100,Original Budget,Fixed profile; branch scale 0.72,2025-03,Valid,Valid,Valid,Valid,Valid,Valid,Valid,Pass
BUD-202503-BR03-D03-6800,BR03,D03,6800,1200,Original Budget,Variable profile; branch scale 0.72,2025-03,Valid,Valid,Valid,Valid,Valid,Valid,Valid,Pass
BUD-202503-BR03-D03-6900,BR03,D03,6900,2200,Original Budget,Fixed profile; branch scale 0.72,2025-03,Valid,Valid,Valid,Valid,Valid,Valid,Valid,Pass
BUD-202503-BR03-D03-7000,BR03,D03,7000,1600,Original Budget,Fixed profile; branch scale 0.72,2025-03,Valid,Valid,Valid,Valid,Valid,Valid,Valid,Pass
BUD-202503-BR03-D03-7100,BR03,D03,7100,300,Original Budget,Variable profile; branch scale 0.72,2025-03,Valid,Valid,Valid,Valid,Valid,Valid,Valid,Pass
BUD-202503-BR03-D03-7200,BR03,D03,7200,500,Original Budget,Variable profile; branch scale 0.72,2025-03,Valid,Valid,Valid,Valid,Valid,Valid,Valid,Pass
BUD-202503-BR03-D03-7300,BR03,D03,7300,400,Original Budget,Fixed profile; branch scale 0.72,2025-03,Valid,Valid,Valid,Valid,Valid,Valid,Valid,Pass
BUD-202503-BR03-D03-7400,BR03,D03,7400,5000,Original Budget,Fixed profile; branch scale 0.72,2025-03,Valid,Valid,Valid,Valid,Valid,Valid,Valid,Pass
BUD-202503-BR03-D03-7500,BR03,D03,7500,700,Original Budget,Variable profile; branch scale 0.72,2025-03,Valid,Valid,Valid,Valid,Valid,Valid,Valid,Pass
BUD-202503-BR03-D04-6000,BR03,D04,6000,11500,Original Budget,Fixed profile; branch scale 0.72,2025-03,Valid,Valid,Valid,Valid,Valid,Valid,Valid,Pass
BUD-202503-BR03-D04-6100,BR03,D04,6100,2100,Original Budget,Fixed profile; branch scale 0.72,2025-03,Valid,Valid,Valid,Valid,Valid,Valid,Valid,Pass
BUD-202503-BR03-D04-6700,BR03,D04,6700,1300,Original Budget,Fixed profile; branch scale 0.72,2025-03,Valid,Valid,Valid,Valid,Valid,Valid,Valid,Pass
BUD-202503-BR03-D04-6800,BR03,D04,6800,400,Original Budget,Variable profile; branch scale 0.72,2025-03,Valid,Valid,Valid,Valid,Valid,Valid,Valid,Pass
BUD-202503-BR03-D04-6900,BR03,D04,6900,1400,Original Budget,Fixed profile; branch scale 0.72,2025-03,Valid,Valid,Valid,Valid,Valid,Valid,Valid,Pass
BUD-202503-BR03-D04-7000,BR03,D04,7000,600,Original Budget,Fixed profile; branch scale 0.72,2025-03,Valid,Valid,Valid,Valid,Valid,Valid,Valid,Pass
BUD-202503-BR03-D04-7100,BR03,D04,7100,800,Original Budget,Variable profile; branch scale 0.72,2025-03,Valid,Valid,Valid,Valid,Valid,Valid,Valid,Pass
BUD-202503-BR03-D04-7200,BR03,D04,7200,600,Original Budget,Variable profile; branch scale 0.72,2025-03,Valid,Valid,Valid,Valid,Valid,Valid,Valid,Pass
BUD-202503-BR03-D04-7300,BR03,D04,7300,300,Original Budget,Fixed profile; branch scale 0.72,2025-03,Valid,Valid,Valid,Valid,Valid,Valid,Valid,Pass
BUD-202503-BR03-D04-7500,BR03,D04,7500,500,Original Budget,Variable profile; branch scale 0.72,2025-03,Valid,Valid,Valid,Valid,Valid,Valid,Valid,Pass
BUD-202503-BR04-D01-4000,BR04,D01,4000,290200,Original Budget,Revenue profile; branch scale 0.78,2025-03,Valid,Valid,Valid,Valid,Valid,Valid,Valid,Pass
BUD-202503-BR04-D01-4100,BR04,D01,4100,87000,Original Budget,Revenue profile; branch scale 0.78,2025-03,Valid,Valid,Valid,Valid,Valid,Valid,Valid,Pass
BUD-202503-BR04-D01-4200,BR04,D01,4200,5800,Original Budget,Revenue profile; branch scale 0.78,2025-03,Valid,Valid,Valid,Valid,Valid,Valid,Valid,Pass
BUD-202503-BR04-D01-5000,BR04,D01,5000,174100,Original Budget,Revenue profile; branch scale 0.78,2025-03,Valid,Valid,Valid,Valid,Valid,Valid,Valid,Pass
BUD-202503-BR04-D01-6000,BR04,D01,6000,15600,Original Budget,Fixed profile; branch scale 0.78,2025-03,Valid,Valid,Valid,Valid,Valid,Valid,Valid,Pass
BUD-202503-BR04-D01-6100,BR04,D01,6100,2800,Original Budget,Fixed profile; branch scale 0.78,2025-03,Valid,Valid,Valid,Valid,Valid,Valid,Valid,Pass
BUD-202503-BR04-D01-6400,BR04,D01,6400,6000,Original Budget,Variable profile; branch scale 0.78,2025-03,Valid,Valid,Valid,Valid,Valid,Valid,Valid,Pass
BUD-202503-BR04-D01-6500,BR04,D01,6500,3700,Original Budget,Variable profile; branch scale 0.78,2025-03,Valid,Valid,Valid,Valid,Valid,Valid,Valid,Pass
BUD-202503-BR04-D01-6700,BR04,D01,6700,1200,Original Budget,Fixed profile; branch scale 0.78,2025-03,Valid,Valid,Valid,Valid,Valid,Valid,Valid,Pass
BUD-202503-BR04-D01-6800,BR04,D01,6800,600,Original Budget,Variable profile; branch scale 0.78,2025-03,Valid,Valid,Valid,Valid,Valid,Valid,Valid,Pass
BUD-202503-BR04-D01-7100,BR04,D01,7100,600,Original Budget,Variable profile; branch scale 0.78,2025-03,Valid,Valid,Valid,Valid,Valid,Valid,Valid,Pass
BUD-202503-BR04-D01-7200,BR04,D01,7200,1900,Original Budget,Variable profile; branch scale 0.78,2025-03,Valid,Valid,Valid,Valid,Valid,Valid,Valid,Pass
BUD-202503-BR04-D02-5100,BR04,D02,5100,34800,Original Budget,Revenue profile; branch scale 0.78,2025-03,Valid,Valid,Valid,Valid,Valid,Valid,Valid,Pass
BUD-202503-BR04-D02-6000,BR04,D02,6000,21800,Original Budget,Fixed profile; branch scale 0.78,2025-03,Valid,Valid,Valid,Valid,Valid,Valid,Valid,Pass
BUD-202503-BR04-D02-6100,BR04,D02,6100,3900,Original Budget,Fixed profile; branch scale 0.78,2025-03,Valid,Valid,Valid,Valid,Valid,Valid,Valid,Pass
BUD-202503-BR04-D02-6500,BR04,D02,6500,5200,Original Budget,Variable profile; branch scale 0.78,2025-03,Valid,Valid,Valid,Valid,Valid,Valid,Valid,Pass
BUD-202503-BR04-D02-6600,BR04,D02,6600,4500,Original Budget,Variable profile; branch scale 0.78,2025-03,Valid,Valid,Valid,Valid,Valid,Valid,Valid,Pass
BUD-202503-BR04-D02-6700,BR04,D02,6700,1600,Original Budget,Fixed profile; branch scale 0.78,2025-03,Valid,Valid,Valid,Valid,Valid,Valid,Valid,Pass
BUD-202503-BR04-D02-6800,BR04,D02,6800,500,Original Budget,Variable profile; branch scale 0.78,2025-03,Valid,Valid,Valid,Valid,Valid,Valid,Valid,Pass
BUD-202503-BR04-D02-7100,BR04,D02,7100,700,Original Budget,Variable profile; branch scale 0.78,2025-03,Valid,Valid,Valid,Valid,Valid,Valid,Valid,Pass
BUD-202503-BR04-D02-7200,BR04,D02,7200,1500,Original Budget,Variable profile; branch scale 0.78,2025-03,Valid,Valid,Valid,Valid,Valid,Valid,Valid,Pass
BUD-202503-BR04-D03-6000,BR04,D03,6000,10900,Original Budget,Fixed profile; branch scale 0.78,2025-03,Valid,Valid,Valid,Valid,Valid,Valid,Valid,Pass
BUD-202503-BR04-D03-6100,BR04,D03,6100,2000,Original Budget,Fixed profile; branch scale 0.78,2025-03,Valid,Valid,Valid,Valid,Valid,Valid,Valid,Pass
BUD-202503-BR04-D03-6200,BR04,D03,6200,11700,Original Budget,Fixed profile; branch scale 0.78,2025-03,Valid,Valid,Valid,Valid,Valid,Valid,Valid,Pass
BUD-202503-BR04-D03-6300,BR04,D03,6300,3500,Original Budget,Fixed profile; branch scale 0.78,2025-03,Valid,Valid,Valid,Valid,Valid,Valid,Valid,Pass
BUD-202503-BR04-D03-6600,BR04,D03,6600,1900,Original Budget,Variable profile; branch scale 0.78,2025-03,Valid,Valid,Valid,Valid,Valid,Valid,Valid,Pass
BUD-202503-BR04-D03-6700,BR04,D03,6700,1200,Original Budget,Fixed profile; branch scale 0.78,2025-03,Valid,Valid,Valid,Valid,Valid,Valid,Valid,Pass
BUD-202503-BR04-D03-6800,BR04,D03,6800,1300,Original Budget,Variable profile; branch scale 0.78,2025-03,Valid,Valid,Valid,Valid,Valid,Valid,Valid,Pass
BUD-202503-BR04-D03-6900,BR04,D03,6900,2300,Original Budget,Fixed profile; branch scale 0.78,2025-03,Valid,Valid,Valid,Valid,Valid,Valid,Valid,Pass
BUD-202503-BR04-D03-7000,BR04,D03,7000,1700,Original Budget,Fixed profile; branch scale 0.78,2025-03,Valid,Valid,Valid,Valid,Valid,Valid,Valid,Pass
BUD-202503-BR04-D03-7100,BR04,D03,7100,400,Original Budget,Variable profile; branch scale 0.78,2025-03,Valid,Valid,Valid,Valid,Valid,Valid,Valid,Pass
BUD-202503-BR04-D03-7200,BR04,D03,7200,500,Original Budget,Variable profile; branch scale 0.78,2025-03,Valid,Valid,Valid,Valid,Valid,Valid,Valid,Pass
BUD-202503-BR04-D03-7300,BR04,D03,7300,500,Original Budget,Fixed profile; branch scale 0.78,2025-03,Valid,Valid,Valid,Valid,Valid,Valid,Valid,Pass
BUD-202503-BR04-D03-7400,BR04,D03,7400,5500,Original Budget,Fixed profile; branch scale 0.78,2025-03,Valid,Valid,Valid,Valid,Valid,Valid,Valid,Pass
BUD-202503-BR04-D03-7500,BR04,D03,7500,700,Original Budget,Variable profile; branch scale 0.78,2025-03,Valid,Valid,Valid,Valid,Valid,Valid,Valid,Pass
BUD-202503-BR04-D04-6000,BR04,D04,6000,12500,Original Budget,Fixed profile; branch scale 0.78,2025-03,Valid,Valid,Valid,Valid,Valid,Valid,Valid,Pass
BUD-202503-BR04-D04-6100,BR04,D04,6100,2300,Original Budget,Fixed profile; branch scale 0.78,2025-03,Valid,Valid,Valid,Valid,Valid,Valid,Valid,Pass
BUD-202503-BR04-D04-6700,BR04,D04,6700,1400,Original Budget,Fixed profile; branch scale 0.78,2025-03,Valid,Valid,Valid,Valid,Valid,Valid,Valid,Pass
BUD-202503-BR04-D04-6800,BR04,D04,6800,400,Original Budget,Variable profile; branch scale 0.78,2025-03,Valid,Valid,Valid,Valid,Valid,Valid,Valid,Pass
BUD-202503-BR04-D04-6900,BR04,D04,6900,1600,Original Budget,Fixed profile; branch scale 0.78,2025-03,Valid,Valid,Valid,Valid,Valid,Valid,Valid,Pass
BUD-202503-BR04-D04-7000,BR04,D04,7000,600,Original Budget,Fixed profile; branch scale 0.78,2025-03,Valid,Valid,Valid,Valid,Valid,Valid,Valid,Pass
BUD-202503-BR04-D04-7100,BR04,D04,7100,900,Original Budget,Variable profile; branch scale 0.78,2025-03,Valid,Valid,Valid,Valid,Valid,Valid,Valid,Pass
BUD-202503-BR04-D04-7200,BR04,D04,7200,600,Original Budget,Variable profile; branch scale 0.78,2025-03,Valid,Valid,Valid,Valid,Valid,Valid,Valid,Pass
BUD-202503-BR04-D04-7300,BR04,D04,7300,300,Original Budget,Fixed profile; branch scale 0.78,2025-03,Valid,Valid,Valid,Valid,Valid,Valid,Valid,Pass
BUD-202503-BR04-D04-7500,BR04,D04,7500,500,Original Budget,Variable profile; branch scale 0.78,2025-03,Valid,Valid,Valid,Valid,Valid,Valid,Valid,Pass
BUD-202504-BR01-D01-4000,BR01,D01,4000,388000,Original Budget,Revenue profile; branch scale 1.00,2025-04,Valid,Valid,Valid,Valid,Valid,Valid,Valid,Pass
BUD-202504-BR01-D01-4100,BR01,D01,4100,116400,Original Budget,Revenue profile; branch scale 1.00,2025-04,Valid,Valid,Valid,Valid,Valid,Valid,Valid,Pass
BUD-202504-BR01-D01-4200,BR01,D01,4200,7800,Original Budget,Revenue profile; branch scale 1.00,2025-04,Valid,Valid,Valid,Valid,Valid,Valid,Valid,Pass
BUD-202504-BR01-D01-5000,BR01,D01,5000,232800,Original Budget,Revenue profile; branch scale 1.00,2025-04,Valid,Valid,Valid,Valid,Valid,Valid,Valid,Pass
BUD-202504-BR01-D01-6000,BR01,D01,6000,20000,Original Budget,Fixed profile; branch scale 1.00,2025-04,Valid,Valid,Valid,Valid,Valid,Valid,Valid,Pass
BUD-202504-BR01-D01-6100,BR01,D01,6100,3600,Original Budget,Fixed profile; branch scale 1.00,2025-04,Valid,Valid,Valid,Valid,Valid,Valid,Valid,Pass
BUD-202504-BR01-D01-6400,BR01,D01,6400,7800,Original Budget,Variable profile; branch scale 1.00,2025-04,Valid,Valid,Valid,Valid,Valid,Valid,Valid,Pass
BUD-202504-BR01-D01-6500,BR01,D01,6500,4900,Original Budget,Variable profile; branch scale 1.00,2025-04,Valid,Valid,Valid,Valid,Valid,Valid,Valid,Pass
BUD-202504-BR01-D01-6700,BR01,D01,6700,1500,Original Budget,Fixed profile; branch scale 1.00,2025-04,Valid,Valid,Valid,Valid,Valid,Valid,Valid,Pass
BUD-202504-BR01-D01-6800,BR01,D01,6800,800,Original Budget,Variable profile; branch scale 1.00,2025-04,Valid,Valid,Valid,Valid,Valid,Valid,Valid,Pass
BUD-202504-BR01-D01-7100,BR01,D01,7100,800,Original Budget,Variable profile; branch scale 1.00,2025-04,Valid,Valid,Valid,Valid,Valid,Valid,Valid,Pass
BUD-202504-BR01-D01-7200,BR01,D01,7200,2400,Original Budget,Variable profile; branch scale 1.00,2025-04,Valid,Valid,Valid,Valid,Valid,Valid,Valid,Pass
BUD-202504-BR01-D02-5100,BR01,D02,5100,46600,Original Budget,Revenue profile; branch scale 1.00,2025-04,Valid,Valid,Valid,Valid,Valid,Valid,Valid,Pass
BUD-202504-BR01-D02-6000,BR01,D02,6000,28000,Original Budget,Fixed profile; branch scale 1.00,2025-04,Valid,Valid,Valid,Valid,Valid,Valid,Valid,Pass
BUD-202504-BR01-D02-6100,BR01,D02,6100,5000,Original Budget,Fixed profile; branch scale 1.00,2025-04,Valid,Valid,Valid,Valid,Valid,Valid,Valid,Pass
BUD-202504-BR01-D02-6500,BR01,D02,6500,6900,Original Budget,Variable profile; branch scale 1.00,2025-04,Valid,Valid,Valid,Valid,Valid,Valid,Valid,Pass
BUD-202504-BR01-D02-6600,BR01,D02,6600,5900,Original Budget,Variable profile; branch scale 1.00,2025-04,Valid,Valid,Valid,Valid,Valid,Valid,Valid,Pass
BUD-202504-BR01-D02-6700,BR01,D02,6700,2000,Original Budget,Fixed profile; branch scale 1.00,2025-04,Valid,Valid,Valid,Valid,Valid,Valid,Valid,Pass
BUD-202504-BR01-D02-6800,BR01,D02,6800,700,Original Budget,Variable profile; branch scale 1.00,2025-04,Valid,Valid,Valid,Valid,Valid,Valid,Valid,Pass
BUD-202504-BR01-D02-7100,BR01,D02,7100,1000,Original Budget,Variable profile; branch scale 1.00,2025-04,Valid,Valid,Valid,Valid,Valid,Valid,Valid,Pass
BUD-202504-BR01-D02-7200,BR01,D02,7200,2000,Original Budget,Variable profile; branch scale 1.00,2025-04,Valid,Valid,Valid,Valid,Valid,Valid,Valid,Pass
BUD-202504-BR01-D03-6000,BR01,D03,6000,14000,Original Budget,Fixed profile; branch scale 1.00,2025-04,Valid,Valid,Valid,Valid,Valid,Valid,Valid,Pass
BUD-202504-BR01-D03-6100,BR01,D03,6100,2500,Original Budget,Fixed profile; branch scale 1.00,2025-04,Valid,Valid,Valid,Valid,Valid,Valid,Valid,Pass
BUD-202504-BR01-D03-6200,BR01,D03,6200,15000,Original Budget,Fixed profile; branch scale 1.00,2025-04,Valid,Valid,Valid,Valid,Valid,Valid,Valid,Pass
BUD-202504-BR01-D03-6300,BR01,D03,6300,4500,Original Budget,Fixed profile; branch scale 1.00,2025-04,Valid,Valid,Valid,Valid,Valid,Valid,Valid,Pass
BUD-202504-BR01-D03-6600,BR01,D03,6600,2400,Original Budget,Variable profile; branch scale 1.00,2025-04,Valid,Valid,Valid,Valid,Valid,Valid,Valid,Pass
BUD-202504-BR01-D03-6700,BR01,D03,6700,1500,Original Budget,Fixed profile; branch scale 1.00,2025-04,Valid,Valid,Valid,Valid,Valid,Valid,Valid,Pass
BUD-202504-BR01-D03-6800,BR01,D03,6800,1800,Original Budget,Variable profile; branch scale 1.00,2025-04,Valid,Valid,Valid,Valid,Valid,Valid,Valid,Pass
BUD-202504-BR01-D03-6900,BR01,D03,6900,3000,Original Budget,Fixed profile; branch scale 1.00,2025-04,Valid,Valid,Valid,Valid,Valid,Valid,Valid,Pass
BUD-202504-BR01-D03-7000,BR01,D03,7000,2200,Original Budget,Fixed profile; branch scale 1.00,2025-04,Valid,Valid,Valid,Valid,Valid,Valid,Valid,Pass
BUD-202504-BR01-D03-7100,BR01,D03,7100,500,Original Budget,Variable profile; branch scale 1.00,2025-04,Valid,Valid,Valid,Valid,Valid,Valid,Valid,Pass
BUD-202504-BR01-D03-7200,BR01,D03,7200,700,Original Budget,Variable profile; branch scale 1.00,2025-04,Valid,Valid,Valid,Valid,Valid,Valid,Valid,Pass
BUD-202504-BR01-D03-7300,BR01,D03,7300,600,Original Budget,Fixed profile; branch scale 1.00,2025-04,Valid,Valid,Valid,Valid,Valid,Valid,Valid,Pass
BUD-202504-BR01-D03-7400,BR01,D03,7400,7000,Original Budget,Fixed profile; branch scale 1.00,2025-04,Valid,Valid,Valid,Valid,Valid,Valid,Valid,Pass
BUD-202504-BR01-D03-7500,BR01,D03,7500,1000,Original Budget,Variable profile; branch scale 1.00,2025-04,Valid,Valid,Valid,Valid,Valid,Valid,Valid,Pass
BUD-202504-BR01-D04-6000,BR01,D04,6000,16000,Original Budget,Fixed profile; branch scale 1.00,2025-04,Valid,Valid,Valid,Valid,Valid,Valid,Valid,Pass
BUD-202504-BR01-D04-6100,BR01,D04,6100,2900,Original Budget,Fixed profile; branch scale 1.00,2025-04,Valid,Valid,Valid,Valid,Valid,Valid,Valid,Pass
BUD-202504-BR01-D04-6700,BR01,D04,6700,1800,Original Budget,Fixed profile; branch scale 1.00,2025-04,Valid,Valid,Valid,Valid,Valid,Valid,Valid,Pass
BUD-202504-BR01-D04-6800,BR01,D04,6800,600,Original Budget,Variable profile; branch scale 1.00,2025-04,Valid,Valid,Valid,Valid,Valid,Valid,Valid,Pass
BUD-202504-BR01-D04-6900,BR01,D04,6900,2000,Original Budget,Fixed profile; branch scale 1.00,2025-04,Valid,Valid,Valid,Valid,Valid,Valid,Valid,Pass
BUD-202504-BR01-D04-7000,BR01,D04,7000,800,Original Budget,Fixed profile; branch scale 1.00,2025-04,Valid,Valid,Valid,Valid,Valid,Valid,Valid,Pass
BUD-202504-BR01-D04-7100,BR01,D04,7100,1200,Original Budget,Variable profile; branch scale 1.00,2025-04,Valid,Valid,Valid,Valid,Valid,Valid,Valid,Pass
BUD-202504-BR01-D04-7200,BR01,D04,7200,800,Original Budget,Variable profile; branch scale 1.00,2025-04,Valid,Valid,Valid,Valid,Valid,Valid,Valid,Pass
BUD-202504-BR01-D04-7300,BR01,D04,7300,400,Original Budget,Fixed profile; branch scale 1.00,2025-04,Valid,Valid,Valid,Valid,Valid,Valid,Valid,Pass
BUD-202504-BR01-D04-7500,BR01,D04,7500,700,Original Budget,Variable profile; branch scale 1.00,2025-04,Valid,Valid,Valid,Valid,Valid,Valid,Valid,Pass
BUD-202504-BR02-D01-4000,BR02,D01,4000,225000,Original Budget,Revenue profile; branch scale 0.58,2025-04,Valid,Valid,Valid,Valid,Valid,Valid,Valid,Pass
BUD-202504-BR02-D01-4100,BR02,D01,4100,67500,Original Budget,Revenue profile; branch scale 0.58,2025-04,Valid,Valid,Valid,Valid,Valid,Valid,Valid,Pass
BUD-202504-BR02-D01-4200,BR02,D01,4200,4500,Original Budget,Revenue profile; branch scale 0.58,2025-04,Valid,Valid,Valid,Valid,Valid,Valid,Valid,Pass
BUD-202504-BR02-D01-5000,BR02,D01,5000,135000,Original Budget,Revenue profile; branch scale 0.58,2025-04,Valid,Valid,Valid,Valid,Valid,Valid,Valid,Pass
BUD-202504-BR02-D01-6000,BR02,D01,6000,11600,Original Budget,Fixed profile; branch scale 0.58,2025-04,Valid,Valid,Valid,Valid,Valid,Valid,Valid,Pass
BUD-202504-BR02-D01-6100,BR02,D01,6100,2100,Original Budget,Fixed profile; branch scale 0.58,2025-04,Valid,Valid,Valid,Valid,Valid,Valid,Valid,Pass
BUD-202504-BR02-D01-6400,BR02,D01,6400,4500,Original Budget,Variable profile; branch scale 0.58,2025-04,Valid,Valid,Valid,Valid,Valid,Valid,Valid,Pass
BUD-202504-BR02-D01-6500,BR02,D01,6500,2800,Original Budget,Variable profile; branch scale 0.58,2025-04,Valid,Valid,Valid,Valid,Valid,Valid,Valid,Pass
BUD-202504-BR02-D01-6700,BR02,D01,6700,900,Original Budget,Fixed profile; branch scale 0.58,2025-04,Valid,Valid,Valid,Valid,Valid,Valid,Valid,Pass
BUD-202504-BR02-D01-6800,BR02,D01,6800,500,Original Budget,Variable profile; branch scale 0.58,2025-04,Valid,Valid,Valid,Valid,Valid,Valid,Valid,Pass
BUD-202504-BR02-D01-7100,BR02,D01,7100,500,Original Budget,Variable profile; branch scale 0.58,2025-04,Valid,Valid,Valid,Valid,Valid,Valid,Valid,Pass
BUD-202504-BR02-D01-7200,BR02,D01,7200,1400,Original Budget,Variable profile; branch scale 0.58,2025-04,Valid,Valid,Valid,Valid,Valid,Valid,Valid,Pass
BUD-202504-BR02-D02-5100,BR02,D02,5100,27000,Original Budget,Revenue profile; branch scale 0.58,2025-04,Valid,Valid,Valid,Valid,Valid,Valid,Valid,Pass
BUD-202504-BR02-D02-6000,BR02,D02,6000,16200,Original Budget,Fixed profile; branch scale 0.58,2025-04,Valid,Valid,Valid,Valid,Valid,Valid,Valid,Pass
BUD-202504-BR02-D02-6100,BR02,D02,6100,2900,Original Budget,Fixed profile; branch scale 0.58,2025-04,Valid,Valid,Valid,Valid,Valid,Valid,Valid,Pass
BUD-202504-BR02-D02-6500,BR02,D02,6500,4000,Original Budget,Variable profile; branch scale 0.58,2025-04,Valid,Valid,Valid,Valid,Valid,Valid,Valid,Pass
BUD-202504-BR02-D02-6600,BR02,D02,6600,3400,Original Budget,Variable profile; branch scale 0.58,2025-04,Valid,Valid,Valid,Valid,Valid,Valid,Valid,Pass
BUD-202504-BR02-D02-6700,BR02,D02,6700,1200,Original Budget,Fixed profile; branch scale 0.58,2025-04,Valid,Valid,Valid,Valid,Valid,Valid,Valid,Pass
BUD-202504-BR02-D02-6800,BR02,D02,6800,400,Original Budget,Variable profile; branch scale 0.58,2025-04,Valid,Valid,Valid,Valid,Valid,Valid,Valid,Pass
BUD-202504-BR02-D02-7100,BR02,D02,7100,600,Original Budget,Variable profile; branch scale 0.58,2025-04,Valid,Valid,Valid,Valid,Valid,Valid,Valid,Pass
BUD-202504-BR02-D02-7200,BR02,D02,7200,1100,Original Budget,Variable profile; branch scale 0.58,2025-04,Valid,Valid,Valid,Valid,Valid,Valid,Valid,Pass
BUD-202504-BR02-D03-6000,BR02,D03,6000,8100,Original Budget,Fixed profile; branch scale 0.58,2025-04,Valid,Valid,Valid,Valid,Valid,Valid,Valid,Pass
BUD-202504-BR02-D03-6100,BR02,D03,6100,1400,Original Budget,Fixed profile; branch scale 0.58,2025-04,Valid,Valid,Valid,Valid,Valid,Valid,Valid,Pass
BUD-202504-BR02-D03-6200,BR02,D03,6200,8700,Original Budget,Fixed profile; branch scale 0.58,2025-04,Valid,Valid,Valid,Valid,Valid,Valid,Valid,Pass
BUD-202504-BR02-D03-6300,BR02,D03,6300,2600,Original Budget,Fixed profile; branch scale 0.58,2025-04,Valid,Valid,Valid,Valid,Valid,Valid,Valid,Pass
BUD-202504-BR02-D03-6600,BR02,D03,6600,1400,Original Budget,Variable profile; branch scale 0.58,2025-04,Valid,Valid,Valid,Valid,Valid,Valid,Valid,Pass
BUD-202504-BR02-D03-6700,BR02,D03,6700,900,Original Budget,Fixed profile; branch scale 0.58,2025-04,Valid,Valid,Valid,Valid,Valid,Valid,Valid,Pass
BUD-202504-BR02-D03-6800,BR02,D03,6800,1000,Original Budget,Variable profile; branch scale 0.58,2025-04,Valid,Valid,Valid,Valid,Valid,Valid,Valid,Pass
BUD-202504-BR02-D03-6900,BR02,D03,6900,1700,Original Budget,Fixed profile; branch scale 0.58,2025-04,Valid,Valid,Valid,Valid,Valid,Valid,Valid,Pass
BUD-202504-BR02-D03-7000,BR02,D03,7000,1300,Original Budget,Fixed profile; branch scale 0.58,2025-04,Valid,Valid,Valid,Valid,Valid,Valid,Valid,Pass
BUD-202504-BR02-D03-7100,BR02,D03,7100,300,Original Budget,Variable profile; branch scale 0.58,2025-04,Valid,Valid,Valid,Valid,Valid,Valid,Valid,Pass
BUD-202504-BR02-D03-7200,BR02,D03,7200,400,Original Budget,Variable profile; branch scale 0.58,2025-04,Valid,Valid,Valid,Valid,Valid,Valid,Valid,Pass
BUD-202504-BR02-D03-7300,BR02,D03,7300,300,Original Budget,Fixed profile; branch scale 0.58,2025-04,Valid,Valid,Valid,Valid,Valid,Valid,Valid,Pass
BUD-202504-BR02-D03-7400,BR02,D03,7400,4100,Original Budget,Fixed profile; branch scale 0.58,2025-04,Valid,Valid,Valid,Valid,Valid,Valid,Valid,Pass
BUD-202504-BR02-D03-7500,BR02,D03,7500,600,Original Budget,Variable profile; branch scale 0.58,2025-04,Valid,Valid,Valid,Valid,Valid,Valid,Valid,Pass
BUD-202504-BR02-D04-6000,BR02,D04,6000,9300,Original Budget,Fixed profile; branch scale 0.58,2025-04,Valid,Valid,Valid,Valid,Valid,Valid,Valid,Pass
BUD-202504-BR02-D04-6100,BR02,D04,6100,1700,Original Budget,Fixed profile; branch scale 0.58,2025-04,Valid,Valid,Valid,Valid,Valid,Valid,Valid,Pass
BUD-202504-BR02-D04-6700,BR02,D04,6700,1000,Original Budget,Fixed profile; branch scale 0.58,2025-04,Valid,Valid,Valid,Valid,Valid,Valid,Valid,Pass
BUD-202504-BR02-D04-6800,BR02,D04,6800,300,Original Budget,Variable profile; branch scale 0.58,2025-04,Valid,Valid,Valid,Valid,Valid,Valid,Valid,Pass
BUD-202504-BR02-D04-6900,BR02,D04,6900,1200,Original Budget,Fixed profile; branch scale 0.58,2025-04,Valid,Valid,Valid,Valid,Valid,Valid,Valid,Pass
BUD-202504-BR02-D04-7000,BR02,D04,7000,500,Original Budget,Fixed profile; branch scale 0.58,2025-04,Valid,Valid,Valid,Valid,Valid,Valid,Valid,Pass
BUD-202504-BR02-D04-7100,BR02,D04,7100,700,Original Budget,Variable profile; branch scale 0.58,2025-04,Valid,Valid,Valid,Valid,Valid,Valid,Valid,Pass
BUD-202504-BR02-D04-7200,BR02,D04,7200,500,Original Budget,Variable profile; branch scale 0.58,2025-04,Valid,Valid,Valid,Valid,Valid,Valid,Valid,Pass
BUD-202504-BR02-D04-7300,BR02,D04,7300,200,Original Budget,Fixed profile; branch scale 0.58,2025-04,Valid,Valid,Valid,Valid,Valid,Valid,Valid,Pass
BUD-202504-BR02-D04-7500,BR02,D04,7500,400,Original Budget,Variable profile; branch scale 0.58,2025-04,Valid,Valid,Valid,Valid,Valid,Valid,Valid,Pass
BUD-202504-BR03-D01-4000,BR03,D01,4000,279400,Original Budget,Revenue profile; branch scale 0.72,2025-04,Valid,Valid,Valid,Valid,Valid,Valid,Valid,Pass
BUD-202504-BR03-D01-4100,BR03,D01,4100,83800,Original Budget,Revenue profile; branch scale 0.72,2025-04,Valid,Valid,Valid,Valid,Valid,Valid,Valid,Pass
BUD-202504-BR03-D01-4200,BR03,D01,4200,5600,Original Budget,Revenue profile; branch scale 0.72,2025-04,Valid,Valid,Valid,Valid,Valid,Valid,Valid,Pass
BUD-202504-BR03-D01-5000,BR03,D01,5000,167600,Original Budget,Revenue profile; branch scale 0.72,2025-04,Valid,Valid,Valid,Valid,Valid,Valid,Valid,Pass
BUD-202504-BR03-D01-6000,BR03,D01,6000,14400,Original Budget,Fixed profile; branch scale 0.72,2025-04,Valid,Valid,Valid,Valid,Valid,Valid,Valid,Pass
BUD-202504-BR03-D01-6100,BR03,D01,6100,2600,Original Budget,Fixed profile; branch scale 0.72,2025-04,Valid,Valid,Valid,Valid,Valid,Valid,Valid,Pass
BUD-202504-BR03-D01-6400,BR03,D01,6400,5600,Original Budget,Variable profile; branch scale 0.72,2025-04,Valid,Valid,Valid,Valid,Valid,Valid,Valid,Pass
BUD-202504-BR03-D01-6500,BR03,D01,6500,3500,Original Budget,Variable profile; branch scale 0.72,2025-04,Valid,Valid,Valid,Valid,Valid,Valid,Valid,Pass
BUD-202504-BR03-D01-6700,BR03,D01,6700,1100,Original Budget,Fixed profile; branch scale 0.72,2025-04,Valid,Valid,Valid,Valid,Valid,Valid,Valid,Pass
BUD-202504-BR03-D01-6800,BR03,D01,6800,600,Original Budget,Variable profile; branch scale 0.72,2025-04,Valid,Valid,Valid,Valid,Valid,Valid,Valid,Pass
BUD-202504-BR03-D01-7100,BR03,D01,7100,600,Original Budget,Variable profile; branch scale 0.72,2025-04,Valid,Valid,Valid,Valid,Valid,Valid,Valid,Pass
BUD-202504-BR03-D01-7200,BR03,D01,7200,1800,Original Budget,Variable profile; branch scale 0.72,2025-04,Valid,Valid,Valid,Valid,Valid,Valid,Valid,Pass
BUD-202504-BR03-D02-5100,BR03,D02,5100,33500,Original Budget,Revenue profile; branch scale 0.72,2025-04,Valid,Valid,Valid,Valid,Valid,Valid,Valid,Pass
BUD-202504-BR03-D02-6000,BR03,D02,6000,20200,Original Budget,Fixed profile; branch scale 0.72,2025-04,Valid,Valid,Valid,Valid,Valid,Valid,Valid,Pass
BUD-202504-BR03-D02-6100,BR03,D02,6100,3600,Original Budget,Fixed profile; branch scale 0.72,2025-04,Valid,Valid,Valid,Valid,Valid,Valid,Valid,Pass
BUD-202504-BR03-D02-6500,BR03,D02,6500,4900,Original Budget,Variable profile; branch scale 0.72,2025-04,Valid,Valid,Valid,Valid,Valid,Valid,Valid,Pass
BUD-202504-BR03-D02-6600,BR03,D02,6600,4200,Original Budget,Variable profile; branch scale 0.72,2025-04,Valid,Valid,Valid,Valid,Valid,Valid,Valid,Pass
BUD-202504-BR03-D02-6700,BR03,D02,6700,1400,Original Budget,Fixed profile; branch scale 0.72,2025-04,Valid,Valid,Valid,Valid,Valid,Valid,Valid,Pass
BUD-202504-BR03-D02-6800,BR03,D02,6800,500,Original Budget,Variable profile; branch scale 0.72,2025-04,Valid,Valid,Valid,Valid,Valid,Valid,Valid,Pass
BUD-202504-BR03-D02-7100,BR03,D02,7100,700,Original Budget,Variable profile; branch scale 0.72,2025-04,Valid,Valid,Valid,Valid,Valid,Valid,Valid,Pass
BUD-202504-BR03-D02-7200,BR03,D02,7200,1400,Original Budget,Variable profile; branch scale 0.72,2025-04,Valid,Valid,Valid,Valid,Valid,Valid,Valid,Pass
BUD-202504-BR03-D03-6000,BR03,D03,6000,10100,Original Budget,Fixed profile; branch scale 0.72,2025-04,Valid,Valid,Valid,Valid,Valid,Valid,Valid,Pass
BUD-202504-BR03-D03-6100,BR03,D03,6100,1800,Original Budget,Fixed profile; branch scale 0.72,2025-04,Valid,Valid,Valid,Valid,Valid,Valid,Valid,Pass
BUD-202504-BR03-D03-6200,BR03,D03,6200,10800,Original Budget,Fixed profile; branch scale 0.72,2025-04,Valid,Valid,Valid,Valid,Valid,Valid,Valid,Pass
BUD-202504-BR03-D03-6300,BR03,D03,6300,3200,Original Budget,Fixed profile; branch scale 0.72,2025-04,Valid,Valid,Valid,Valid,Valid,Valid,Valid,Pass
BUD-202504-BR03-D03-6600,BR03,D03,6600,1800,Original Budget,Variable profile; branch scale 0.72,2025-04,Valid,Valid,Valid,Valid,Valid,Valid,Valid,Pass
BUD-202504-BR03-D03-6700,BR03,D03,6700,1100,Original Budget,Fixed profile; branch scale 0.72,2025-04,Valid,Valid,Valid,Valid,Valid,Valid,Valid,Pass
BUD-202504-BR03-D03-6800,BR03,D03,6800,1300,Original Budget,Variable profile; branch scale 0.72,2025-04,Valid,Valid,Valid,Valid,Valid,Valid,Valid,Pass
BUD-202504-BR03-D03-6900,BR03,D03,6900,2200,Original Budget,Fixed profile; branch scale 0.72,2025-04,Valid,Valid,Valid,Valid,Valid,Valid,Valid,Pass
BUD-202504-BR03-D03-7000,BR03,D03,7000,1600,Original Budget,Fixed profile; branch scale 0.72,2025-04,Valid,Valid,Valid,Valid,Valid,Valid,Valid,Pass
BUD-202504-BR03-D03-7100,BR03,D03,7100,400,Original Budget,Variable profile; branch scale 0.72,2025-04,Valid,Valid,Valid,Valid,Valid,Valid,Valid,Pass
BUD-202504-BR03-D03-7200,BR03,D03,7200,500,Original Budget,Variable profile; branch scale 0.72,2025-04,Valid,Valid,Valid,Valid,Valid,Valid,Valid,Pass
BUD-202504-BR03-D03-7300,BR03,D03,7300,400,Original Budget,Fixed profile; branch scale 0.72,2025-04,Valid,Valid,Valid,Valid,Valid,Valid,Valid,Pass
BUD-202504-BR03-D03-7400,BR03,D03,7400,5000,Original Budget,Fixed profile; branch scale 0.72,2025-04,Valid,Valid,Valid,Valid,Valid,Valid,Valid,Pass
BUD-202504-BR03-D03-7500,BR03,D03,7500,700,Original Budget,Variable profile; branch scale 0.72,2025-04,Valid,Valid,Valid,Valid,Valid,Valid,Valid,Pass
BUD-202504-BR03-D04-6000,BR03,D04,6000,11500,Original Budget,Fixed profile; branch scale 0.72,2025-04,Valid,Valid,Valid,Valid,Valid,Valid,Valid,Pass
BUD-202504-BR03-D04-6100,BR03,D04,6100,2100,Original Budget,Fixed profile; branch scale 0.72,2025-04,Valid,Valid,Valid,Valid,Valid,Valid,Valid,Pass
BUD-202504-BR03-D04-6700,BR03,D04,6700,1300,Original Budget,Fixed profile; branch scale 0.72,2025-04,Valid,Valid,Valid,Valid,Valid,Valid,Valid,Pass
BUD-202504-BR03-D04-6800,BR03,D04,6800,400,Original Budget,Variable profile; branch scale 0.72,2025-04,Valid,Valid,Valid,Valid,Valid,Valid,Valid,Pass
BUD-202504-BR03-D04-6900,BR03,D04,6900,1400,Original Budget,Fixed profile; branch scale 0.72,2025-04,Valid,Valid,Valid,Valid,Valid,Valid,Valid,Pass
BUD-202504-BR03-D04-7000,BR03,D04,7000,600,Original Budget,Fixed profile; branch scale 0.72,2025-04,Valid,Valid,Valid,Valid,Valid,Valid,Valid,Pass
BUD-202504-BR03-D04-7100,BR03,D04,7100,800,Original Budget,Variable profile; branch scale 0.72,2025-04,Valid,Valid,Valid,Valid,Valid,Valid,Valid,Pass
BUD-202504-BR03-D04-7200,BR03,D04,7200,600,Original Budget,Variable profile; branch scale 0.72,2025-04,Valid,Valid,Valid,Valid,Valid,Valid,Valid,Pass
BUD-202504-BR03-D04-7300,BR03,D04,7300,300,Original Budget,Fixed profile; branch scale 0.72,2025-04,Valid,Valid,Valid,Valid,Valid,Valid,Valid,Pass
BUD-202504-BR03-D04-7500,BR03,D04,7500,500,Original Budget,Variable profile; branch scale 0.72,2025-04,Valid,Valid,Valid,Valid,Valid,Valid,Valid,Pass
BUD-202504-BR04-D01-4000,BR04,D01,4000,302600,Original Budget,Revenue profile; branch scale 0.78,2025-04,Valid,Valid,Valid,Valid,Valid,Valid,Valid,Pass
BUD-202504-BR04-D01-4100,BR04,D01,4100,90800,Original Budget,Revenue profile; branch scale 0.78,2025-04,Valid,Valid,Valid,Valid,Valid,Valid,Valid,Pass
BUD-202504-BR04-D01-4200,BR04,D01,4200,6100,Original Budget,Revenue profile; branch scale 0.78,2025-04,Valid,Valid,Valid,Valid,Valid,Valid,Valid,Pass
BUD-202504-BR04-D01-5000,BR04,D01,5000,181600,Original Budget,Revenue profile; branch scale 0.78,2025-04,Valid,Valid,Valid,Valid,Valid,Valid,Valid,Pass
BUD-202504-BR04-D01-6000,BR04,D01,6000,15600,Original Budget,Fixed profile; branch scale 0.78,2025-04,Valid,Valid,Valid,Valid,Valid,Valid,Valid,Pass
BUD-202504-BR04-D01-6100,BR04,D01,6100,2800,Original Budget,Fixed profile; branch scale 0.78,2025-04,Valid,Valid,Valid,Valid,Valid,Valid,Valid,Pass
BUD-202504-BR04-D01-6400,BR04,D01,6400,6100,Original Budget,Variable profile; branch scale 0.78,2025-04,Valid,Valid,Valid,Valid,Valid,Valid,Valid,Pass
BUD-202504-BR04-D01-6500,BR04,D01,6500,3800,Original Budget,Variable profile; branch scale 0.78,2025-04,Valid,Valid,Valid,Valid,Valid,Valid,Valid,Pass
BUD-202504-BR04-D01-6700,BR04,D01,6700,1200,Original Budget,Fixed profile; branch scale 0.78,2025-04,Valid,Valid,Valid,Valid,Valid,Valid,Valid,Pass
BUD-202504-BR04-D01-6800,BR04,D01,6800,600,Original Budget,Variable profile; branch scale 0.78,2025-04,Valid,Valid,Valid,Valid,Valid,Valid,Valid,Pass
BUD-202504-BR04-D01-7100,BR04,D01,7100,600,Original Budget,Variable profile; branch scale 0.78,2025-04,Valid,Valid,Valid,Valid,Valid,Valid,Valid,Pass
BUD-202504-BR04-D01-7200,BR04,D01,7200,1900,Original Budget,Variable profile; branch scale 0.78,2025-04,Valid,Valid,Valid,Valid,Valid,Valid,Valid,Pass
BUD-202504-BR04-D02-5100,BR04,D02,5100,36300,Original Budget,Revenue profile; branch scale 0.78,2025-04,Valid,Valid,Valid,Valid,Valid,Valid,Valid,Pass
BUD-202504-BR04-D02-6000,BR04,D02,6000,21800,Original Budget,Fixed profile; branch scale 0.78,2025-04,Valid,Valid,Valid,Valid,Valid,Valid,Valid,Pass
BUD-202504-BR04-D02-6100,BR04,D02,6100,3900,Original Budget,Fixed profile; branch scale 0.78,2025-04,Valid,Valid,Valid,Valid,Valid,Valid,Valid,Pass
BUD-202504-BR04-D02-6500,BR04,D02,6500,5400,Original Budget,Variable profile; branch scale 0.78,2025-04,Valid,Valid,Valid,Valid,Valid,Valid,Valid,Pass
BUD-202504-BR04-D02-6600,BR04,D02,6600,4600,Original Budget,Variable profile; branch scale 0.78,2025-04,Valid,Valid,Valid,Valid,Valid,Valid,Valid,Pass
BUD-202504-BR04-D02-6700,BR04,D02,6700,1600,Original Budget,Fixed profile; branch scale 0.78,2025-04,Valid,Valid,Valid,Valid,Valid,Valid,Valid,Pass
BUD-202504-BR04-D02-6800,BR04,D02,6800,500,Original Budget,Variable profile; branch scale 0.78,2025-04,Valid,Valid,Valid,Valid,Valid,Valid,Valid,Pass
BUD-202504-BR04-D02-7100,BR04,D02,7100,800,Original Budget,Variable profile; branch scale 0.78,2025-04,Valid,Valid,Valid,Valid,Valid,Valid,Valid,Pass
BUD-202504-BR04-D02-7200,BR04,D02,7200,1500,Original Budget,Variable profile; branch scale 0.78,2025-04,Valid,Valid,Valid,Valid,Valid,Valid,Valid,Pass
BUD-202504-BR04-D03-6000,BR04,D03,6000,10900,Original Budget,Fixed profile; branch scale 0.78,2025-04,Valid,Valid,Valid,Valid,Valid,Valid,Valid,Pass
BUD-202504-BR04-D03-6100,BR04,D03,6100,2000,Original Budget,Fixed profile; branch scale 0.78,2025-04,Valid,Valid,Valid,Valid,Valid,Valid,Valid,Pass
BUD-202504-BR04-D03-6200,BR04,D03,6200,11700,Original Budget,Fixed profile; branch scale 0.78,2025-04,Valid,Valid,Valid,Valid,Valid,Valid,Valid,Pass
BUD-202504-BR04-D03-6300,BR04,D03,6300,3500,Original Budget,Fixed profile; branch scale 0.78,2025-04,Valid,Valid,Valid,Valid,Valid,Valid,Valid,Pass
BUD-202504-BR04-D03-6600,BR04,D03,6600,1900,Original Budget,Variable profile; branch scale 0.78,2025-04,Valid,Valid,Valid,Valid,Valid,Valid,Valid,Pass
BUD-202504-BR04-D03-6700,BR04,D03,6700,1200,Original Budget,Fixed profile; branch scale 0.78,2025-04,Valid,Valid,Valid,Valid,Valid,Valid,Valid,Pass
BUD-202504-BR04-D03-6800,BR04,D03,6800,1400,Original Budget,Variable profile; branch scale 0.78,2025-04,Valid,Valid,Valid,Valid,Valid,Valid,Valid,Pass
BUD-202504-BR04-D03-6900,BR04,D03,6900,2300,Original Budget,Fixed profile; branch scale 0.78,2025-04,Valid,Valid,Valid,Valid,Valid,Valid,Valid,Pass
BUD-202504-BR04-D03-7000,BR04,D03,7000,1700,Original Budget,Fixed profile; branch scale 0.78,2025-04,Valid,Valid,Valid,Valid,Valid,Valid,Valid,Pass
BUD-202504-BR04-D03-7100,BR04,D03,7100,400,Original Budget,Variable profile; branch scale 0.78,2025-04,Valid,Valid,Valid,Valid,Valid,Valid,Valid,Pass
BUD-202504-BR04-D03-7200,BR04,D03,7200,500,Original Budget,Variable profile; branch scale 0.78,2025-04,Valid,Valid,Valid,Valid,Valid,Valid,Valid,Pass
BUD-202504-BR04-D03-7300,BR04,D03,7300,500,Original Budget,Fixed profile; branch scale 0.78,2025-04,Valid,Valid,Valid,Valid,Valid,Valid,Valid,Pass
BUD-202504-BR04-D03-7400,BR04,D03,7400,5500,Original Budget,Fixed profile; branch scale 0.78,2025-04,Valid,Valid,Valid,Valid,Valid,Valid,Valid,Pass
BUD-202504-BR04-D03-7500,BR04,D03,7500,800,Original Budget,Variable profile; branch scale 0.78,2025-04,Valid,Valid,Valid,Valid,Valid,Valid,Valid,Pass
BUD-202504-BR04-D04-6000,BR04,D04,6000,12500,Original Budget,Fixed profile; branch scale 0.78,2025-04,Valid,Valid,Valid,Valid,Valid,Valid,Valid,Pass
BUD-202504-BR04-D04-6100,BR04,D04,6100,2300,Original Budget,Fixed profile; branch scale 0.78,2025-04,Valid,Valid,Valid,Valid,Valid,Valid,Valid,Pass
BUD-202504-BR04-D04-6700,BR04,D04,6700,1400,Original Budget,Fixed profile; branch scale 0.78,2025-04,Valid,Valid,Valid,Valid,Valid,Valid,Valid,Pass
BUD-202504-BR04-D04-6800,BR04,D04,6800,500,Original Budget,Variable profile; branch scale 0.78,2025-04,Valid,Valid,Valid,Valid,Valid,Valid,Valid,Pass
BUD-202504-BR04-D04-6900,BR04,D04,6900,1600,Original Budget,Fixed profile; branch scale 0.78,2025-04,Valid,Valid,Valid,Valid,Valid,Valid,Valid,Pass
BUD-202504-BR04-D04-7000,BR04,D04,7000,600,Original Budget,Fixed profile; branch scale 0.78,2025-04,Valid,Valid,Valid,Valid,Valid,Valid,Valid,Pass
BUD-202504-BR04-D04-7100,BR04,D04,7100,900,Original Budget,Variable profile; branch scale 0.78,2025-04,Valid,Valid,Valid,Valid,Valid,Valid,Valid,Pass
BUD-202504-BR04-D04-7200,BR04,D04,7200,600,Original Budget,Variable profile; branch scale 0.78,2025-04,Valid,Valid,Valid,Valid,Valid,Valid,Valid,Pass
BUD-202504-BR04-D04-7300,BR04,D04,7300,300,Original Budget,Fixed profile; branch scale 0.78,2025-04,Valid,Valid,Valid,Valid,Valid,Valid,Valid,Pass
BUD-202504-BR04-D04-7500,BR04,D04,7500,500,Original Budget,Variable profile; branch scale 0.78,2025-04,Valid,Valid,Valid,Valid,Valid,Valid,Valid,Pass
BUD-202505-BR01-D01-4000,BR01,D01,4000,400000,Original Budget,Revenue profile; branch scale 1.00,2025-05,Valid,Valid,Valid,Valid,Valid,Valid,Valid,Pass
BUD-202505-BR01-D01-4100,BR01,D01,4100,120000,Original Budget,Revenue profile; branch scale 1.00,2025-05,Valid,Valid,Valid,Valid,Valid,Valid,Valid,Pass
BUD-202505-BR01-D01-4200,BR01,D01,4200,8000,Original Budget,Revenue profile; branch scale 1.00,2025-05,Valid,Valid,Valid,Valid,Valid,Valid,Valid,Pass
BUD-202505-BR01-D01-5000,BR01,D01,5000,240000,Original Budget,Revenue profile; branch scale 1.00,2025-05,Valid,Valid,Valid,Valid,Valid,Valid,Valid,Pass
BUD-202505-BR01-D01-6000,BR01,D01,6000,20000,Original Budget,Fixed profile; branch scale 1.00,2025-05,Valid,Valid,Valid,Valid,Valid,Valid,Valid,Pass
BUD-202505-BR01-D01-6100,BR01,D01,6100,3600,Original Budget,Fixed profile; branch scale 1.00,2025-05,Valid,Valid,Valid,Valid,Valid,Valid,Valid,Pass
BUD-202505-BR01-D01-6400,BR01,D01,6400,8000,Original Budget,Variable profile; branch scale 1.00,2025-05,Valid,Valid,Valid,Valid,Valid,Valid,Valid,Pass
BUD-202505-BR01-D01-6500,BR01,D01,6500,5000,Original Budget,Variable profile; branch scale 1.00,2025-05,Valid,Valid,Valid,Valid,Valid,Valid,Valid,Pass
BUD-202505-BR01-D01-6700,BR01,D01,6700,1500,Original Budget,Fixed profile; branch scale 1.00,2025-05,Valid,Valid,Valid,Valid,Valid,Valid,Valid,Pass
BUD-202505-BR01-D01-6800,BR01,D01,6800,800,Original Budget,Variable profile; branch scale 1.00,2025-05,Valid,Valid,Valid,Valid,Valid,Valid,Valid,Pass
BUD-202505-BR01-D01-7100,BR01,D01,7100,800,Original Budget,Variable profile; branch scale 1.00,2025-05,Valid,Valid,Valid,Valid,Valid,Valid,Valid,Pass
BUD-202505-BR01-D01-7200,BR01,D01,7200,2500,Original Budget,Variable profile; branch scale 1.00,2025-05,Valid,Valid,Valid,Valid,Valid,Valid,Valid,Pass
BUD-202505-BR01-D02-5100,BR01,D02,5100,48000,Original Budget,Revenue profile; branch scale 1.00,2025-05,Valid,Valid,Valid,Valid,Valid,Valid,Valid,Pass
BUD-202505-BR01-D02-6000,BR01,D02,6000,28000,Original Budget,Fixed profile; branch scale 1.00,2025-05,Valid,Valid,Valid,Valid,Valid,Valid,Valid,Pass
BUD-202505-BR01-D02-6100,BR01,D02,6100,5000,Original Budget,Fixed profile; branch scale 1.00,2025-05,Valid,Valid,Valid,Valid,Valid,Valid,Valid,Pass
BUD-202505-BR01-D02-6500,BR01,D02,6500,7000,Original Budget,Variable profile; branch scale 1.00,2025-05,Valid,Valid,Valid,Valid,Valid,Valid,Valid,Pass
BUD-202505-BR01-D02-6600,BR01,D02,6600,6000,Original Budget,Variable profile; branch scale 1.00,2025-05,Valid,Valid,Valid,Valid,Valid,Valid,Valid,Pass
BUD-202505-BR01-D02-6700,BR01,D02,6700,2000,Original Budget,Fixed profile; branch scale 1.00,2025-05,Valid,Valid,Valid,Valid,Valid,Valid,Valid,Pass
BUD-202505-BR01-D02-6800,BR01,D02,6800,700,Original Budget,Variable profile; branch scale 1.00,2025-05,Valid,Valid,Valid,Valid,Valid,Valid,Valid,Pass
BUD-202505-BR01-D02-7100,BR01,D02,7100,1000,Original Budget,Variable profile; branch scale 1.00,2025-05,Valid,Valid,Valid,Valid,Valid,Valid,Valid,Pass
BUD-202505-BR01-D02-7200,BR01,D02,7200,2000,Original Budget,Variable profile; branch scale 1.00,2025-05,Valid,Valid,Valid,Valid,Valid,Valid,Valid,Pass
BUD-202505-BR01-D03-6000,BR01,D03,6000,14000,Original Budget,Fixed profile; branch scale 1.00,2025-05,Valid,Valid,Valid,Valid,Valid,Valid,Valid,Pass
BUD-202505-BR01-D03-6100,BR01,D03,6100,2500,Original Budget,Fixed profile; branch scale 1.00,2025-05,Valid,Valid,Valid,Valid,Valid,Valid,Valid,Pass
BUD-202505-BR01-D03-6200,BR01,D03,6200,15000,Original Budget,Fixed profile; branch scale 1.00,2025-05,Valid,Valid,Valid,Valid,Valid,Valid,Valid,Pass
BUD-202505-BR01-D03-6300,BR01,D03,6300,4500,Original Budget,Fixed profile; branch scale 1.00,2025-05,Valid,Valid,Valid,Valid,Valid,Valid,Valid,Pass
BUD-202505-BR01-D03-6600,BR01,D03,6600,2500,Original Budget,Variable profile; branch scale 1.00,2025-05,Valid,Valid,Valid,Valid,Valid,Valid,Valid,Pass
BUD-202505-BR01-D03-6700,BR01,D03,6700,1500,Original Budget,Fixed profile; branch scale 1.00,2025-05,Valid,Valid,Valid,Valid,Valid,Valid,Valid,Pass
BUD-202505-BR01-D03-6800,BR01,D03,6800,1800,Original Budget,Variable profile; branch scale 1.00,2025-05,Valid,Valid,Valid,Valid,Valid,Valid,Valid,Pass
BUD-202505-BR01-D03-6900,BR01,D03,6900,3000,Original Budget,Fixed profile; branch scale 1.00,2025-05,Valid,Valid,Valid,Valid,Valid,Valid,Valid,Pass
BUD-202505-BR01-D03-7000,BR01,D03,7000,2200,Original Budget,Fixed profile; branch scale 1.00,2025-05,Valid,Valid,Valid,Valid,Valid,Valid,Valid,Pass
BUD-202505-BR01-D03-7100,BR01,D03,7100,500,Original Budget,Variable profile; branch scale 1.00,2025-05,Valid,Valid,Valid,Valid,Valid,Valid,Valid,Pass
BUD-202505-BR01-D03-7200,BR01,D03,7200,700,Original Budget,Variable profile; branch scale 1.00,2025-05,Valid,Valid,Valid,Valid,Valid,Valid,Valid,Pass
BUD-202505-BR01-D03-7300,BR01,D03,7300,600,Original Budget,Fixed profile; branch scale 1.00,2025-05,Valid,Valid,Valid,Valid,Valid,Valid,Valid,Pass
BUD-202505-BR01-D03-7400,BR01,D03,7400,7000,Original Budget,Fixed profile; branch scale 1.00,2025-05,Valid,Valid,Valid,Valid,Valid,Valid,Valid,Pass
BUD-202505-BR01-D03-7500,BR01,D03,7500,1000,Original Budget,Variable profile; branch scale 1.00,2025-05,Valid,Valid,Valid,Valid,Valid,Valid,Valid,Pass
BUD-202505-BR01-D04-6000,BR01,D04,6000,16000,Original Budget,Fixed profile; branch scale 1.00,2025-05,Valid,Valid,Valid,Valid,Valid,Valid,Valid,Pass
BUD-202505-BR01-D04-6100,BR01,D04,6100,2900,Original Budget,Fixed profile; branch scale 1.00,2025-05,Valid,Valid,Valid,Valid,Valid,Valid,Valid,Pass
BUD-202505-BR01-D04-6700,BR01,D04,6700,1800,Original Budget,Fixed profile; branch scale 1.00,2025-05,Valid,Valid,Valid,Valid,Valid,Valid,Valid,Pass
BUD-202505-BR01-D04-6800,BR01,D04,6800,600,Original Budget,Variable profile; branch scale 1.00,2025-05,Valid,Valid,Valid,Valid,Valid,Valid,Valid,Pass
BUD-202505-BR01-D04-6900,BR01,D04,6900,2000,Original Budget,Fixed profile; branch scale 1.00,2025-05,Valid,Valid,Valid,Valid,Valid,Valid,Valid,Pass
BUD-202505-BR01-D04-7000,BR01,D04,7000,800,Original Budget,Fixed profile; branch scale 1.00,2025-05,Valid,Valid,Valid,Valid,Valid,Valid,Valid,Pass
BUD-202505-BR01-D04-7100,BR01,D04,7100,1200,Original Budget,Variable profile; branch scale 1.00,2025-05,Valid,Valid,Valid,Valid,Valid,Valid,Valid,Pass
BUD-202505-BR01-D04-7200,BR01,D04,7200,800,Original Budget,Variable profile; branch scale 1.00,2025-05,Valid,Valid,Valid,Valid,Valid,Valid,Valid,Pass
BUD-202505-BR01-D04-7300,BR01,D04,7300,400,Original Budget,Fixed profile; branch scale 1.00,2025-05,Valid,Valid,Valid,Valid,Valid,Valid,Valid,Pass
BUD-202505-BR01-D04-7500,BR01,D04,7500,700,Original Budget,Variable profile; branch scale 1.00,2025-05,Valid,Valid,Valid,Valid,Valid,Valid,Valid,Pass
BUD-202505-BR02-D01-4000,BR02,D01,4000,232000,Original Budget,Revenue profile; branch scale 0.58,2025-05,Valid,Valid,Valid,Valid,Valid,Valid,Valid,Pass
BUD-202505-BR02-D01-4100,BR02,D01,4100,69600,Original Budget,Revenue profile; branch scale 0.58,2025-05,Valid,Valid,Valid,Valid,Valid,Valid,Valid,Pass
BUD-202505-BR02-D01-4200,BR02,D01,4200,4600,Original Budget,Revenue profile; branch scale 0.58,2025-05,Valid,Valid,Valid,Valid,Valid,Valid,Valid,Pass
BUD-202505-BR02-D01-5000,BR02,D01,5000,139200,Original Budget,Revenue profile; branch scale 0.58,2025-05,Valid,Valid,Valid,Valid,Valid,Valid,Valid,Pass
BUD-202505-BR02-D01-6000,BR02,D01,6000,11600,Original Budget,Fixed profile; branch scale 0.58,2025-05,Valid,Valid,Valid,Valid,Valid,Valid,Valid,Pass
BUD-202505-BR02-D01-6100,BR02,D01,6100,2100,Original Budget,Fixed profile; branch scale 0.58,2025-05,Valid,Valid,Valid,Valid,Valid,Valid,Valid,Pass
BUD-202505-BR02-D01-6400,BR02,D01,6400,4600,Original Budget,Variable profile; branch scale 0.58,2025-05,Valid,Valid,Valid,Valid,Valid,Valid,Valid,Pass
BUD-202505-BR02-D01-6500,BR02,D01,6500,2900,Original Budget,Variable profile; branch scale 0.58,2025-05,Valid,Valid,Valid,Valid,Valid,Valid,Valid,Pass
BUD-202505-BR02-D01-6700,BR02,D01,6700,900,Original Budget,Fixed profile; branch scale 0.58,2025-05,Valid,Valid,Valid,Valid,Valid,Valid,Valid,Pass
BUD-202505-BR02-D01-6800,BR02,D01,6800,500,Original Budget,Variable profile; branch scale 0.58,2025-05,Valid,Valid,Valid,Valid,Valid,Valid,Valid,Pass
BUD-202505-BR02-D01-7100,BR02,D01,7100,500,Original Budget,Variable profile; branch scale 0.58,2025-05,Valid,Valid,Valid,Valid,Valid,Valid,Valid,Pass
BUD-202505-BR02-D01-7200,BR02,D01,7200,1400,Original Budget,Variable profile; branch scale 0.58,2025-05,Valid,Valid,Valid,Valid,Valid,Valid,Valid,Pass
BUD-202505-BR02-D02-5100,BR02,D02,5100,27800,Original Budget,Revenue profile; branch scale 0.58,2025-05,Valid,Valid,Valid,Valid,Valid,Valid,Valid,Pass
BUD-202505-BR02-D02-6000,BR02,D02,6000,16200,Original Budget,Fixed profile; branch scale 0.58,2025-05,Valid,Valid,Valid,Valid,Valid,Valid,Valid,Pass
BUD-202505-BR02-D02-6100,BR02,D02,6100,2900,Original Budget,Fixed profile; branch scale 0.58,2025-05,Valid,Valid,Valid,Valid,Valid,Valid,Valid,Pass
BUD-202505-BR02-D02-6500,BR02,D02,6500,4100,Original Budget,Variable profile; branch scale 0.58,2025-05,Valid,Valid,Valid,Valid,Valid,Valid,Valid,Pass
BUD-202505-BR02-D02-6600,BR02,D02,6600,3500,Original Budget,Variable profile; branch scale 0.58,2025-05,Valid,Valid,Valid,Valid,Valid,Valid,Valid,Pass
BUD-202505-BR02-D02-6700,BR02,D02,6700,1200,Original Budget,Fixed profile; branch scale 0.58,2025-05,Valid,Valid,Valid,Valid,Valid,Valid,Valid,Pass
BUD-202505-BR02-D02-6800,BR02,D02,6800,400,Original Budget,Variable profile; branch scale 0.58,2025-05,Valid,Valid,Valid,Valid,Valid,Valid,Valid,Pass
BUD-202505-BR02-D02-7100,BR02,D02,7100,600,Original Budget,Variable profile; branch scale 0.58,2025-05,Valid,Valid,Valid,Valid,Valid,Valid,Valid,Pass
BUD-202505-BR02-D02-7200,BR02,D02,7200,1200,Original Budget,Variable profile; branch scale 0.58,2025-05,Valid,Valid,Valid,Valid,Valid,Valid,Valid,Pass
BUD-202505-BR02-D03-6000,BR02,D03,6000,8100,Original Budget,Fixed profile; branch scale 0.58,2025-05,Valid,Valid,Valid,Valid,Valid,Valid,Valid,Pass
BUD-202505-BR02-D03-6100,BR02,D03,6100,1400,Original Budget,Fixed profile; branch scale 0.58,2025-05,Valid,Valid,Valid,Valid,Valid,Valid,Valid,Pass
BUD-202505-BR02-D03-6200,BR02,D03,6200,8700,Original Budget,Fixed profile; branch scale 0.58,2025-05,Valid,Valid,Valid,Valid,Valid,Valid,Valid,Pass
BUD-202505-BR02-D03-6300,BR02,D03,6300,2600,Original Budget,Fixed profile; branch scale 0.58,2025-05,Valid,Valid,Valid,Valid,Valid,Valid,Valid,Pass
BUD-202505-BR02-D03-6600,BR02,D03,6600,1400,Original Budget,Variable profile; branch scale 0.58,2025-05,Valid,Valid,Valid,Valid,Valid,Valid,Valid,Pass
BUD-202505-BR02-D03-6700,BR02,D03,6700,900,Original Budget,Fixed profile; branch scale 0.58,2025-05,Valid,Valid,Valid,Valid,Valid,Valid,Valid,Pass
BUD-202505-BR02-D03-6800,BR02,D03,6800,1000,Original Budget,Variable profile; branch scale 0.58,2025-05,Valid,Valid,Valid,Valid,Valid,Valid,Valid,Pass
BUD-202505-BR02-D03-6900,BR02,D03,6900,1700,Original Budget,Fixed profile; branch scale 0.58,2025-05,Valid,Valid,Valid,Valid,Valid,Valid,Valid,Pass
BUD-202505-BR02-D03-7000,BR02,D03,7000,1300,Original Budget,Fixed profile; branch scale 0.58,2025-05,Valid,Valid,Valid,Valid,Valid,Valid,Valid,Pass
BUD-202505-BR02-D03-7100,BR02,D03,7100,300,Original Budget,Variable profile; branch scale 0.58,2025-05,Valid,Valid,Valid,Valid,Valid,Valid,Valid,Pass
BUD-202505-BR02-D03-7200,BR02,D03,7200,400,Original Budget,Variable profile; branch scale 0.58,2025-05,Valid,Valid,Valid,Valid,Valid,Valid,Valid,Pass
BUD-202505-BR02-D03-7300,BR02,D03,7300,300,Original Budget,Fixed profile; branch scale 0.58,2025-05,Valid,Valid,Valid,Valid,Valid,Valid,Valid,Pass
BUD-202505-BR02-D03-7400,BR02,D03,7400,4100,Original Budget,Fixed profile; branch scale 0.58,2025-05,Valid,Valid,Valid,Valid,Valid,Valid,Valid,Pass
BUD-202505-BR02-D03-7500,BR02,D03,7500,600,Original Budget,Variable profile; branch scale 0.58,2025-05,Valid,Valid,Valid,Valid,Valid,Valid,Valid,Pass
BUD-202505-BR02-D04-6000,BR02,D04,6000,9300,Original Budget,Fixed profile; branch scale 0.58,2025-05,Valid,Valid,Valid,Valid,Valid,Valid,Valid,Pass
BUD-202505-BR02-D04-6100,BR02,D04,6100,1700,Original Budget,Fixed profile; branch scale 0.58,2025-05,Valid,Valid,Valid,Valid,Valid,Valid,Valid,Pass
BUD-202505-BR02-D04-6700,BR02,D04,6700,1000,Original Budget,Fixed profile; branch scale 0.58,2025-05,Valid,Valid,Valid,Valid,Valid,Valid,Valid,Pass
BUD-202505-BR02-D04-6800,BR02,D04,6800,300,Original Budget,Variable profile; branch scale 0.58,2025-05,Valid,Valid,Valid,Valid,Valid,Valid,Valid,Pass
BUD-202505-BR02-D04-6900,BR02,D04,6900,1200,Original Budget,Fixed profile; branch scale 0.58,2025-05,Valid,Valid,Valid,Valid,Valid,Valid,Valid,Pass
BUD-202505-BR02-D04-7000,BR02,D04,7000,500,Original Budget,Fixed profile; branch scale 0.58,2025-05,Valid,Valid,Valid,Valid,Valid,Valid,Valid,Pass
BUD-202505-BR02-D04-7100,BR02,D04,7100,700,Original Budget,Variable profile; branch scale 0.58,2025-05,Valid,Valid,Valid,Valid,Valid,Valid,Valid,Pass
BUD-202505-BR02-D04-7200,BR02,D04,7200,500,Original Budget,Variable profile; branch scale 0.58,2025-05,Valid,Valid,Valid,Valid,Valid,Valid,Valid,Pass
BUD-202505-BR02-D04-7300,BR02,D04,7300,200,Original Budget,Fixed profile; branch scale 0.58,2025-05,Valid,Valid,Valid,Valid,Valid,Valid,Valid,Pass
BUD-202505-BR02-D04-7500,BR02,D04,7500,400,Original Budget,Variable profile; branch scale 0.58,2025-05,Valid,Valid,Valid,Valid,Valid,Valid,Valid,Pass
BUD-202505-BR03-D01-4000,BR03,D01,4000,288000,Original Budget,Revenue profile; branch scale 0.72,2025-05,Valid,Valid,Valid,Valid,Valid,Valid,Valid,Pass
BUD-202505-BR03-D01-4100,BR03,D01,4100,86400,Original Budget,Revenue profile; branch scale 0.72,2025-05,Valid,Valid,Valid,Valid,Valid,Valid,Valid,Pass
BUD-202505-BR03-D01-4200,BR03,D01,4200,5800,Original Budget,Revenue profile; branch scale 0.72,2025-05,Valid,Valid,Valid,Valid,Valid,Valid,Valid,Pass
BUD-202505-BR03-D01-5000,BR03,D01,5000,172800,Original Budget,Revenue profile; branch scale 0.72,2025-05,Valid,Valid,Valid,Valid,Valid,Valid,Valid,Pass
BUD-202505-BR03-D01-6000,BR03,D01,6000,14400,Original Budget,Fixed profile; branch scale 0.72,2025-05,Valid,Valid,Valid,Valid,Valid,Valid,Valid,Pass
BUD-202505-BR03-D01-6100,BR03,D01,6100,2600,Original Budget,Fixed profile; branch scale 0.72,2025-05,Valid,Valid,Valid,Valid,Valid,Valid,Valid,Pass
BUD-202505-BR03-D01-6400,BR03,D01,6400,5800,Original Budget,Variable profile; branch scale 0.72,2025-05,Valid,Valid,Valid,Valid,Valid,Valid,Valid,Pass
BUD-202505-BR03-D01-6500,BR03,D01,6500,3600,Original Budget,Variable profile; branch scale 0.72,2025-05,Valid,Valid,Valid,Valid,Valid,Valid,Valid,Pass
BUD-202505-BR03-D01-6700,BR03,D01,6700,1100,Original Budget,Fixed profile; branch scale 0.72,2025-05,Valid,Valid,Valid,Valid,Valid,Valid,Valid,Pass
BUD-202505-BR03-D01-6800,BR03,D01,6800,600,Original Budget,Variable profile; branch scale 0.72,2025-05,Valid,Valid,Valid,Valid,Valid,Valid,Valid,Pass
BUD-202505-BR03-D01-7100,BR03,D01,7100,600,Original Budget,Variable profile; branch scale 0.72,2025-05,Valid,Valid,Valid,Valid,Valid,Valid,Valid,Pass
BUD-202505-BR03-D01-7200,BR03,D01,7200,1800,Original Budget,Variable profile; branch scale 0.72,2025-05,Valid,Valid,Valid,Valid,Valid,Valid,Valid,Pass
BUD-202505-BR03-D02-5100,BR03,D02,5100,34600,Original Budget,Revenue profile; branch scale 0.72,2025-05,Valid,Valid,Valid,Valid,Valid,Valid,Valid,Pass
BUD-202505-BR03-D02-6000,BR03,D02,6000,20200,Original Budget,Fixed profile; branch scale 0.72,2025-05,Valid,Valid,Valid,Valid,Valid,Valid,Valid,Pass
BUD-202505-BR03-D02-6100,BR03,D02,6100,3600,Original Budget,Fixed profile; branch scale 0.72,2025-05,Valid,Valid,Valid,Valid,Valid,Valid,Valid,Pass
BUD-202505-BR03-D02-6500,BR03,D02,6500,5000,Original Budget,Variable profile; branch scale 0.72,2025-05,Valid,Valid,Valid,Valid,Valid,Valid,Valid,Pass
BUD-202505-BR03-D02-6600,BR03,D02,6600,4300,Original Budget,Variable profile; branch scale 0.72,2025-05,Valid,Valid,Valid,Valid,Valid,Valid,Valid,Pass
BUD-202505-BR03-D02-6700,BR03,D02,6700,1400,Original Budget,Fixed profile; branch scale 0.72,2025-05,Valid,Valid,Valid,Valid,Valid,Valid,Valid,Pass
BUD-202505-BR03-D02-6800,BR03,D02,6800,500,Original Budget,Variable profile; branch scale 0.72,2025-05,Valid,Valid,Valid,Valid,Valid,Valid,Valid,Pass
BUD-202505-BR03-D02-7100,BR03,D02,7100,700,Original Budget,Variable profile; branch scale 0.72,2025-05,Valid,Valid,Valid,Valid,Valid,Valid,Valid,Pass
BUD-202505-BR03-D02-7200,BR03,D02,7200,1400,Original Budget,Variable profile; branch scale 0.72,2025-05,Valid,Valid,Valid,Valid,Valid,Valid,Valid,Pass
BUD-202505-BR03-D03-6000,BR03,D03,6000,10100,Original Budget,Fixed profile; branch scale 0.72,2025-05,Valid,Valid,Valid,Valid,Valid,Valid,Valid,Pass
BUD-202505-BR03-D03-6100,BR03,D03,6100,1800,Original Budget,Fixed profile; branch scale 0.72,2025-05,Valid,Valid,Valid,Valid,Valid,Valid,Valid,Pass
BUD-202505-BR03-D03-6200,BR03,D03,6200,10800,Original Budget,Fixed profile; branch scale 0.72,2025-05,Valid,Valid,Valid,Valid,Valid,Valid,Valid,Pass
BUD-202505-BR03-D03-6300,BR03,D03,6300,3200,Original Budget,Fixed profile; branch scale 0.72,2025-05,Valid,Valid,Valid,Valid,Valid,Valid,Valid,Pass
BUD-202505-BR03-D03-6600,BR03,D03,6600,1800,Original Budget,Variable profile; branch scale 0.72,2025-05,Valid,Valid,Valid,Valid,Valid,Valid,Valid,Pass
BUD-202505-BR03-D03-6700,BR03,D03,6700,1100,Original Budget,Fixed profile; branch scale 0.72,2025-05,Valid,Valid,Valid,Valid,Valid,Valid,Valid,Pass
BUD-202505-BR03-D03-6800,BR03,D03,6800,1300,Original Budget,Variable profile; branch scale 0.72,2025-05,Valid,Valid,Valid,Valid,Valid,Valid,Valid,Pass
BUD-202505-BR03-D03-6900,BR03,D03,6900,2200,Original Budget,Fixed profile; branch scale 0.72,2025-05,Valid,Valid,Valid,Valid,Valid,Valid,Valid,Pass
BUD-202505-BR03-D03-7000,BR03,D03,7000,1600,Original Budget,Fixed profile; branch scale 0.72,2025-05,Valid,Valid,Valid,Valid,Valid,Valid,Valid,Pass
BUD-202505-BR03-D03-7100,BR03,D03,7100,400,Original Budget,Variable profile; branch scale 0.72,2025-05,Valid,Valid,Valid,Valid,Valid,Valid,Valid,Pass
BUD-202505-BR03-D03-7200,BR03,D03,7200,500,Original Budget,Variable profile; branch scale 0.72,2025-05,Valid,Valid,Valid,Valid,Valid,Valid,Valid,Pass
BUD-202505-BR03-D03-7300,BR03,D03,7300,400,Original Budget,Fixed profile; branch scale 0.72,2025-05,Valid,Valid,Valid,Valid,Valid,Valid,Valid,Pass
BUD-202505-BR03-D03-7400,BR03,D03,7400,5000,Original Budget,Fixed profile; branch scale 0.72,2025-05,Valid,Valid,Valid,Valid,Valid,Valid,Valid,Pass
BUD-202505-BR03-D03-7500,BR03,D03,7500,700,Original Budget,Variable profile; branch scale 0.72,2025-05,Valid,Valid,Valid,Valid,Valid,Valid,Valid,Pass
BUD-202505-BR03-D04-6000,BR03,D04,6000,11500,Original Budget,Fixed profile; branch scale 0.72,2025-05,Valid,Valid,Valid,Valid,Valid,Valid,Valid,Pass
BUD-202505-BR03-D04-6100,BR03,D04,6100,2100,Original Budget,Fixed profile; branch scale 0.72,2025-05,Valid,Valid,Valid,Valid,Valid,Valid,Valid,Pass
BUD-202505-BR03-D04-6700,BR03,D04,6700,1300,Original Budget,Fixed profile; branch scale 0.72,2025-05,Valid,Valid,Valid,Valid,Valid,Valid,Valid,Pass
BUD-202505-BR03-D04-6800,BR03,D04,6800,400,Original Budget,Variable profile; branch scale 0.72,2025-05,Valid,Valid,Valid,Valid,Valid,Valid,Valid,Pass
BUD-202505-BR03-D04-6900,BR03,D04,6900,1400,Original Budget,Fixed profile; branch scale 0.72,2025-05,Valid,Valid,Valid,Valid,Valid,Valid,Valid,Pass
BUD-202505-BR03-D04-7000,BR03,D04,7000,600,Original Budget,Fixed profile; branch scale 0.72,2025-05,Valid,Valid,Valid,Valid,Valid,Valid,Valid,Pass
BUD-202505-BR03-D04-7100,BR03,D04,7100,900,Original Budget,Variable profile; branch scale 0.72,2025-05,Valid,Valid,Valid,Valid,Valid,Valid,Valid,Pass
BUD-202505-BR03-D04-7200,BR03,D04,7200,600,Original Budget,Variable profile; branch scale 0.72,2025-05,Valid,Valid,Valid,Valid,Valid,Valid,Valid,Pass
BUD-202505-BR03-D04-7300,BR03,D04,7300,300,Original Budget,Fixed profile; branch scale 0.72,2025-05,Valid,Valid,Valid,Valid,Valid,Valid,Valid,Pass
BUD-202505-BR03-D04-7500,BR03,D04,7500,500,Original Budget,Variable profile; branch scale 0.72,2025-05,Valid,Valid,Valid,Valid,Valid,Valid,Valid,Pass
BUD-202505-BR04-D01-4000,BR04,D01,4000,312000,Original Budget,Revenue profile; branch scale 0.78,2025-05,Valid,Valid,Valid,Valid,Valid,Valid,Valid,Pass
BUD-202505-BR04-D01-4100,BR04,D01,4100,93600,Original Budget,Revenue profile; branch scale 0.78,2025-05,Valid,Valid,Valid,Valid,Valid,Valid,Valid,Pass
BUD-202505-BR04-D01-4200,BR04,D01,4200,6200,Original Budget,Revenue profile; branch scale 0.78,2025-05,Valid,Valid,Valid,Valid,Valid,Valid,Valid,Pass
BUD-202505-BR04-D01-5000,BR04,D01,5000,187200,Original Budget,Revenue profile; branch scale 0.78,2025-05,Valid,Valid,Valid,Valid,Valid,Valid,Valid,Pass
BUD-202505-BR04-D01-6000,BR04,D01,6000,15600,Original Budget,Fixed profile; branch scale 0.78,2025-05,Valid,Valid,Valid,Valid,Valid,Valid,Valid,Pass
BUD-202505-BR04-D01-6100,BR04,D01,6100,2800,Original Budget,Fixed profile; branch scale 0.78,2025-05,Valid,Valid,Valid,Valid,Valid,Valid,Valid,Pass
BUD-202505-BR04-D01-6400,BR04,D01,6400,6200,Original Budget,Variable profile; branch scale 0.78,2025-05,Valid,Valid,Valid,Valid,Valid,Valid,Valid,Pass
BUD-202505-BR04-D01-6500,BR04,D01,6500,3900,Original Budget,Variable profile; branch scale 0.78,2025-05,Valid,Valid,Valid,Valid,Valid,Valid,Valid,Pass
BUD-202505-BR04-D01-6700,BR04,D01,6700,1200,Original Budget,Fixed profile; branch scale 0.78,2025-05,Valid,Valid,Valid,Valid,Valid,Valid,Valid,Pass
BUD-202505-BR04-D01-6800,BR04,D01,6800,600,Original Budget,Variable profile; branch scale 0.78,2025-05,Valid,Valid,Valid,Valid,Valid,Valid,Valid,Pass
BUD-202505-BR04-D01-7100,BR04,D01,7100,600,Original Budget,Variable profile; branch scale 0.78,2025-05,Valid,Valid,Valid,Valid,Valid,Valid,Valid,Pass
BUD-202505-BR04-D01-7200,BR04,D01,7200,2000,Original Budget,Variable profile; branch scale 0.78,2025-05,Valid,Valid,Valid,Valid,Valid,Valid,Valid,Pass
BUD-202505-BR04-D02-5100,BR04,D02,5100,37400,Original Budget,Revenue profile; branch scale 0.78,2025-05,Valid,Valid,Valid,Valid,Valid,Valid,Valid,Pass
BUD-202505-BR04-D02-6000,BR04,D02,6000,21800,Original Budget,Fixed profile; branch scale 0.78,2025-05,Valid,Valid,Valid,Valid,Valid,Valid,Valid,Pass
BUD-202505-BR04-D02-6100,BR04,D02,6100,3900,Original Budget,Fixed profile; branch scale 0.78,2025-05,Valid,Valid,Valid,Valid,Valid,Valid,Valid,Pass
BUD-202505-BR04-D02-6500,BR04,D02,6500,5500,Original Budget,Variable profile; branch scale 0.78,2025-05,Valid,Valid,Valid,Valid,Valid,Valid,Valid,Pass
BUD-202505-BR04-D02-6600,BR04,D02,6600,4700,Original Budget,Variable profile; branch scale 0.78,2025-05,Valid,Valid,Valid,Valid,Valid,Valid,Valid,Pass
BUD-202505-BR04-D02-6700,BR04,D02,6700,1600,Original Budget,Fixed profile; branch scale 0.78,2025-05,Valid,Valid,Valid,Valid,Valid,Valid,Valid,Pass
BUD-202505-BR04-D02-6800,BR04,D02,6800,500,Original Budget,Variable profile; branch scale 0.78,2025-05,Valid,Valid,Valid,Valid,Valid,Valid,Valid,Pass
BUD-202505-BR04-D02-7100,BR04,D02,7100,800,Original Budget,Variable profile; branch scale 0.78,2025-05,Valid,Valid,Valid,Valid,Valid,Valid,Valid,Pass
BUD-202505-BR04-D02-7200,BR04,D02,7200,1600,Original Budget,Variable profile; branch scale 0.78,2025-05,Valid,Valid,Valid,Valid,Valid,Valid,Valid,Pass
BUD-202505-BR04-D03-6000,BR04,D03,6000,10900,Original Budget,Fixed profile; branch scale 0.78,2025-05,Valid,Valid,Valid,Valid,Valid,Valid,Valid,Pass
BUD-202505-BR04-D03-6100,BR04,D03,6100,2000,Original Budget,Fixed profile; branch scale 0.78,2025-05,Valid,Valid,Valid,Valid,Valid,Valid,Valid,Pass
BUD-202505-BR04-D03-6200,BR04,D03,6200,11700,Original Budget,Fixed profile; branch scale 0.78,2025-05,Valid,Valid,Valid,Valid,Valid,Valid,Valid,Pass
BUD-202505-BR04-D03-6300,BR04,D03,6300,3500,Original Budget,Fixed profile; branch scale 0.78,2025-05,Valid,Valid,Valid,Valid,Valid,Valid,Valid,Pass
BUD-202505-BR04-D03-6600,BR04,D03,6600,2000,Original Budget,Variable profile; branch scale 0.78,2025-05,Valid,Valid,Valid,Valid,Valid,Valid,Valid,Pass
BUD-202505-BR04-D03-6700,BR04,D03,6700,1200,Original Budget,Fixed profile; branch scale 0.78,2025-05,Valid,Valid,Valid,Valid,Valid,Valid,Valid,Pass
BUD-202505-BR04-D03-6800,BR04,D03,6800,1400,Original Budget,Variable profile; branch scale 0.78,2025-05,Valid,Valid,Valid,Valid,Valid,Valid,Valid,Pass
BUD-202505-BR04-D03-6900,BR04,D03,6900,2300,Original Budget,Fixed profile; branch scale 0.78,2025-05,Valid,Valid,Valid,Valid,Valid,Valid,Valid,Pass
BUD-202505-BR04-D03-7000,BR04,D03,7000,1700,Original Budget,Fixed profile; branch scale 0.78,2025-05,Valid,Valid,Valid,Valid,Valid,Valid,Valid,Pass
BUD-202505-BR04-D03-7100,BR04,D03,7100,400,Original Budget,Variable profile; branch scale 0.78,2025-05,Valid,Valid,Valid,Valid,Valid,Valid,Valid,Pass
BUD-202505-BR04-D03-7200,BR04,D03,7200,500,Original Budget,Variable profile; branch scale 0.78,2025-05,Valid,Valid,Valid,Valid,Valid,Valid,Valid,Pass
BUD-202505-BR04-D03-7300,BR04,D03,7300,500,Original Budget,Fixed profile; branch scale 0.78,2025-05,Valid,Valid,Valid,Valid,Valid,Valid,Valid,Pass
BUD-202505-BR04-D03-7400,BR04,D03,7400,5500,Original Budget,Fixed profile; branch scale 0.78,2025-05,Valid,Valid,Valid,Valid,Valid,Valid,Valid,Pass
BUD-202505-BR04-D03-7500,BR04,D03,7500,800,Original Budget,Variable profile; branch scale 0.78,2025-05,Valid,Valid,Valid,Valid,Valid,Valid,Valid,Pass
BUD-202505-BR04-D04-6000,BR04,D04,6000,12500,Original Budget,Fixed profile; branch scale 0.78,2025-05,Valid,Valid,Valid,Valid,Valid,Valid,Valid,Pass
BUD-202505-BR04-D04-6100,BR04,D04,6100,2300,Original Budget,Fixed profile; branch scale 0.78,2025-05,Valid,Valid,Valid,Valid,Valid,Valid,Valid,Pass
BUD-202505-BR04-D04-6700,BR04,D04,6700,1400,Original Budget,Fixed profile; branch scale 0.78,2025-05,Valid,Valid,Valid,Valid,Valid,Valid,Valid,Pass
BUD-202505-BR04-D04-6800,BR04,D04,6800,500,Original Budget,Variable profile; branch scale 0.78,2025-05,Valid,Valid,Valid,Valid,Valid,Valid,Valid,Pass
BUD-202505-BR04-D04-6900,BR04,D04,6900,1600,Original Budget,Fixed profile; branch scale 0.78,2025-05,Valid,Valid,Valid,Valid,Valid,Valid,Valid,Pass
BUD-202505-BR04-D04-7000,BR04,D04,7000,600,Original Budget,Fixed profile; branch scale 0.78,2025-05,Valid,Valid,Valid,Valid,Valid,Valid,Valid,Pass
BUD-202505-BR04-D04-7100,BR04,D04,7100,900,Original Budget,Variable profile; branch scale 0.78,2025-05,Valid,Valid,Valid,Valid,Valid,Valid,Valid,Pass
BUD-202505-BR04-D04-7200,BR04,D04,7200,600,Original Budget,Variable profile; branch scale 0.78,2025-05,Valid,Valid,Valid,Valid,Valid,Valid,Valid,Pass
BUD-202505-BR04-D04-7300,BR04,D04,7300,300,Original Budget,Fixed profile; branch scale 0.78,2025-05,Valid,Valid,Valid,Valid,Valid,Valid,Valid,Pass
BUD-202505-BR04-D04-7500,BR04,D04,7500,500,Original Budget,Variable profile; branch scale 0.78,2025-05,Valid,Valid,Valid,Valid,Valid,Valid,Valid,Pass
BUD-202506-BR01-D01-4000,BR01,D01,4000,416000,Original Budget,Revenue profile; branch scale 1.00,2025-06,Valid,Valid,Valid,Valid,Valid,Valid,Valid,Pass
BUD-202506-BR01-D01-4100,BR01,D01,4100,124800,Original Budget,Revenue profile; branch scale 1.00,2025-06,Valid,Valid,Valid,Valid,Valid,Valid,Valid,Pass
BUD-202506-BR01-D01-4200,BR01,D01,4200,8300,Original Budget,Revenue profile; branch scale 1.00,2025-06,Valid,Valid,Valid,Valid,Valid,Valid,Valid,Pass
BUD-202506-BR01-D01-5000,BR01,D01,5000,249600,Original Budget,Revenue profile; branch scale 1.00,2025-06,Valid,Valid,Valid,Valid,Valid,Valid,Valid,Pass
BUD-202506-BR01-D01-6000,BR01,D01,6000,20000,Original Budget,Fixed profile; branch scale 1.00,2025-06,Valid,Valid,Valid,Valid,Valid,Valid,Valid,Pass
BUD-202506-BR01-D01-6100,BR01,D01,6100,3600,Original Budget,Fixed profile; branch scale 1.00,2025-06,Valid,Valid,Valid,Valid,Valid,Valid,Valid,Pass
BUD-202506-BR01-D01-6400,BR01,D01,6400,8200,Original Budget,Variable profile; branch scale 1.00,2025-06,Valid,Valid,Valid,Valid,Valid,Valid,Valid,Pass
BUD-202506-BR01-D01-6500,BR01,D01,6500,5100,Original Budget,Variable profile; branch scale 1.00,2025-06,Valid,Valid,Valid,Valid,Valid,Valid,Valid,Pass
BUD-202506-BR01-D01-6700,BR01,D01,6700,1500,Original Budget,Fixed profile; branch scale 1.00,2025-06,Valid,Valid,Valid,Valid,Valid,Valid,Valid,Pass
BUD-202506-BR01-D01-6800,BR01,D01,6800,800,Original Budget,Variable profile; branch scale 1.00,2025-06,Valid,Valid,Valid,Valid,Valid,Valid,Valid,Pass
BUD-202506-BR01-D01-7100,BR01,D01,7100,800,Original Budget,Variable profile; branch scale 1.00,2025-06,Valid,Valid,Valid,Valid,Valid,Valid,Valid,Pass
BUD-202506-BR01-D01-7200,BR01,D01,7200,2600,Original Budget,Variable profile; branch scale 1.00,2025-06,Valid,Valid,Valid,Valid,Valid,Valid,Valid,Pass
BUD-202506-BR01-D02-5100,BR01,D02,5100,49900,Original Budget,Revenue profile; branch scale 1.00,2025-06,Valid,Valid,Valid,Valid,Valid,Valid,Valid,Pass
BUD-202506-BR01-D02-6000,BR01,D02,6000,28000,Original Budget,Fixed profile; branch scale 1.00,2025-06,Valid,Valid,Valid,Valid,Valid,Valid,Valid,Pass
BUD-202506-BR01-D02-6100,BR01,D02,6100,5000,Original Budget,Fixed profile; branch scale 1.00,2025-06,Valid,Valid,Valid,Valid,Valid,Valid,Valid,Pass
BUD-202506-BR01-D02-6500,BR01,D02,6500,7100,Original Budget,Variable profile; branch scale 1.00,2025-06,Valid,Valid,Valid,Valid,Valid,Valid,Valid,Pass
BUD-202506-BR01-D02-6600,BR01,D02,6600,6100,Original Budget,Variable profile; branch scale 1.00,2025-06,Valid,Valid,Valid,Valid,Valid,Valid,Valid,Pass
BUD-202506-BR01-D02-6700,BR01,D02,6700,2000,Original Budget,Fixed profile; branch scale 1.00,2025-06,Valid,Valid,Valid,Valid,Valid,Valid,Valid,Pass
BUD-202506-BR01-D02-6800,BR01,D02,6800,700,Original Budget,Variable profile; branch scale 1.00,2025-06,Valid,Valid,Valid,Valid,Valid,Valid,Valid,Pass
BUD-202506-BR01-D02-7100,BR01,D02,7100,1000,Original Budget,Variable profile; branch scale 1.00,2025-06,Valid,Valid,Valid,Valid,Valid,Valid,Valid,Pass
BUD-202506-BR01-D02-7200,BR01,D02,7200,2000,Original Budget,Variable profile; branch scale 1.00,2025-06,Valid,Valid,Valid,Valid,Valid,Valid,Valid,Pass
BUD-202506-BR01-D03-6000,BR01,D03,6000,14000,Original Budget,Fixed profile; branch scale 1.00,2025-06,Valid,Valid,Valid,Valid,Valid,Valid,Valid,Pass
BUD-202506-BR01-D03-6100,BR01,D03,6100,2500,Original Budget,Fixed profile; branch scale 1.00,2025-06,Valid,Valid,Valid,Valid,Valid,Valid,Valid,Pass
BUD-202506-BR01-D03-6200,BR01,D03,6200,15000,Original Budget,Fixed profile; branch scale 1.00,2025-06,Valid,Valid,Valid,Valid,Valid,Valid,Valid,Pass
BUD-202506-BR01-D03-6300,BR01,D03,6300,4500,Original Budget,Fixed profile; branch scale 1.00,2025-06,Valid,Valid,Valid,Valid,Valid,Valid,Valid,Pass
BUD-202506-BR01-D03-6600,BR01,D03,6600,2600,Original Budget,Variable profile; branch scale 1.00,2025-06,Valid,Valid,Valid,Valid,Valid,Valid,Valid,Pass
BUD-202506-BR01-D03-6700,BR01,D03,6700,1500,Original Budget,Fixed profile; branch scale 1.00,2025-06,Valid,Valid,Valid,Valid,Valid,Valid,Valid,Pass
BUD-202506-BR01-D03-6800,BR01,D03,6800,1800,Original Budget,Variable profile; branch scale 1.00,2025-06,Valid,Valid,Valid,Valid,Valid,Valid,Valid,Pass
BUD-202506-BR01-D03-6900,BR01,D03,6900,3000,Original Budget,Fixed profile; branch scale 1.00,2025-06,Valid,Valid,Valid,Valid,Valid,Valid,Valid,Pass
BUD-202506-BR01-D03-7000,BR01,D03,7000,2200,Original Budget,Fixed profile; branch scale 1.00,2025-06,Valid,Valid,Valid,Valid,Valid,Valid,Valid,Pass
BUD-202506-BR01-D03-7100,BR01,D03,7100,500,Original Budget,Variable profile; branch scale 1.00,2025-06,Valid,Valid,Valid,Valid,Valid,Valid,Valid,Pass
BUD-202506-BR01-D03-7200,BR01,D03,7200,700,Original Budget,Variable profile; branch scale 1.00,2025-06,Valid,Valid,Valid,Valid,Valid,Valid,Valid,Pass
BUD-202506-BR01-D03-7300,BR01,D03,7300,600,Original Budget,Fixed profile; branch scale 1.00,2025-06,Valid,Valid,Valid,Valid,Valid,Valid,Valid,Pass
BUD-202506-BR01-D03-7400,BR01,D03,7400,7000,Original Budget,Fixed profile; branch scale 1.00,2025-06,Valid,Valid,Valid,Valid,Valid,Valid,Valid,Pass
BUD-202506-BR01-D03-7500,BR01,D03,7500,1000,Original Budget,Variable profile; branch scale 1.00,2025-06,Valid,Valid,Valid,Valid,Valid,Valid,Valid,Pass
BUD-202506-BR01-D04-6000,BR01,D04,6000,16000,Original Budget,Fixed profile; branch scale 1.00,2025-06,Valid,Valid,Valid,Valid,Valid,Valid,Valid,Pass
BUD-202506-BR01-D04-6100,BR01,D04,6100,2900,Original Budget,Fixed profile; branch scale 1.00,2025-06,Valid,Valid,Valid,Valid,Valid,Valid,Valid,Pass
BUD-202506-BR01-D04-6700,BR01,D04,6700,1800,Original Budget,Fixed profile; branch scale 1.00,2025-06,Valid,Valid,Valid,Valid,Valid,Valid,Valid,Pass
BUD-202506-BR01-D04-6800,BR01,D04,6800,600,Original Budget,Variable profile; branch scale 1.00,2025-06,Valid,Valid,Valid,Valid,Valid,Valid,Valid,Pass
BUD-202506-BR01-D04-6900,BR01,D04,6900,2000,Original Budget,Fixed profile; branch scale 1.00,2025-06,Valid,Valid,Valid,Valid,Valid,Valid,Valid,Pass
BUD-202506-BR01-D04-7000,BR01,D04,7000,800,Original Budget,Fixed profile; branch scale 1.00,2025-06,Valid,Valid,Valid,Valid,Valid,Valid,Valid,Pass
BUD-202506-BR01-D04-7100,BR01,D04,7100,1200,Original Budget,Variable profile; branch scale 1.00,2025-06,Valid,Valid,Valid,Valid,Valid,Valid,Valid,Pass
BUD-202506-BR01-D04-7200,BR01,D04,7200,800,Original Budget,Variable profile; branch scale 1.00,2025-06,Valid,Valid,Valid,Valid,Valid,Valid,Valid,Pass
BUD-202506-BR01-D04-7300,BR01,D04,7300,400,Original Budget,Fixed profile; branch scale 1.00,2025-06,Valid,Valid,Valid,Valid,Valid,Valid,Valid,Pass
BUD-202506-BR01-D04-7500,BR01,D04,7500,700,Original Budget,Variable profile; branch scale 1.00,2025-06,Valid,Valid,Valid,Valid,Valid,Valid,Valid,Pass
BUD-202506-BR02-D01-4000,BR02,D01,4000,241300,Original Budget,Revenue profile; branch scale 0.58,2025-06,Valid,Valid,Valid,Valid,Valid,Valid,Valid,Pass
BUD-202506-BR02-D01-4100,BR02,D01,4100,72400,Original Budget,Revenue profile; branch scale 0.58,2025-06,Valid,Valid,Valid,Valid,Valid,Valid,Valid,Pass
BUD-202506-BR02-D01-4200,BR02,D01,4200,4800,Original Budget,Revenue profile; branch scale 0.58,2025-06,Valid,Valid,Valid,Valid,Valid,Valid,Valid,Pass
BUD-202506-BR02-D01-5000,BR02,D01,5000,144800,Original Budget,Revenue profile; branch scale 0.58,2025-06,Valid,Valid,Valid,Valid,Valid,Valid,Valid,Pass
BUD-202506-BR02-D01-6000,BR02,D01,6000,11600,Original Budget,Fixed profile; branch scale 0.58,2025-06,Valid,Valid,Valid,Valid,Valid,Valid,Valid,Pass
BUD-202506-BR02-D01-6100,BR02,D01,6100,2100,Original Budget,Fixed profile; branch scale 0.58,2025-06,Valid,Valid,Valid,Valid,Valid,Valid,Valid,Pass
BUD-202506-BR02-D01-6400,BR02,D01,6400,4700,Original Budget,Variable profile; branch scale 0.58,2025-06,Valid,Valid,Valid,Valid,Valid,Valid,Valid,Pass
BUD-202506-BR02-D01-6500,BR02,D01,6500,3000,Original Budget,Variable profile; branch scale 0.58,2025-06,Valid,Valid,Valid,Valid,Valid,Valid,Valid,Pass
BUD-202506-BR02-D01-6700,BR02,D01,6700,900,Original Budget,Fixed profile; branch scale 0.58,2025-06,Valid,Valid,Valid,Valid,Valid,Valid,Valid,Pass
BUD-202506-BR02-D01-6800,BR02,D01,6800,500,Original Budget,Variable profile; branch scale 0.58,2025-06,Valid,Valid,Valid,Valid,Valid,Valid,Valid,Pass
BUD-202506-BR02-D01-7100,BR02,D01,7100,500,Original Budget,Variable profile; branch scale 0.58,2025-06,Valid,Valid,Valid,Valid,Valid,Valid,Valid,Pass
BUD-202506-BR02-D01-7200,BR02,D01,7200,1500,Original Budget,Variable profile; branch scale 0.58,2025-06,Valid,Valid,Valid,Valid,Valid,Valid,Valid,Pass
BUD-202506-BR02-D02-5100,BR02,D02,5100,29000,Original Budget,Revenue profile; branch scale 0.58,2025-06,Valid,Valid,Valid,Valid,Valid,Valid,Valid,Pass
BUD-202506-BR02-D02-6000,BR02,D02,6000,16200,Original Budget,Fixed profile; branch scale 0.58,2025-06,Valid,Valid,Valid,Valid,Valid,Valid,Valid,Pass
BUD-202506-BR02-D02-6100,BR02,D02,6100,2900,Original Budget,Fixed profile; branch scale 0.58,2025-06,Valid,Valid,Valid,Valid,Valid,Valid,Valid,Pass
BUD-202506-BR02-D02-6500,BR02,D02,6500,4100,Original Budget,Variable profile; branch scale 0.58,2025-06,Valid,Valid,Valid,Valid,Valid,Valid,Valid,Pass
BUD-202506-BR02-D02-6600,BR02,D02,6600,3500,Original Budget,Variable profile; branch scale 0.58,2025-06,Valid,Valid,Valid,Valid,Valid,Valid,Valid,Pass
BUD-202506-BR02-D02-6700,BR02,D02,6700,1200,Original Budget,Fixed profile; branch scale 0.58,2025-06,Valid,Valid,Valid,Valid,Valid,Valid,Valid,Pass
BUD-202506-BR02-D02-6800,BR02,D02,6800,400,Original Budget,Variable profile; branch scale 0.58,2025-06,Valid,Valid,Valid,Valid,Valid,Valid,Valid,Pass
BUD-202506-BR02-D02-7100,BR02,D02,7100,600,Original Budget,Variable profile; branch scale 0.58,2025-06,Valid,Valid,Valid,Valid,Valid,Valid,Valid,Pass
BUD-202506-BR02-D02-7200,BR02,D02,7200,1200,Original Budget,Variable profile; branch scale 0.58,2025-06,Valid,Valid,Valid,Valid,Valid,Valid,Valid,Pass
BUD-202506-BR02-D03-6000,BR02,D03,6000,8100,Original Budget,Fixed profile; branch scale 0.58,2025-06,Valid,Valid,Valid,Valid,Valid,Valid,Valid,Pass
BUD-202506-BR02-D03-6100,BR02,D03,6100,1400,Original Budget,Fixed profile; branch scale 0.58,2025-06,Valid,Valid,Valid,Valid,Valid,Valid,Valid,Pass
BUD-202506-BR02-D03-6200,BR02,D03,6200,8700,Original Budget,Fixed profile; branch scale 0.58,2025-06,Valid,Valid,Valid,Valid,Valid,Valid,Valid,Pass
BUD-202506-BR02-D03-6300,BR02,D03,6300,2600,Original Budget,Fixed profile; branch scale 0.58,2025-06,Valid,Valid,Valid,Valid,Valid,Valid,Valid,Pass
BUD-202506-BR02-D03-6600,BR02,D03,6600,1500,Original Budget,Variable profile; branch scale 0.58,2025-06,Valid,Valid,Valid,Valid,Valid,Valid,Valid,Pass
BUD-202506-BR02-D03-6700,BR02,D03,6700,900,Original Budget,Fixed profile; branch scale 0.58,2025-06,Valid,Valid,Valid,Valid,Valid,Valid,Valid,Pass
BUD-202506-BR02-D03-6800,BR02,D03,6800,1100,Original Budget,Variable profile; branch scale 0.58,2025-06,Valid,Valid,Valid,Valid,Valid,Valid,Valid,Pass
BUD-202506-BR02-D03-6900,BR02,D03,6900,1700,Original Budget,Fixed profile; branch scale 0.58,2025-06,Valid,Valid,Valid,Valid,Valid,Valid,Valid,Pass
BUD-202506-BR02-D03-7000,BR02,D03,7000,1300,Original Budget,Fixed profile; branch scale 0.58,2025-06,Valid,Valid,Valid,Valid,Valid,Valid,Valid,Pass
BUD-202506-BR02-D03-7100,BR02,D03,7100,300,Original Budget,Variable profile; branch scale 0.58,2025-06,Valid,Valid,Valid,Valid,Valid,Valid,Valid,Pass
BUD-202506-BR02-D03-7200,BR02,D03,7200,400,Original Budget,Variable profile; branch scale 0.58,2025-06,Valid,Valid,Valid,Valid,Valid,Valid,Valid,Pass
BUD-202506-BR02-D03-7300,BR02,D03,7300,300,Original Budget,Fixed profile; branch scale 0.58,2025-06,Valid,Valid,Valid,Valid,Valid,Valid,Valid,Pass
BUD-202506-BR02-D03-7400,BR02,D03,7400,4100,Original Budget,Fixed profile; branch scale 0.58,2025-06,Valid,Valid,Valid,Valid,Valid,Valid,Valid,Pass
BUD-202506-BR02-D03-7500,BR02,D03,7500,600,Original Budget,Variable profile; branch scale 0.58,2025-06,Valid,Valid,Valid,Valid,Valid,Valid,Valid,Pass
BUD-202506-BR02-D04-6000,BR02,D04,6000,9300,Original Budget,Fixed profile; branch scale 0.58,2025-06,Valid,Valid,Valid,Valid,Valid,Valid,Valid,Pass
BUD-202506-BR02-D04-6100,BR02,D04,6100,1700,Original Budget,Fixed profile; branch scale 0.58,2025-06,Valid,Valid,Valid,Valid,Valid,Valid,Valid,Pass
BUD-202506-BR02-D04-6700,BR02,D04,6700,1000,Original Budget,Fixed profile; branch scale 0.58,2025-06,Valid,Valid,Valid,Valid,Valid,Valid,Valid,Pass
BUD-202506-BR02-D04-6800,BR02,D04,6800,400,Original Budget,Variable profile; branch scale 0.58,2025-06,Valid,Valid,Valid,Valid,Valid,Valid,Valid,Pass
BUD-202506-BR02-D04-6900,BR02,D04,6900,1200,Original Budget,Fixed profile; branch scale 0.58,2025-06,Valid,Valid,Valid,Valid,Valid,Valid,Valid,Pass
BUD-202506-BR02-D04-7000,BR02,D04,7000,500,Original Budget,Fixed profile; branch scale 0.58,2025-06,Valid,Valid,Valid,Valid,Valid,Valid,Valid,Pass
BUD-202506-BR02-D04-7100,BR02,D04,7100,700,Original Budget,Variable profile; branch scale 0.58,2025-06,Valid,Valid,Valid,Valid,Valid,Valid,Valid,Pass
BUD-202506-BR02-D04-7200,BR02,D04,7200,500,Original Budget,Variable profile; branch scale 0.58,2025-06,Valid,Valid,Valid,Valid,Valid,Valid,Valid,Pass
BUD-202506-BR02-D04-7300,BR02,D04,7300,200,Original Budget,Fixed profile; branch scale 0.58,2025-06,Valid,Valid,Valid,Valid,Valid,Valid,Valid,Pass
BUD-202506-BR02-D04-7500,BR02,D04,7500,400,Original Budget,Variable profile; branch scale 0.58,2025-06,Valid,Valid,Valid,Valid,Valid,Valid,Valid,Pass
BUD-202506-BR03-D01-4000,BR03,D01,4000,299500,Original Budget,Revenue profile; branch scale 0.72,2025-06,Valid,Valid,Valid,Valid,Valid,Valid,Valid,Pass
BUD-202506-BR03-D01-4100,BR03,D01,4100,89900,Original Budget,Revenue profile; branch scale 0.72,2025-06,Valid,Valid,Valid,Valid,Valid,Valid,Valid,Pass
BUD-202506-BR03-D01-4200,BR03,D01,4200,6000,Original Budget,Revenue profile; branch scale 0.72,2025-06,Valid,Valid,Valid,Valid,Valid,Valid,Valid,Pass
BUD-202506-BR03-D01-5000,BR03,D01,5000,179700,Original Budget,Revenue profile; branch scale 0.72,2025-06,Valid,Valid,Valid,Valid,Valid,Valid,Valid,Pass
BUD-202506-BR03-D01-6000,BR03,D01,6000,14400,Original Budget,Fixed profile; branch scale 0.72,2025-06,Valid,Valid,Valid,Valid,Valid,Valid,Valid,Pass
BUD-202506-BR03-D01-6100,BR03,D01,6100,2600,Original Budget,Fixed profile; branch scale 0.72,2025-06,Valid,Valid,Valid,Valid,Valid,Valid,Valid,Pass
BUD-202506-BR03-D01-6400,BR03,D01,6400,5900,Original Budget,Variable profile; branch scale 0.72,2025-06,Valid,Valid,Valid,Valid,Valid,Valid,Valid,Pass
BUD-202506-BR03-D01-6500,BR03,D01,6500,3700,Original Budget,Variable profile; branch scale 0.72,2025-06,Valid,Valid,Valid,Valid,Valid,Valid,Valid,Pass
BUD-202506-BR03-D01-6700,BR03,D01,6700,1100,Original Budget,Fixed profile; branch scale 0.72,2025-06,Valid,Valid,Valid,Valid,Valid,Valid,Valid,Pass
BUD-202506-BR03-D01-6800,BR03,D01,6800,600,Original Budget,Variable profile; branch scale 0.72,2025-06,Valid,Valid,Valid,Valid,Valid,Valid,Valid,Pass
BUD-202506-BR03-D01-7100,BR03,D01,7100,600,Original Budget,Variable profile; branch scale 0.72,2025-06,Valid,Valid,Valid,Valid,Valid,Valid,Valid,Pass
BUD-202506-BR03-D01-7200,BR03,D01,7200,1800,Original Budget,Variable profile; branch scale 0.72,2025-06,Valid,Valid,Valid,Valid,Valid,Valid,Valid,Pass
BUD-202506-BR03-D02-5100,BR03,D02,5100,35900,Original Budget,Revenue profile; branch scale 0.72,2025-06,Valid,Valid,Valid,Valid,Valid,Valid,Valid,Pass
BUD-202506-BR03-D02-6000,BR03,D02,6000,20200,Original Budget,Fixed profile; branch scale 0.72,2025-06,Valid,Valid,Valid,Valid,Valid,Valid,Valid,Pass
BUD-202506-BR03-D02-6100,BR03,D02,6100,3600,Original Budget,Fixed profile; branch scale 0.72,2025-06,Valid,Valid,Valid,Valid,Valid,Valid,Valid,Pass
BUD-202506-BR03-D02-6500,BR03,D02,6500,5100,Original Budget,Variable profile; branch scale 0.72,2025-06,Valid,Valid,Valid,Valid,Valid,Valid,Valid,Pass
BUD-202506-BR03-D02-6600,BR03,D02,6600,4400,Original Budget,Variable profile; branch scale 0.72,2025-06,Valid,Valid,Valid,Valid,Valid,Valid,Valid,Pass
BUD-202506-BR03-D02-6700,BR03,D02,6700,1400,Original Budget,Fixed profile; branch scale 0.72,2025-06,Valid,Valid,Valid,Valid,Valid,Valid,Valid,Pass
BUD-202506-BR03-D02-6800,BR03,D02,6800,500,Original Budget,Variable profile; branch scale 0.72,2025-06,Valid,Valid,Valid,Valid,Valid,Valid,Valid,Pass
BUD-202506-BR03-D02-7100,BR03,D02,7100,700,Original Budget,Variable profile; branch scale 0.72,2025-06,Valid,Valid,Valid,Valid,Valid,Valid,Valid,Pass
BUD-202506-BR03-D02-7200,BR03,D02,7200,1500,Original Budget,Variable profile; branch scale 0.72,2025-06,Valid,Valid,Valid,Valid,Valid,Valid,Valid,Pass
BUD-202506-BR03-D03-6000,BR03,D03,6000,10100,Original Budget,Fixed profile; branch scale 0.72,2025-06,Valid,Valid,Valid,Valid,Valid,Valid,Valid,Pass
BUD-202506-BR03-D03-6100,BR03,D03,6100,1800,Original Budget,Fixed profile; branch scale 0.72,2025-06,Valid,Valid,Valid,Valid,Valid,Valid,Valid,Pass
BUD-202506-BR03-D03-6200,BR03,D03,6200,10800,Original Budget,Fixed profile; branch scale 0.72,2025-06,Valid,Valid,Valid,Valid,Valid,Valid,Valid,Pass
BUD-202506-BR03-D03-6300,BR03,D03,6300,3200,Original Budget,Fixed profile; branch scale 0.72,2025-06,Valid,Valid,Valid,Valid,Valid,Valid,Valid,Pass
BUD-202506-BR03-D03-6600,BR03,D03,6600,1800,Original Budget,Variable profile; branch scale 0.72,2025-06,Valid,Valid,Valid,Valid,Valid,Valid,Valid,Pass
BUD-202506-BR03-D03-6700,BR03,D03,6700,1100,Original Budget,Fixed profile; branch scale 0.72,2025-06,Valid,Valid,Valid,Valid,Valid,Valid,Valid,Pass
BUD-202506-BR03-D03-6800,BR03,D03,6800,1300,Original Budget,Variable profile; branch scale 0.72,2025-06,Valid,Valid,Valid,Valid,Valid,Valid,Valid,Pass
BUD-202506-BR03-D03-6900,BR03,D03,6900,2200,Original Budget,Fixed profile; branch scale 0.72,2025-06,Valid,Valid,Valid,Valid,Valid,Valid,Valid,Pass
BUD-202506-BR03-D03-7000,BR03,D03,7000,1600,Original Budget,Fixed profile; branch scale 0.72,2025-06,Valid,Valid,Valid,Valid,Valid,Valid,Valid,Pass
BUD-202506-BR03-D03-7100,BR03,D03,7100,400,Original Budget,Variable profile; branch scale 0.72,2025-06,Valid,Valid,Valid,Valid,Valid,Valid,Valid,Pass
BUD-202506-BR03-D03-7200,BR03,D03,7200,500,Original Budget,Variable profile; branch scale 0.72,2025-06,Valid,Valid,Valid,Valid,Valid,Valid,Valid,Pass
BUD-202506-BR03-D03-7300,BR03,D03,7300,400,Original Budget,Fixed profile; branch scale 0.72,2025-06,Valid,Valid,Valid,Valid,Valid,Valid,Valid,Pass
BUD-202506-BR03-D03-7400,BR03,D03,7400,5000,Original Budget,Fixed profile; branch scale 0.72,2025-06,Valid,Valid,Valid,Valid,Valid,Valid,Valid,Pass
BUD-202506-BR03-D03-7500,BR03,D03,7500,700,Original Budget,Variable profile; branch scale 0.72,2025-06,Valid,Valid,Valid,Valid,Valid,Valid,Valid,Pass
BUD-202506-BR03-D04-6000,BR03,D04,6000,11500,Original Budget,Fixed profile; branch scale 0.72,2025-06,Valid,Valid,Valid,Valid,Valid,Valid,Valid,Pass
BUD-202506-BR03-D04-6100,BR03,D04,6100,2100,Original Budget,Fixed profile; branch scale 0.72,2025-06,Valid,Valid,Valid,Valid,Valid,Valid,Valid,Pass
BUD-202506-BR03-D04-6700,BR03,D04,6700,1300,Original Budget,Fixed profile; branch scale 0.72,2025-06,Valid,Valid,Valid,Valid,Valid,Valid,Valid,Pass
BUD-202506-BR03-D04-6800,BR03,D04,6800,400,Original Budget,Variable profile; branch scale 0.72,2025-06,Valid,Valid,Valid,Valid,Valid,Valid,Valid,Pass
BUD-202506-BR03-D04-6900,BR03,D04,6900,1400,Original Budget,Fixed profile; branch scale 0.72,2025-06,Valid,Valid,Valid,Valid,Valid,Valid,Valid,Pass
BUD-202506-BR03-D04-7000,BR03,D04,7000,600,Original Budget,Fixed profile; branch scale 0.72,2025-06,Valid,Valid,Valid,Valid,Valid,Valid,Valid,Pass
BUD-202506-BR03-D04-7100,BR03,D04,7100,900,Original Budget,Variable profile; branch scale 0.72,2025-06,Valid,Valid,Valid,Valid,Valid,Valid,Valid,Pass
BUD-202506-BR03-D04-7200,BR03,D04,7200,600,Original Budget,Variable profile; branch scale 0.72,2025-06,Valid,Valid,Valid,Valid,Valid,Valid,Valid,Pass
BUD-202506-BR03-D04-7300,BR03,D04,7300,300,Original Budget,Fixed profile; branch scale 0.72,2025-06,Valid,Valid,Valid,Valid,Valid,Valid,Valid,Pass
BUD-202506-BR03-D04-7500,BR03,D04,7500,500,Original Budget,Variable profile; branch scale 0.72,2025-06,Valid,Valid,Valid,Valid,Valid,Valid,Valid,Pass
BUD-202506-BR04-D01-4000,BR04,D01,4000,324500,Original Budget,Revenue profile; branch scale 0.78,2025-06,Valid,Valid,Valid,Valid,Valid,Valid,Valid,Pass
BUD-202506-BR04-D01-4100,BR04,D01,4100,97300,Original Budget,Revenue profile; branch scale 0.78,2025-06,Valid,Valid,Valid,Valid,Valid,Valid,Valid,Pass
BUD-202506-BR04-D01-4200,BR04,D01,4200,6500,Original Budget,Revenue profile; branch scale 0.78,2025-06,Valid,Valid,Valid,Valid,Valid,Valid,Valid,Pass
BUD-202506-BR04-D01-5000,BR04,D01,5000,194700,Original Budget,Revenue profile; branch scale 0.78,2025-06,Valid,Valid,Valid,Valid,Valid,Valid,Valid,Pass
BUD-202506-BR04-D01-6000,BR04,D01,6000,15600,Original Budget,Fixed profile; branch scale 0.78,2025-06,Valid,Valid,Valid,Valid,Valid,Valid,Valid,Pass
BUD-202506-BR04-D01-6100,BR04,D01,6100,2800,Original Budget,Fixed profile; branch scale 0.78,2025-06,Valid,Valid,Valid,Valid,Valid,Valid,Valid,Pass
BUD-202506-BR04-D01-6400,BR04,D01,6400,6400,Original Budget,Variable profile; branch scale 0.78,2025-06,Valid,Valid,Valid,Valid,Valid,Valid,Valid,Pass
BUD-202506-BR04-D01-6500,BR04,D01,6500,4000,Original Budget,Variable profile; branch scale 0.78,2025-06,Valid,Valid,Valid,Valid,Valid,Valid,Valid,Pass
BUD-202506-BR04-D01-6700,BR04,D01,6700,1200,Original Budget,Fixed profile; branch scale 0.78,2025-06,Valid,Valid,Valid,Valid,Valid,Valid,Valid,Pass
BUD-202506-BR04-D01-6800,BR04,D01,6800,600,Original Budget,Variable profile; branch scale 0.78,2025-06,Valid,Valid,Valid,Valid,Valid,Valid,Valid,Pass
BUD-202506-BR04-D01-7100,BR04,D01,7100,600,Original Budget,Variable profile; branch scale 0.78,2025-06,Valid,Valid,Valid,Valid,Valid,Valid,Valid,Pass
BUD-202506-BR04-D01-7200,BR04,D01,7200,2000,Original Budget,Variable profile; branch scale 0.78,2025-06,Valid,Valid,Valid,Valid,Valid,Valid,Valid,Pass
BUD-202506-BR04-D02-5100,BR04,D02,5100,38900,Original Budget,Revenue profile; branch scale 0.78,2025-06,Valid,Valid,Valid,Valid,Valid,Valid,Valid,Pass
BUD-202506-BR04-D02-6000,BR04,D02,6000,21800,Original Budget,Fixed profile; branch scale 0.78,2025-06,Valid,Valid,Valid,Valid,Valid,Valid,Valid,Pass
BUD-202506-BR04-D02-6100,BR04,D02,6100,3900,Original Budget,Fixed profile; branch scale 0.78,2025-06,Valid,Valid,Valid,Valid,Valid,Valid,Valid,Pass
BUD-202506-BR04-D02-6500,BR04,D02,6500,5600,Original Budget,Variable profile; branch scale 0.78,2025-06,Valid,Valid,Valid,Valid,Valid,Valid,Valid,Pass
BUD-202506-BR04-D02-6600,BR04,D02,6600,4800,Original Budget,Variable profile; branch scale 0.78,2025-06,Valid,Valid,Valid,Valid,Valid,Valid,Valid,Pass
BUD-202506-BR04-D02-6700,BR04,D02,6700,1600,Original Budget,Fixed profile; branch scale 0.78,2025-06,Valid,Valid,Valid,Valid,Valid,Valid,Valid,Pass
BUD-202506-BR04-D02-6800,BR04,D02,6800,600,Original Budget,Variable profile; branch scale 0.78,2025-06,Valid,Valid,Valid,Valid,Valid,Valid,Valid,Pass
BUD-202506-BR04-D02-7100,BR04,D02,7100,800,Original Budget,Variable profile; branch scale 0.78,2025-06,Valid,Valid,Valid,Valid,Valid,Valid,Valid,Pass
BUD-202506-BR04-D02-7200,BR04,D02,7200,1600,Original Budget,Variable profile; branch scale 0.78,2025-06,Valid,Valid,Valid,Valid,Valid,Valid,Valid,Pass
BUD-202506-BR04-D03-6000,BR04,D03,6000,10900,Original Budget,Fixed profile; branch scale 0.78,2025-06,Valid,Valid,Valid,Valid,Valid,Valid,Valid,Pass
BUD-202506-BR04-D03-6100,BR04,D03,6100,2000,Original Budget,Fixed profile; branch scale 0.78,2025-06,Valid,Valid,Valid,Valid,Valid,Valid,Valid,Pass
BUD-202506-BR04-D03-6200,BR04,D03,6200,11700,Original Budget,Fixed profile; branch scale 0.78,2025-06,Valid,Valid,Valid,Valid,Valid,Valid,Valid,Pass
BUD-202506-BR04-D03-6300,BR04,D03,6300,3500,Original Budget,Fixed profile; branch scale 0.78,2025-06,Valid,Valid,Valid,Valid,Valid,Valid,Valid,Pass
BUD-202506-BR04-D03-6600,BR04,D03,6600,2000,Original Budget,Variable profile; branch scale 0.78,2025-06,Valid,Valid,Valid,Valid,Valid,Valid,Valid,Pass
BUD-202506-BR04-D03-6700,BR04,D03,6700,1200,Original Budget,Fixed profile; branch scale 0.78,2025-06,Valid,Valid,Valid,Valid,Valid,Valid,Valid,Pass
BUD-202506-BR04-D03-6800,BR04,D03,6800,1400,Original Budget,Variable profile; branch scale 0.78,2025-06,Valid,Valid,Valid,Valid,Valid,Valid,Valid,Pass
BUD-202506-BR04-D03-6900,BR04,D03,6900,2300,Original Budget,Fixed profile; branch scale 0.78,2025-06,Valid,Valid,Valid,Valid,Valid,Valid,Valid,Pass
BUD-202506-BR04-D03-7000,BR04,D03,7000,1700,Original Budget,Fixed profile; branch scale 0.78,2025-06,Valid,Valid,Valid,Valid,Valid,Valid,Valid,Pass
BUD-202506-BR04-D03-7100,BR04,D03,7100,400,Original Budget,Variable profile; branch scale 0.78,2025-06,Valid,Valid,Valid,Valid,Valid,Valid,Valid,Pass
BUD-202506-BR04-D03-7200,BR04,D03,7200,600,Original Budget,Variable profile; branch scale 0.78,2025-06,Valid,Valid,Valid,Valid,Valid,Valid,Valid,Pass
BUD-202506-BR04-D03-7300,BR04,D03,7300,500,Original Budget,Fixed profile; branch scale 0.78,2025-06,Valid,Valid,Valid,Valid,Valid,Valid,Valid,Pass
BUD-202506-BR04-D03-7400,BR04,D03,7400,5500,Original Budget,Fixed profile; branch scale 0.78,2025-06,Valid,Valid,Valid,Valid,Valid,Valid,Valid,Pass
BUD-202506-BR04-D03-7500,BR04,D03,7500,800,Original Budget,Variable profile; branch scale 0.78,2025-06,Valid,Valid,Valid,Valid,Valid,Valid,Valid,Pass
BUD-202506-BR04-D04-6000,BR04,D04,6000,12500,Original Budget,Fixed profile; branch scale 0.78,2025-06,Valid,Valid,Valid,Valid,Valid,Valid,Valid,Pass
BUD-202506-BR04-D04-6100,BR04,D04,6100,2300,Original Budget,Fixed profile; branch scale 0.78,2025-06,Valid,Valid,Valid,Valid,Valid,Valid,Valid,Pass
BUD-202506-BR04-D04-6700,BR04,D04,6700,1400,Original Budget,Fixed profile; branch scale 0.78,2025-06,Valid,Valid,Valid,Valid,Valid,Valid,Valid,Pass
BUD-202506-BR04-D04-6800,BR04,D04,6800,500,Original Budget,Variable profile; branch scale 0.78,2025-06,Valid,Valid,Valid,Valid,Valid,Valid,Valid,Pass
BUD-202506-BR04-D04-6900,BR04,D04,6900,1600,Original Budget,Fixed profile; branch scale 0.78,2025-06,Valid,Valid,Valid,Valid,Valid,Valid,Valid,Pass
BUD-202506-BR04-D04-7000,BR04,D04,7000,600,Original Budget,Fixed profile; branch scale 0.78,2025-06,Valid,Valid,Valid,Valid,Valid,Valid,Valid,Pass
BUD-202506-BR04-D04-7100,BR04,D04,7100,1000,Original Budget,Variable profile; branch scale 0.78,2025-06,Valid,Valid,Valid,Valid,Valid,Valid,Valid,Pass
BUD-202506-BR04-D04-7200,BR04,D04,7200,600,Original Budget,Variable profile; branch scale 0.78,2025-06,Valid,Valid,Valid,Valid,Valid,Valid,Valid,Pass
BUD-202506-BR04-D04-7300,BR04,D04,7300,300,Original Budget,Fixed profile; branch scale 0.78,2025-06,Valid,Valid,Valid,Valid,Valid,Valid,Valid,Pass
BUD-202506-BR04-D04-7500,BR04,D04,7500,600,Original Budget,Variable profile; branch scale 0.78,2025-06,Valid,Valid,Valid,Valid,Valid,Valid,Valid,Pass
BUD-202507-BR01-D01-4000,BR01,D01,4000,404000,Original Budget,Revenue profile; branch scale 1.00,2025-07,Valid,Valid,Valid,Valid,Valid,Valid,Valid,Pass
BUD-202507-BR01-D01-4100,BR01,D01,4100,121200,Original Budget,Revenue profile; branch scale 1.00,2025-07,Valid,Valid,Valid,Valid,Valid,Valid,Valid,Pass
BUD-202507-BR01-D01-4200,BR01,D01,4200,8100,Original Budget,Revenue profile; branch scale 1.00,2025-07,Valid,Valid,Valid,Valid,Valid,Valid,Valid,Pass
BUD-202507-BR01-D01-5000,BR01,D01,5000,242400,Original Budget,Revenue profile; branch scale 1.00,2025-07,Valid,Valid,Valid,Valid,Valid,Valid,Valid,Pass
BUD-202507-BR01-D01-6000,BR01,D01,6000,20000,Original Budget,Fixed profile; branch scale 1.00,2025-07,Valid,Valid,Valid,Valid,Valid,Valid,Valid,Pass
BUD-202507-BR01-D01-6100,BR01,D01,6100,3600,Original Budget,Fixed profile; branch scale 1.00,2025-07,Valid,Valid,Valid,Valid,Valid,Valid,Valid,Pass
BUD-202507-BR01-D01-6400,BR01,D01,6400,8100,Original Budget,Variable profile; branch scale 1.00,2025-07,Valid,Valid,Valid,Valid,Valid,Valid,Valid,Pass
BUD-202507-BR01-D01-6500,BR01,D01,6500,5000,Original Budget,Variable profile; branch scale 1.00,2025-07,Valid,Valid,Valid,Valid,Valid,Valid,Valid,Pass
BUD-202507-BR01-D01-6700,BR01,D01,6700,1500,Original Budget,Fixed profile; branch scale 1.00,2025-07,Valid,Valid,Valid,Valid,Valid,Valid,Valid,Pass
BUD-202507-BR01-D01-6800,BR01,D01,6800,800,Original Budget,Variable profile; branch scale 1.00,2025-07,Valid,Valid,Valid,Valid,Valid,Valid,Valid,Pass
BUD-202507-BR01-D01-7100,BR01,D01,7100,800,Original Budget,Variable profile; branch scale 1.00,2025-07,Valid,Valid,Valid,Valid,Valid,Valid,Valid,Pass
BUD-202507-BR01-D01-7200,BR01,D01,7200,2500,Original Budget,Variable profile; branch scale 1.00,2025-07,Valid,Valid,Valid,Valid,Valid,Valid,Valid,Pass
BUD-202507-BR01-D02-5100,BR01,D02,5100,48500,Original Budget,Revenue profile; branch scale 1.00,2025-07,Valid,Valid,Valid,Valid,Valid,Valid,Valid,Pass
BUD-202507-BR01-D02-6000,BR01,D02,6000,28000,Original Budget,Fixed profile; branch scale 1.00,2025-07,Valid,Valid,Valid,Valid,Valid,Valid,Valid,Pass
BUD-202507-BR01-D02-6100,BR01,D02,6100,5000,Original Budget,Fixed profile; branch scale 1.00,2025-07,Valid,Valid,Valid,Valid,Valid,Valid,Valid,Pass
BUD-202507-BR01-D02-6500,BR01,D02,6500,7100,Original Budget,Variable profile; branch scale 1.00,2025-07,Valid,Valid,Valid,Valid,Valid,Valid,Valid,Pass
BUD-202507-BR01-D02-6600,BR01,D02,6600,6100,Original Budget,Variable profile; branch scale 1.00,2025-07,Valid,Valid,Valid,Valid,Valid,Valid,Valid,Pass
BUD-202507-BR01-D02-6700,BR01,D02,6700,2000,Original Budget,Fixed profile; branch scale 1.00,2025-07,Valid,Valid,Valid,Valid,Valid,Valid,Valid,Pass
BUD-202507-BR01-D02-6800,BR01,D02,6800,700,Original Budget,Variable profile; branch scale 1.00,2025-07,Valid,Valid,Valid,Valid,Valid,Valid,Valid,Pass
BUD-202507-BR01-D02-7100,BR01,D02,7100,1000,Original Budget,Variable profile; branch scale 1.00,2025-07,Valid,Valid,Valid,Valid,Valid,Valid,Valid,Pass
BUD-202507-BR01-D02-7200,BR01,D02,7200,2000,Original Budget,Variable profile; branch scale 1.00,2025-07,Valid,Valid,Valid,Valid,Valid,Valid,Valid,Pass
BUD-202507-BR01-D03-6000,BR01,D03,6000,14000,Original Budget,Fixed profile; branch scale 1.00,2025-07,Valid,Valid,Valid,Valid,Valid,Valid,Valid,Pass
BUD-202507-BR01-D03-6100,BR01,D03,6100,2500,Original Budget,Fixed profile; branch scale 1.00,2025-07,Valid,Valid,Valid,Valid,Valid,Valid,Valid,Pass
BUD-202507-BR01-D03-6200,BR01,D03,6200,15000,Original Budget,Fixed profile; branch scale 1.00,2025-07,Valid,Valid,Valid,Valid,Valid,Valid,Valid,Pass
BUD-202507-BR01-D03-6300,BR01,D03,6300,4500,Original Budget,Fixed profile; branch scale 1.00,2025-07,Valid,Valid,Valid,Valid,Valid,Valid,Valid,Pass
BUD-202507-BR01-D03-6600,BR01,D03,6600,2500,Original Budget,Variable profile; branch scale 1.00,2025-07,Valid,Valid,Valid,Valid,Valid,Valid,Valid,Pass
BUD-202507-BR01-D03-6700,BR01,D03,6700,1500,Original Budget,Fixed profile; branch scale 1.00,2025-07,Valid,Valid,Valid,Valid,Valid,Valid,Valid,Pass
BUD-202507-BR01-D03-6800,BR01,D03,6800,1800,Original Budget,Variable profile; branch scale 1.00,2025-07,Valid,Valid,Valid,Valid,Valid,Valid,Valid,Pass
BUD-202507-BR01-D03-6900,BR01,D03,6900,3000,Original Budget,Fixed profile; branch scale 1.00,2025-07,Valid,Valid,Valid,Valid,Valid,Valid,Valid,Pass
BUD-202507-BR01-D03-7000,BR01,D03,7000,2200,Original Budget,Fixed profile; branch scale 1.00,2025-07,Valid,Valid,Valid,Valid,Valid,Valid,Valid,Pass
BUD-202507-BR01-D03-7100,BR01,D03,7100,500,Original Budget,Variable profile; branch scale 1.00,2025-07,Valid,Valid,Valid,Valid,Valid,Valid,Valid,Pass
BUD-202507-BR01-D03-7200,BR01,D03,7200,700,Original Budget,Variable profile; branch scale 1.00,2025-07,Valid,Valid,Valid,Valid,Valid,Valid,Valid,Pass
BUD-202507-BR01-D03-7300,BR01,D03,7300,600,Original Budget,Fixed profile; branch scale 1.00,2025-07,Valid,Valid,Valid,Valid,Valid,Valid,Valid,Pass
BUD-202507-BR01-D03-7400,BR01,D03,7400,7000,Original Budget,Fixed profile; branch scale 1.00,2025-07,Valid,Valid,Valid,Valid,Valid,Valid,Valid,Pass
BUD-202507-BR01-D03-7500,BR01,D03,7500,1000,Original Budget,Variable profile; branch scale 1.00,2025-07,Valid,Valid,Valid,Valid,Valid,Valid,Valid,Pass
BUD-202507-BR01-D04-6000,BR01,D04,6000,16000,Original Budget,Fixed profile; branch scale 1.00,2025-07,Valid,Valid,Valid,Valid,Valid,Valid,Valid,Pass
BUD-202507-BR01-D04-6100,BR01,D04,6100,2900,Original Budget,Fixed profile; branch scale 1.00,2025-07,Valid,Valid,Valid,Valid,Valid,Valid,Valid,Pass
BUD-202507-BR01-D04-6700,BR01,D04,6700,1800,Original Budget,Fixed profile; branch scale 1.00,2025-07,Valid,Valid,Valid,Valid,Valid,Valid,Valid,Pass
BUD-202507-BR01-D04-6800,BR01,D04,6800,600,Original Budget,Variable profile; branch scale 1.00,2025-07,Valid,Valid,Valid,Valid,Valid,Valid,Valid,Pass
BUD-202507-BR01-D04-6900,BR01,D04,6900,2000,Original Budget,Fixed profile; branch scale 1.00,2025-07,Valid,Valid,Valid,Valid,Valid,Valid,Valid,Pass
BUD-202507-BR01-D04-7000,BR01,D04,7000,800,Original Budget,Fixed profile; branch scale 1.00,2025-07,Valid,Valid,Valid,Valid,Valid,Valid,Valid,Pass
BUD-202507-BR01-D04-7100,BR01,D04,7100,1200,Original Budget,Variable profile; branch scale 1.00,2025-07,Valid,Valid,Valid,Valid,Valid,Valid,Valid,Pass
BUD-202507-BR01-D04-7200,BR01,D04,7200,800,Original Budget,Variable profile; branch scale 1.00,2025-07,Valid,Valid,Valid,Valid,Valid,Valid,Valid,Pass
BUD-202507-BR01-D04-7300,BR01,D04,7300,400,Original Budget,Fixed profile; branch scale 1.00,2025-07,Valid,Valid,Valid,Valid,Valid,Valid,Valid,Pass
BUD-202507-BR01-D04-7500,BR01,D04,7500,700,Original Budget,Variable profile; branch scale 1.00,2025-07,Valid,Valid,Valid,Valid,Valid,Valid,Valid,Pass
BUD-202507-BR02-D01-4000,BR02,D01,4000,234300,Original Budget,Revenue profile; branch scale 0.58,2025-07,Valid,Valid,Valid,Valid,Valid,Valid,Valid,Pass
BUD-202507-BR02-D01-4100,BR02,D01,4100,70300,Original Budget,Revenue profile; branch scale 0.58,2025-07,Valid,Valid,Valid,Valid,Valid,Valid,Valid,Pass
BUD-202507-BR02-D01-4200,BR02,D01,4200,4700,Original Budget,Revenue profile; branch scale 0.58,2025-07,Valid,Valid,Valid,Valid,Valid,Valid,Valid,Pass
BUD-202507-BR02-D01-5000,BR02,D01,5000,140600,Original Budget,Revenue profile; branch scale 0.58,2025-07,Valid,Valid,Valid,Valid,Valid,Valid,Valid,Pass
BUD-202507-BR02-D01-6000,BR02,D01,6000,11600,Original Budget,Fixed profile; branch scale 0.58,2025-07,Valid,Valid,Valid,Valid,Valid,Valid,Valid,Pass
BUD-202507-BR02-D01-6100,BR02,D01,6100,2100,Original Budget,Fixed profile; branch scale 0.58,2025-07,Valid,Valid,Valid,Valid,Valid,Valid,Valid,Pass
BUD-202507-BR02-D01-6400,BR02,D01,6400,4700,Original Budget,Variable profile; branch scale 0.58,2025-07,Valid,Valid,Valid,Valid,Valid,Valid,Valid,Pass
BUD-202507-BR02-D01-6500,BR02,D01,6500,2900,Original Budget,Variable profile; branch scale 0.58,2025-07,Valid,Valid,Valid,Valid,Valid,Valid,Valid,Pass
BUD-202507-BR02-D01-6700,BR02,D01,6700,900,Original Budget,Fixed profile; branch scale 0.58,2025-07,Valid,Valid,Valid,Valid,Valid,Valid,Valid,Pass
BUD-202507-BR02-D01-6800,BR02,D01,6800,500,Original Budget,Variable profile; branch scale 0.58,2025-07,Valid,Valid,Valid,Valid,Valid,Valid,Valid,Pass
BUD-202507-BR02-D01-7100,BR02,D01,7100,500,Original Budget,Variable profile; branch scale 0.58,2025-07,Valid,Valid,Valid,Valid,Valid,Valid,Valid,Pass
BUD-202507-BR02-D01-7200,BR02,D01,7200,1500,Original Budget,Variable profile; branch scale 0.58,2025-07,Valid,Valid,Valid,Valid,Valid,Valid,Valid,Pass
BUD-202507-BR02-D02-5100,BR02,D02,5100,28100,Original Budget,Revenue profile; branch scale 0.58,2025-07,Valid,Valid,Valid,Valid,Valid,Valid,Valid,Pass
BUD-202507-BR02-D02-6000,BR02,D02,6000,16200,Original Budget,Fixed profile; branch scale 0.58,2025-07,Valid,Valid,Valid,Valid,Valid,Valid,Valid,Pass
BUD-202507-BR02-D02-6100,BR02,D02,6100,2900,Original Budget,Fixed profile; branch scale 0.58,2025-07,Valid,Valid,Valid,Valid,Valid,Valid,Valid,Pass
BUD-202507-BR02-D02-6500,BR02,D02,6500,4100,Original Budget,Variable profile; branch scale 0.58,2025-07,Valid,Valid,Valid,Valid,Valid,Valid,Valid,Pass
BUD-202507-BR02-D02-6600,BR02,D02,6600,3500,Original Budget,Variable profile; branch scale 0.58,2025-07,Valid,Valid,Valid,Valid,Valid,Valid,Valid,Pass
BUD-202507-BR02-D02-6700,BR02,D02,6700,1200,Original Budget,Fixed profile; branch scale 0.58,2025-07,Valid,Valid,Valid,Valid,Valid,Valid,Valid,Pass
BUD-202507-BR02-D02-6800,BR02,D02,6800,400,Original Budget,Variable profile; branch scale 0.58,2025-07,Valid,Valid,Valid,Valid,Valid,Valid,Valid,Pass
BUD-202507-BR02-D02-7100,BR02,D02,7100,600,Original Budget,Variable profile; branch scale 0.58,2025-07,Valid,Valid,Valid,Valid,Valid,Valid,Valid,Pass
BUD-202507-BR02-D02-7200,BR02,D02,7200,1200,Original Budget,Variable profile; branch scale 0.58,2025-07,Valid,Valid,Valid,Valid,Valid,Valid,Valid,Pass
BUD-202507-BR02-D03-6000,BR02,D03,6000,8100,Original Budget,Fixed profile; branch scale 0.58,2025-07,Valid,Valid,Valid,Valid,Valid,Valid,Valid,Pass
BUD-202507-BR02-D03-6100,BR02,D03,6100,1400,Original Budget,Fixed profile; branch scale 0.58,2025-07,Valid,Valid,Valid,Valid,Valid,Valid,Valid,Pass
BUD-202507-BR02-D03-6200,BR02,D03,6200,8700,Original Budget,Fixed profile; branch scale 0.58,2025-07,Valid,Valid,Valid,Valid,Valid,Valid,Valid,Pass
BUD-202507-BR02-D03-6300,BR02,D03,6300,2600,Original Budget,Fixed profile; branch scale 0.58,2025-07,Valid,Valid,Valid,Valid,Valid,Valid,Valid,Pass
BUD-202507-BR02-D03-6600,BR02,D03,6600,1500,Original Budget,Variable profile; branch scale 0.58,2025-07,Valid,Valid,Valid,Valid,Valid,Valid,Valid,Pass
BUD-202507-BR02-D03-6700,BR02,D03,6700,900,Original Budget,Fixed profile; branch scale 0.58,2025-07,Valid,Valid,Valid,Valid,Valid,Valid,Valid,Pass
BUD-202507-BR02-D03-6800,BR02,D03,6800,1100,Original Budget,Variable profile; branch scale 0.58,2025-07,Valid,Valid,Valid,Valid,Valid,Valid,Valid,Pass
BUD-202507-BR02-D03-6900,BR02,D03,6900,1700,Original Budget,Fixed profile; branch scale 0.58,2025-07,Valid,Valid,Valid,Valid,Valid,Valid,Valid,Pass
BUD-202507-BR02-D03-7000,BR02,D03,7000,1300,Original Budget,Fixed profile; branch scale 0.58,2025-07,Valid,Valid,Valid,Valid,Valid,Valid,Valid,Pass
BUD-202507-BR02-D03-7100,BR02,D03,7100,300,Original Budget,Variable profile; branch scale 0.58,2025-07,Valid,Valid,Valid,Valid,Valid,Valid,Valid,Pass
BUD-202507-BR02-D03-7200,BR02,D03,7200,400,Original Budget,Variable profile; branch scale 0.58,2025-07,Valid,Valid,Valid,Valid,Valid,Valid,Valid,Pass
BUD-202507-BR02-D03-7300,BR02,D03,7300,300,Original Budget,Fixed profile; branch scale 0.58,2025-07,Valid,Valid,Valid,Valid,Valid,Valid,Valid,Pass
BUD-202507-BR02-D03-7400,BR02,D03,7400,4100,Original Budget,Fixed profile; branch scale 0.58,2025-07,Valid,Valid,Valid,Valid,Valid,Valid,Valid,Pass
BUD-202507-BR02-D03-7500,BR02,D03,7500,600,Original Budget,Variable profile; branch scale 0.58,2025-07,Valid,Valid,Valid,Valid,Valid,Valid,Valid,Pass
BUD-202507-BR02-D04-6000,BR02,D04,6000,9300,Original Budget,Fixed profile; branch scale 0.58,2025-07,Valid,Valid,Valid,Valid,Valid,Valid,Valid,Pass
BUD-202507-BR02-D04-6100,BR02,D04,6100,1700,Original Budget,Fixed profile; branch scale 0.58,2025-07,Valid,Valid,Valid,Valid,Valid,Valid,Valid,Pass
BUD-202507-BR02-D04-6700,BR02,D04,6700,1000,Original Budget,Fixed profile; branch scale 0.58,2025-07,Valid,Valid,Valid,Valid,Valid,Valid,Valid,Pass
BUD-202507-BR02-D04-6800,BR02,D04,6800,400,Original Budget,Variable profile; branch scale 0.58,2025-07,Valid,Valid,Valid,Valid,Valid,Valid,Valid,Pass
BUD-202507-BR02-D04-6900,BR02,D04,6900,1200,Original Budget,Fixed profile; branch scale 0.58,2025-07,Valid,Valid,Valid,Valid,Valid,Valid,Valid,Pass
BUD-202507-BR02-D04-7000,BR02,D04,7000,500,Original Budget,Fixed profile; branch scale 0.58,2025-07,Valid,Valid,Valid,Valid,Valid,Valid,Valid,Pass
BUD-202507-BR02-D04-7100,BR02,D04,7100,700,Original Budget,Variable profile; branch scale 0.58,2025-07,Valid,Valid,Valid,Valid,Valid,Valid,Valid,Pass
BUD-202507-BR02-D04-7200,BR02,D04,7200,500,Original Budget,Variable profile; branch scale 0.58,2025-07,Valid,Valid,Valid,Valid,Valid,Valid,Valid,Pass
BUD-202507-BR02-D04-7300,BR02,D04,7300,200,Original Budget,Fixed profile; branch scale 0.58,2025-07,Valid,Valid,Valid,Valid,Valid,Valid,Valid,Pass
BUD-202507-BR02-D04-7500,BR02,D04,7500,400,Original Budget,Variable profile; branch scale 0.58,2025-07,Valid,Valid,Valid,Valid,Valid,Valid,Valid,Pass
BUD-202507-BR03-D01-4000,BR03,D01,4000,290900,Original Budget,Revenue profile; branch scale 0.72,2025-07,Valid,Valid,Valid,Valid,Valid,Valid,Valid,Pass
BUD-202507-BR03-D01-4100,BR03,D01,4100,87300,Original Budget,Revenue profile; branch scale 0.72,2025-07,Valid,Valid,Valid,Valid,Valid,Valid,Valid,Pass
BUD-202507-BR03-D01-4200,BR03,D01,4200,5800,Original Budget,Revenue profile; branch scale 0.72,2025-07,Valid,Valid,Valid,Valid,Valid,Valid,Valid,Pass
BUD-202507-BR03-D01-5000,BR03,D01,5000,174500,Original Budget,Revenue profile; branch scale 0.72,2025-07,Valid,Valid,Valid,Valid,Valid,Valid,Valid,Pass
BUD-202507-BR03-D01-6000,BR03,D01,6000,14400,Original Budget,Fixed profile; branch scale 0.72,2025-07,Valid,Valid,Valid,Valid,Valid,Valid,Valid,Pass
BUD-202507-BR03-D01-6100,BR03,D01,6100,2600,Original Budget,Fixed profile; branch scale 0.72,2025-07,Valid,Valid,Valid,Valid,Valid,Valid,Valid,Pass
BUD-202507-BR03-D01-6400,BR03,D01,6400,5800,Original Budget,Variable profile; branch scale 0.72,2025-07,Valid,Valid,Valid,Valid,Valid,Valid,Valid,Pass
BUD-202507-BR03-D01-6500,BR03,D01,6500,3600,Original Budget,Variable profile; branch scale 0.72,2025-07,Valid,Valid,Valid,Valid,Valid,Valid,Valid,Pass
BUD-202507-BR03-D01-6700,BR03,D01,6700,1100,Original Budget,Fixed profile; branch scale 0.72,2025-07,Valid,Valid,Valid,Valid,Valid,Valid,Valid,Pass
BUD-202507-BR03-D01-6800,BR03,D01,6800,600,Original Budget,Variable profile; branch scale 0.72,2025-07,Valid,Valid,Valid,Valid,Valid,Valid,Valid,Pass
BUD-202507-BR03-D01-7100,BR03,D01,7100,600,Original Budget,Variable profile; branch scale 0.72,2025-07,Valid,Valid,Valid,Valid,Valid,Valid,Valid,Pass
BUD-202507-BR03-D01-7200,BR03,D01,7200,1800,Original Budget,Variable profile; branch scale 0.72,2025-07,Valid,Valid,Valid,Valid,Valid,Valid,Valid,Pass
BUD-202507-BR03-D02-5100,BR03,D02,5100,34900,Original Budget,Revenue profile; branch scale 0.72,2025-07,Valid,Valid,Valid,Valid,Valid,Valid,Valid,Pass
BUD-202507-BR03-D02-6000,BR03,D02,6000,20200,Original Budget,Fixed profile; branch scale 0.72,2025-07,Valid,Valid,Valid,Valid,Valid,Valid,Valid,Pass
BUD-202507-BR03-D02-6100,BR03,D02,6100,3600,Original Budget,Fixed profile; branch scale 0.72,2025-07,Valid,Valid,Valid,Valid,Valid,Valid,Valid,Pass
BUD-202507-BR03-D02-6500,BR03,D02,6500,5100,Original Budget,Variable profile; branch scale 0.72,2025-07,Valid,Valid,Valid,Valid,Valid,Valid,Valid,Pass
BUD-202507-BR03-D02-6600,BR03,D02,6600,4400,Original Budget,Variable profile; branch scale 0.72,2025-07,Valid,Valid,Valid,Valid,Valid,Valid,Valid,Pass
BUD-202507-BR03-D02-6700,BR03,D02,6700,1400,Original Budget,Fixed profile; branch scale 0.72,2025-07,Valid,Valid,Valid,Valid,Valid,Valid,Valid,Pass
BUD-202507-BR03-D02-6800,BR03,D02,6800,500,Original Budget,Variable profile; branch scale 0.72,2025-07,Valid,Valid,Valid,Valid,Valid,Valid,Valid,Pass
BUD-202507-BR03-D02-7100,BR03,D02,7100,700,Original Budget,Variable profile; branch scale 0.72,2025-07,Valid,Valid,Valid,Valid,Valid,Valid,Valid,Pass
BUD-202507-BR03-D02-7200,BR03,D02,7200,1500,Original Budget,Variable profile; branch scale 0.72,2025-07,Valid,Valid,Valid,Valid,Valid,Valid,Valid,Pass
BUD-202507-BR03-D03-6000,BR03,D03,6000,10100,Original Budget,Fixed profile; branch scale 0.72,2025-07,Valid,Valid,Valid,Valid,Valid,Valid,Valid,Pass
BUD-202507-BR03-D03-6100,BR03,D03,6100,1800,Original Budget,Fixed profile; branch scale 0.72,2025-07,Valid,Valid,Valid,Valid,Valid,Valid,Valid,Pass
BUD-202507-BR03-D03-6200,BR03,D03,6200,10800,Original Budget,Fixed profile; branch scale 0.72,2025-07,Valid,Valid,Valid,Valid,Valid,Valid,Valid,Pass
BUD-202507-BR03-D03-6300,BR03,D03,6300,3200,Original Budget,Fixed profile; branch scale 0.72,2025-07,Valid,Valid,Valid,Valid,Valid,Valid,Valid,Pass
BUD-202507-BR03-D03-6600,BR03,D03,6600,1800,Original Budget,Variable profile; branch scale 0.72,2025-07,Valid,Valid,Valid,Valid,Valid,Valid,Valid,Pass
BUD-202507-BR03-D03-6700,BR03,D03,6700,1100,Original Budget,Fixed profile; branch scale 0.72,2025-07,Valid,Valid,Valid,Valid,Valid,Valid,Valid,Pass
BUD-202507-BR03-D03-6800,BR03,D03,6800,1300,Original Budget,Variable profile; branch scale 0.72,2025-07,Valid,Valid,Valid,Valid,Valid,Valid,Valid,Pass
BUD-202507-BR03-D03-6900,BR03,D03,6900,2200,Original Budget,Fixed profile; branch scale 0.72,2025-07,Valid,Valid,Valid,Valid,Valid,Valid,Valid,Pass
BUD-202507-BR03-D03-7000,BR03,D03,7000,1600,Original Budget,Fixed profile; branch scale 0.72,2025-07,Valid,Valid,Valid,Valid,Valid,Valid,Valid,Pass
BUD-202507-BR03-D03-7100,BR03,D03,7100,400,Original Budget,Variable profile; branch scale 0.72,2025-07,Valid,Valid,Valid,Valid,Valid,Valid,Valid,Pass
BUD-202507-BR03-D03-7200,BR03,D03,7200,500,Original Budget,Variable profile; branch scale 0.72,2025-07,Valid,Valid,Valid,Valid,Valid,Valid,Valid,Pass
BUD-202507-BR03-D03-7300,BR03,D03,7300,400,Original Budget,Fixed profile; branch scale 0.72,2025-07,Valid,Valid,Valid,Valid,Valid,Valid,Valid,Pass
BUD-202507-BR03-D03-7400,BR03,D03,7400,5000,Original Budget,Fixed profile; branch scale 0.72,2025-07,Valid,Valid,Valid,Valid,Valid,Valid,Valid,Pass
BUD-202507-BR03-D03-7500,BR03,D03,7500,700,Original Budget,Variable profile; branch scale 0.72,2025-07,Valid,Valid,Valid,Valid,Valid,Valid,Valid,Pass
BUD-202507-BR03-D04-6000,BR03,D04,6000,11500,Original Budget,Fixed profile; branch scale 0.72,2025-07,Valid,Valid,Valid,Valid,Valid,Valid,Valid,Pass
BUD-202507-BR03-D04-6100,BR03,D04,6100,2100,Original Budget,Fixed profile; branch scale 0.72,2025-07,Valid,Valid,Valid,Valid,Valid,Valid,Valid,Pass
BUD-202507-BR03-D04-6700,BR03,D04,6700,1300,Original Budget,Fixed profile; branch scale 0.72,2025-07,Valid,Valid,Valid,Valid,Valid,Valid,Valid,Pass
BUD-202507-BR03-D04-6800,BR03,D04,6800,400,Original Budget,Variable profile; branch scale 0.72,2025-07,Valid,Valid,Valid,Valid,Valid,Valid,Valid,Pass
BUD-202507-BR03-D04-6900,BR03,D04,6900,1400,Original Budget,Fixed profile; branch scale 0.72,2025-07,Valid,Valid,Valid,Valid,Valid,Valid,Valid,Pass
BUD-202507-BR03-D04-7000,BR03,D04,7000,600,Original Budget,Fixed profile; branch scale 0.72,2025-07,Valid,Valid,Valid,Valid,Valid,Valid,Valid,Pass
BUD-202507-BR03-D04-7100,BR03,D04,7100,900,Original Budget,Variable profile; branch scale 0.72,2025-07,Valid,Valid,Valid,Valid,Valid,Valid,Valid,Pass
BUD-202507-BR03-D04-7200,BR03,D04,7200,600,Original Budget,Variable profile; branch scale 0.72,2025-07,Valid,Valid,Valid,Valid,Valid,Valid,Valid,Pass
BUD-202507-BR03-D04-7300,BR03,D04,7300,300,Original Budget,Fixed profile; branch scale 0.72,2025-07,Valid,Valid,Valid,Valid,Valid,Valid,Valid,Pass
BUD-202507-BR03-D04-7500,BR03,D04,7500,500,Original Budget,Variable profile; branch scale 0.72,2025-07,Valid,Valid,Valid,Valid,Valid,Valid,Valid,Pass
BUD-202507-BR04-D01-4000,BR04,D01,4000,315100,Original Budget,Revenue profile; branch scale 0.78,2025-07,Valid,Valid,Valid,Valid,Valid,Valid,Valid,Pass
BUD-202507-BR04-D01-4100,BR04,D01,4100,94500,Original Budget,Revenue profile; branch scale 0.78,2025-07,Valid,Valid,Valid,Valid,Valid,Valid,Valid,Pass
BUD-202507-BR04-D01-4200,BR04,D01,4200,6300,Original Budget,Revenue profile; branch scale 0.78,2025-07,Valid,Valid,Valid,Valid,Valid,Valid,Valid,Pass
BUD-202507-BR04-D01-5000,BR04,D01,5000,189100,Original Budget,Revenue profile; branch scale 0.78,2025-07,Valid,Valid,Valid,Valid,Valid,Valid,Valid,Pass
BUD-202507-BR04-D01-6000,BR04,D01,6000,15600,Original Budget,Fixed profile; branch scale 0.78,2025-07,Valid,Valid,Valid,Valid,Valid,Valid,Valid,Pass
BUD-202507-BR04-D01-6100,BR04,D01,6100,2800,Original Budget,Fixed profile; branch scale 0.78,2025-07,Valid,Valid,Valid,Valid,Valid,Valid,Valid,Pass
BUD-202507-BR04-D01-6400,BR04,D01,6400,6300,Original Budget,Variable profile; branch scale 0.78,2025-07,Valid,Valid,Valid,Valid,Valid,Valid,Valid,Pass
BUD-202507-BR04-D01-6500,BR04,D01,6500,3900,Original Budget,Variable profile; branch scale 0.78,2025-07,Valid,Valid,Valid,Valid,Valid,Valid,Valid,Pass
BUD-202507-BR04-D01-6700,BR04,D01,6700,1200,Original Budget,Fixed profile; branch scale 0.78,2025-07,Valid,Valid,Valid,Valid,Valid,Valid,Valid,Pass
BUD-202507-BR04-D01-6800,BR04,D01,6800,600,Original Budget,Variable profile; branch scale 0.78,2025-07,Valid,Valid,Valid,Valid,Valid,Valid,Valid,Pass
BUD-202507-BR04-D01-7100,BR04,D01,7100,600,Original Budget,Variable profile; branch scale 0.78,2025-07,Valid,Valid,Valid,Valid,Valid,Valid,Valid,Pass
BUD-202507-BR04-D01-7200,BR04,D01,7200,2000,Original Budget,Variable profile; branch scale 0.78,2025-07,Valid,Valid,Valid,Valid,Valid,Valid,Valid,Pass
BUD-202507-BR04-D02-5100,BR04,D02,5100,37800,Original Budget,Revenue profile; branch scale 0.78,2025-07,Valid,Valid,Valid,Valid,Valid,Valid,Valid,Pass
BUD-202507-BR04-D02-6000,BR04,D02,6000,21800,Original Budget,Fixed profile; branch scale 0.78,2025-07,Valid,Valid,Valid,Valid,Valid,Valid,Valid,Pass
BUD-202507-BR04-D02-6100,BR04,D02,6100,3900,Original Budget,Fixed profile; branch scale 0.78,2025-07,Valid,Valid,Valid,Valid,Valid,Valid,Valid,Pass
BUD-202507-BR04-D02-6500,BR04,D02,6500,5500,Original Budget,Variable profile; branch scale 0.78,2025-07,Valid,Valid,Valid,Valid,Valid,Valid,Valid,Pass
BUD-202507-BR04-D02-6600,BR04,D02,6600,4700,Original Budget,Variable profile; branch scale 0.78,2025-07,Valid,Valid,Valid,Valid,Valid,Valid,Valid,Pass
BUD-202507-BR04-D02-6700,BR04,D02,6700,1600,Original Budget,Fixed profile; branch scale 0.78,2025-07,Valid,Valid,Valid,Valid,Valid,Valid,Valid,Pass
BUD-202507-BR04-D02-6800,BR04,D02,6800,600,Original Budget,Variable profile; branch scale 0.78,2025-07,Valid,Valid,Valid,Valid,Valid,Valid,Valid,Pass
BUD-202507-BR04-D02-7100,BR04,D02,7100,800,Original Budget,Variable profile; branch scale 0.78,2025-07,Valid,Valid,Valid,Valid,Valid,Valid,Valid,Pass
BUD-202507-BR04-D02-7200,BR04,D02,7200,1600,Original Budget,Variable profile; branch scale 0.78,2025-07,Valid,Valid,Valid,Valid,Valid,Valid,Valid,Pass
BUD-202507-BR04-D03-6000,BR04,D03,6000,10900,Original Budget,Fixed profile; branch scale 0.78,2025-07,Valid,Valid,Valid,Valid,Valid,Valid,Valid,Pass
BUD-202507-BR04-D03-6100,BR04,D03,6100,2000,Original Budget,Fixed profile; branch scale 0.78,2025-07,Valid,Valid,Valid,Valid,Valid,Valid,Valid,Pass
BUD-202507-BR04-D03-6200,BR04,D03,6200,11700,Original Budget,Fixed profile; branch scale 0.78,2025-07,Valid,Valid,Valid,Valid,Valid,Valid,Valid,Pass
BUD-202507-BR04-D03-6300,BR04,D03,6300,3500,Original Budget,Fixed profile; branch scale 0.78,2025-07,Valid,Valid,Valid,Valid,Valid,Valid,Valid,Pass
BUD-202507-BR04-D03-6600,BR04,D03,6600,2000,Original Budget,Variable profile; branch scale 0.78,2025-07,Valid,Valid,Valid,Valid,Valid,Valid,Valid,Pass
BUD-202507-BR04-D03-6700,BR04,D03,6700,1200,Original Budget,Fixed profile; branch scale 0.78,2025-07,Valid,Valid,Valid,Valid,Valid,Valid,Valid,Pass
BUD-202507-BR04-D03-6800,BR04,D03,6800,1400,Original Budget,Variable profile; branch scale 0.78,2025-07,Valid,Valid,Valid,Valid,Valid,Valid,Valid,Pass
BUD-202507-BR04-D03-6900,BR04,D03,6900,2300,Original Budget,Fixed profile; branch scale 0.78,2025-07,Valid,Valid,Valid,Valid,Valid,Valid,Valid,Pass
BUD-202507-BR04-D03-7000,BR04,D03,7000,1700,Original Budget,Fixed profile; branch scale 0.78,2025-07,Valid,Valid,Valid,Valid,Valid,Valid,Valid,Pass
BUD-202507-BR04-D03-7100,BR04,D03,7100,400,Original Budget,Variable profile; branch scale 0.78,2025-07,Valid,Valid,Valid,Valid,Valid,Valid,Valid,Pass
BUD-202507-BR04-D03-7200,BR04,D03,7200,600,Original Budget,Variable profile; branch scale 0.78,2025-07,Valid,Valid,Valid,Valid,Valid,Valid,Valid,Pass
BUD-202507-BR04-D03-7300,BR04,D03,7300,500,Original Budget,Fixed profile; branch scale 0.78,2025-07,Valid,Valid,Valid,Valid,Valid,Valid,Valid,Pass
BUD-202507-BR04-D03-7400,BR04,D03,7400,5500,Original Budget,Fixed profile; branch scale 0.78,2025-07,Valid,Valid,Valid,Valid,Valid,Valid,Valid,Pass
BUD-202507-BR04-D03-7500,BR04,D03,7500,800,Original Budget,Variable profile; branch scale 0.78,2025-07,Valid,Valid,Valid,Valid,Valid,Valid,Valid,Pass
BUD-202507-BR04-D04-6000,BR04,D04,6000,12500,Original Budget,Fixed profile; branch scale 0.78,2025-07,Valid,Valid,Valid,Valid,Valid,Valid,Valid,Pass
BUD-202507-BR04-D04-6100,BR04,D04,6100,2300,Original Budget,Fixed profile; branch scale 0.78,2025-07,Valid,Valid,Valid,Valid,Valid,Valid,Valid,Pass
BUD-202507-BR04-D04-6700,BR04,D04,6700,1400,Original Budget,Fixed profile; branch scale 0.78,2025-07,Valid,Valid,Valid,Valid,Valid,Valid,Valid,Pass
BUD-202507-BR04-D04-6800,BR04,D04,6800,500,Original Budget,Variable profile; branch scale 0.78,2025-07,Valid,Valid,Valid,Valid,Valid,Valid,Valid,Pass
BUD-202507-BR04-D04-6900,BR04,D04,6900,1600,Original Budget,Fixed profile; branch scale 0.78,2025-07,Valid,Valid,Valid,Valid,Valid,Valid,Valid,Pass
BUD-202507-BR04-D04-7000,BR04,D04,7000,600,Original Budget,Fixed profile; branch scale 0.78,2025-07,Valid,Valid,Valid,Valid,Valid,Valid,Valid,Pass
BUD-202507-BR04-D04-7100,BR04,D04,7100,900,Original Budget,Variable profile; branch scale 0.78,2025-07,Valid,Valid,Valid,Valid,Valid,Valid,Valid,Pass
BUD-202507-BR04-D04-7200,BR04,D04,7200,600,Original Budget,Variable profile; branch scale 0.78,2025-07,Valid,Valid,Valid,Valid,Valid,Valid,Valid,Pass
BUD-202507-BR04-D04-7300,BR04,D04,7300,300,Original Budget,Fixed profile; branch scale 0.78,2025-07,Valid,Valid,Valid,Valid,Valid,Valid,Valid,Pass
BUD-202507-BR04-D04-7500,BR04,D04,7500,600,Original Budget,Variable profile; branch scale 0.78,2025-07,Valid,Valid,Valid,Valid,Valid,Valid,Valid,Pass
BUD-202508-BR01-D01-4000,BR01,D01,4000,412000,Original Budget,Revenue profile; branch scale 1.00,2025-08,Valid,Valid,Valid,Valid,Valid,Valid,Valid,Pass
BUD-202508-BR01-D01-4100,BR01,D01,4100,123600,Original Budget,Revenue profile; branch scale 1.00,2025-08,Valid,Valid,Valid,Valid,Valid,Valid,Valid,Pass
BUD-202508-BR01-D01-4200,BR01,D01,4200,8200,Original Budget,Revenue profile; branch scale 1.00,2025-08,Valid,Valid,Valid,Valid,Valid,Valid,Valid,Pass
BUD-202508-BR01-D01-5000,BR01,D01,5000,247200,Original Budget,Revenue profile; branch scale 1.00,2025-08,Valid,Valid,Valid,Valid,Valid,Valid,Valid,Pass
BUD-202508-BR01-D01-6000,BR01,D01,6000,20000,Original Budget,Fixed profile; branch scale 1.00,2025-08,Valid,Valid,Valid,Valid,Valid,Valid,Valid,Pass
BUD-202508-BR01-D01-6100,BR01,D01,6100,3600,Original Budget,Fixed profile; branch scale 1.00,2025-08,Valid,Valid,Valid,Valid,Valid,Valid,Valid,Pass
BUD-202508-BR01-D01-6400,BR01,D01,6400,8200,Original Budget,Variable profile; branch scale 1.00,2025-08,Valid,Valid,Valid,Valid,Valid,Valid,Valid,Pass
BUD-202508-BR01-D01-6500,BR01,D01,6500,5200,Original Budget,Variable profile; branch scale 1.00,2025-08,Valid,Valid,Valid,Valid,Valid,Valid,Valid,Pass
BUD-202508-BR01-D01-6700,BR01,D01,6700,1500,Original Budget,Fixed profile; branch scale 1.00,2025-08,Valid,Valid,Valid,Valid,Valid,Valid,Valid,Pass
BUD-202508-BR01-D01-6800,BR01,D01,6800,800,Original Budget,Variable profile; branch scale 1.00,2025-08,Valid,Valid,Valid,Valid,Valid,Valid,Valid,Pass
BUD-202508-BR01-D01-7100,BR01,D01,7100,800,Original Budget,Variable profile; branch scale 1.00,2025-08,Valid,Valid,Valid,Valid,Valid,Valid,Valid,Pass
BUD-202508-BR01-D01-7200,BR01,D01,7200,2600,Original Budget,Variable profile; branch scale 1.00,2025-08,Valid,Valid,Valid,Valid,Valid,Valid,Valid,Pass
BUD-202508-BR01-D02-5100,BR01,D02,5100,49400,Original Budget,Revenue profile; branch scale 1.00,2025-08,Valid,Valid,Valid,Valid,Valid,Valid,Valid,Pass
BUD-202508-BR01-D02-6000,BR01,D02,6000,28000,Original Budget,Fixed profile; branch scale 1.00,2025-08,Valid,Valid,Valid,Valid,Valid,Valid,Valid,Pass
BUD-202508-BR01-D02-6100,BR01,D02,6100,5000,Original Budget,Fixed profile; branch scale 1.00,2025-08,Valid,Valid,Valid,Valid,Valid,Valid,Valid,Pass
BUD-202508-BR01-D02-6500,BR01,D02,6500,7200,Original Budget,Variable profile; branch scale 1.00,2025-08,Valid,Valid,Valid,Valid,Valid,Valid,Valid,Pass
BUD-202508-BR01-D02-6600,BR01,D02,6600,6200,Original Budget,Variable profile; branch scale 1.00,2025-08,Valid,Valid,Valid,Valid,Valid,Valid,Valid,Pass
BUD-202508-BR01-D02-6700,BR01,D02,6700,2000,Original Budget,Fixed profile; branch scale 1.00,2025-08,Valid,Valid,Valid,Valid,Valid,Valid,Valid,Pass
BUD-202508-BR01-D02-6800,BR01,D02,6800,700,Original Budget,Variable profile; branch scale 1.00,2025-08,Valid,Valid,Valid,Valid,Valid,Valid,Valid,Pass
BUD-202508-BR01-D02-7100,BR01,D02,7100,1000,Original Budget,Variable profile; branch scale 1.00,2025-08,Valid,Valid,Valid,Valid,Valid,Valid,Valid,Pass
BUD-202508-BR01-D02-7200,BR01,D02,7200,2100,Original Budget,Variable profile; branch scale 1.00,2025-08,Valid,Valid,Valid,Valid,Valid,Valid,Valid,Pass
BUD-202508-BR01-D03-6000,BR01,D03,6000,14000,Original Budget,Fixed profile; branch scale 1.00,2025-08,Valid,Valid,Valid,Valid,Valid,Valid,Valid,Pass
BUD-202508-BR01-D03-6100,BR01,D03,6100,2500,Original Budget,Fixed profile; branch scale 1.00,2025-08,Valid,Valid,Valid,Valid,Valid,Valid,Valid,Pass
BUD-202508-BR01-D03-6200,BR01,D03,6200,15000,Original Budget,Fixed profile; branch scale 1.00,2025-08,Valid,Valid,Valid,Valid,Valid,Valid,Valid,Pass
BUD-202508-BR01-D03-6300,BR01,D03,6300,4500,Original Budget,Fixed profile; branch scale 1.00,2025-08,Valid,Valid,Valid,Valid,Valid,Valid,Valid,Pass
BUD-202508-BR01-D03-6600,BR01,D03,6600,2600,Original Budget,Variable profile; branch scale 1.00,2025-08,Valid,Valid,Valid,Valid,Valid,Valid,Valid,Pass
BUD-202508-BR01-D03-6700,BR01,D03,6700,1500,Original Budget,Fixed profile; branch scale 1.00,2025-08,Valid,Valid,Valid,Valid,Valid,Valid,Valid,Pass
BUD-202508-BR01-D03-6800,BR01,D03,6800,1900,Original Budget,Variable profile; branch scale 1.00,2025-08,Valid,Valid,Valid,Valid,Valid,Valid,Valid,Pass
BUD-202508-BR01-D03-6900,BR01,D03,6900,3000,Original Budget,Fixed profile; branch scale 1.00,2025-08,Valid,Valid,Valid,Valid,Valid,Valid,Valid,Pass
BUD-202508-BR01-D03-7000,BR01,D03,7000,2200,Original Budget,Fixed profile; branch scale 1.00,2025-08,Valid,Valid,Valid,Valid,Valid,Valid,Valid,Pass
BUD-202508-BR01-D03-7100,BR01,D03,7100,500,Original Budget,Variable profile; branch scale 1.00,2025-08,Valid,Valid,Valid,Valid,Valid,Valid,Valid,Pass
BUD-202508-BR01-D03-7200,BR01,D03,7200,700,Original Budget,Variable profile; branch scale 1.00,2025-08,Valid,Valid,Valid,Valid,Valid,Valid,Valid,Pass
BUD-202508-BR01-D03-7300,BR01,D03,7300,600,Original Budget,Fixed profile; branch scale 1.00,2025-08,Valid,Valid,Valid,Valid,Valid,Valid,Valid,Pass
BUD-202508-BR01-D03-7400,BR01,D03,7400,7000,Original Budget,Fixed profile; branch scale 1.00,2025-08,Valid,Valid,Valid,Valid,Valid,Valid,Valid,Pass
BUD-202508-BR01-D03-7500,BR01,D03,7500,1000,Original Budget,Variable profile; branch scale 1.00,2025-08,Valid,Valid,Valid,Valid,Valid,Valid,Valid,Pass
BUD-202508-BR01-D04-6000,BR01,D04,6000,16000,Original Budget,Fixed profile; branch scale 1.00,2025-08,Valid,Valid,Valid,Valid,Valid,Valid,Valid,Pass
BUD-202508-BR01-D04-6100,BR01,D04,6100,2900,Original Budget,Fixed profile; branch scale 1.00,2025-08,Valid,Valid,Valid,Valid,Valid,Valid,Valid,Pass
BUD-202508-BR01-D04-6700,BR01,D04,6700,1800,Original Budget,Fixed profile; branch scale 1.00,2025-08,Valid,Valid,Valid,Valid,Valid,Valid,Valid,Pass
BUD-202508-BR01-D04-6800,BR01,D04,6800,600,Original Budget,Variable profile; branch scale 1.00,2025-08,Valid,Valid,Valid,Valid,Valid,Valid,Valid,Pass
BUD-202508-BR01-D04-6900,BR01,D04,6900,2000,Original Budget,Fixed profile; branch scale 1.00,2025-08,Valid,Valid,Valid,Valid,Valid,Valid,Valid,Pass
BUD-202508-BR01-D04-7000,BR01,D04,7000,800,Original Budget,Fixed profile; branch scale 1.00,2025-08,Valid,Valid,Valid,Valid,Valid,Valid,Valid,Pass
BUD-202508-BR01-D04-7100,BR01,D04,7100,1200,Original Budget,Variable profile; branch scale 1.00,2025-08,Valid,Valid,Valid,Valid,Valid,Valid,Valid,Pass
BUD-202508-BR01-D04-7200,BR01,D04,7200,800,Original Budget,Variable profile; branch scale 1.00,2025-08,Valid,Valid,Valid,Valid,Valid,Valid,Valid,Pass
BUD-202508-BR01-D04-7300,BR01,D04,7300,400,Original Budget,Fixed profile; branch scale 1.00,2025-08,Valid,Valid,Valid,Valid,Valid,Valid,Valid,Pass
BUD-202508-BR01-D04-7500,BR01,D04,7500,700,Original Budget,Variable profile; branch scale 1.00,2025-08,Valid,Valid,Valid,Valid,Valid,Valid,Valid,Pass
BUD-202508-BR02-D01-4000,BR02,D01,4000,239000,Original Budget,Revenue profile; branch scale 0.58,2025-08,Valid,Valid,Valid,Valid,Valid,Valid,Valid,Pass
BUD-202508-BR02-D01-4100,BR02,D01,4100,71700,Original Budget,Revenue profile; branch scale 0.58,2025-08,Valid,Valid,Valid,Valid,Valid,Valid,Valid,Pass
BUD-202508-BR02-D01-4200,BR02,D01,4200,4800,Original Budget,Revenue profile; branch scale 0.58,2025-08,Valid,Valid,Valid,Valid,Valid,Valid,Valid,Pass
BUD-202508-BR02-D01-5000,BR02,D01,5000,143400,Original Budget,Revenue profile; branch scale 0.58,2025-08,Valid,Valid,Valid,Valid,Valid,Valid,Valid,Pass
BUD-202508-BR02-D01-6000,BR02,D01,6000,11600,Original Budget,Fixed profile; branch scale 0.58,2025-08,Valid,Valid,Valid,Valid,Valid,Valid,Valid,Pass
BUD-202508-BR02-D01-6100,BR02,D01,6100,2100,Original Budget,Fixed profile; branch scale 0.58,2025-08,Valid,Valid,Valid,Valid,Valid,Valid,Valid,Pass
BUD-202508-BR02-D01-6400,BR02,D01,6400,4800,Original Budget,Variable profile; branch scale 0.58,2025-08,Valid,Valid,Valid,Valid,Valid,Valid,Valid,Pass
BUD-202508-BR02-D01-6500,BR02,D01,6500,3000,Original Budget,Variable profile; branch scale 0.58,2025-08,Valid,Valid,Valid,Valid,Valid,Valid,Valid,Pass
BUD-202508-BR02-D01-6700,BR02,D01,6700,900,Original Budget,Fixed profile; branch scale 0.58,2025-08,Valid,Valid,Valid,Valid,Valid,Valid,Valid,Pass
BUD-202508-BR02-D01-6800,BR02,D01,6800,500,Original Budget,Variable profile; branch scale 0.58,2025-08,Valid,Valid,Valid,Valid,Valid,Valid,Valid,Pass
BUD-202508-BR02-D01-7100,BR02,D01,7100,500,Original Budget,Variable profile; branch scale 0.58,2025-08,Valid,Valid,Valid,Valid,Valid,Valid,Valid,Pass
BUD-202508-BR02-D01-7200,BR02,D01,7200,1500,Original Budget,Variable profile; branch scale 0.58,2025-08,Valid,Valid,Valid,Valid,Valid,Valid,Valid,Pass
BUD-202508-BR02-D02-5100,BR02,D02,5100,28700,Original Budget,Revenue profile; branch scale 0.58,2025-08,Valid,Valid,Valid,Valid,Valid,Valid,Valid,Pass
BUD-202508-BR02-D02-6000,BR02,D02,6000,16200,Original Budget,Fixed profile; branch scale 0.58,2025-08,Valid,Valid,Valid,Valid,Valid,Valid,Valid,Pass
BUD-202508-BR02-D02-6100,BR02,D02,6100,2900,Original Budget,Fixed profile; branch scale 0.58,2025-08,Valid,Valid,Valid,Valid,Valid,Valid,Valid,Pass
BUD-202508-BR02-D02-6500,BR02,D02,6500,4200,Original Budget,Variable profile; branch scale 0.58,2025-08,Valid,Valid,Valid,Valid,Valid,Valid,Valid,Pass
BUD-202508-BR02-D02-6600,BR02,D02,6600,3600,Original Budget,Variable profile; branch scale 0.58,2025-08,Valid,Valid,Valid,Valid,Valid,Valid,Valid,Pass
BUD-202508-BR02-D02-6700,BR02,D02,6700,1200,Original Budget,Fixed profile; branch scale 0.58,2025-08,Valid,Valid,Valid,Valid,Valid,Valid,Valid,Pass
BUD-202508-BR02-D02-6800,BR02,D02,6800,400,Original Budget,Variable profile; branch scale 0.58,2025-08,Valid,Valid,Valid,Valid,Valid,Valid,Valid,Pass
BUD-202508-BR02-D02-7100,BR02,D02,7100,600,Original Budget,Variable profile; branch scale 0.58,2025-08,Valid,Valid,Valid,Valid,Valid,Valid,Valid,Pass
BUD-202508-BR02-D02-7200,BR02,D02,7200,1200,Original Budget,Variable profile; branch scale 0.58,2025-08,Valid,Valid,Valid,Valid,Valid,Valid,Valid,Pass
BUD-202508-BR02-D03-6000,BR02,D03,6000,8100,Original Budget,Fixed profile; branch scale 0.58,2025-08,Valid,Valid,Valid,Valid,Valid,Valid,Valid,Pass
BUD-202508-BR02-D03-6100,BR02,D03,6100,1400,Original Budget,Fixed profile; branch scale 0.58,2025-08,Valid,Valid,Valid,Valid,Valid,Valid,Valid,Pass
BUD-202508-BR02-D03-6200,BR02,D03,6200,8700,Original Budget,Fixed profile; branch scale 0.58,2025-08,Valid,Valid,Valid,Valid,Valid,Valid,Valid,Pass
BUD-202508-BR02-D03-6300,BR02,D03,6300,2600,Original Budget,Fixed profile; branch scale 0.58,2025-08,Valid,Valid,Valid,Valid,Valid,Valid,Valid,Pass
BUD-202508-BR02-D03-6600,BR02,D03,6600,1500,Original Budget,Variable profile; branch scale 0.58,2025-08,Valid,Valid,Valid,Valid,Valid,Valid,Valid,Pass
BUD-202508-BR02-D03-6700,BR02,D03,6700,900,Original Budget,Fixed profile; branch scale 0.58,2025-08,Valid,Valid,Valid,Valid,Valid,Valid,Valid,Pass
BUD-202508-BR02-D03-6800,BR02,D03,6800,1100,Original Budget,Variable profile; branch scale 0.58,2025-08,Valid,Valid,Valid,Valid,Valid,Valid,Valid,Pass
BUD-202508-BR02-D03-6900,BR02,D03,6900,1700,Original Budget,Fixed profile; branch scale 0.58,2025-08,Valid,Valid,Valid,Valid,Valid,Valid,Valid,Pass
BUD-202508-BR02-D03-7000,BR02,D03,7000,1300,Original Budget,Fixed profile; branch scale 0.58,2025-08,Valid,Valid,Valid,Valid,Valid,Valid,Valid,Pass
BUD-202508-BR02-D03-7100,BR02,D03,7100,300,Original Budget,Variable profile; branch scale 0.58,2025-08,Valid,Valid,Valid,Valid,Valid,Valid,Valid,Pass
BUD-202508-BR02-D03-7200,BR02,D03,7200,400,Original Budget,Variable profile; branch scale 0.58,2025-08,Valid,Valid,Valid,Valid,Valid,Valid,Valid,Pass
BUD-202508-BR02-D03-7300,BR02,D03,7300,300,Original Budget,Fixed profile; branch scale 0.58,2025-08,Valid,Valid,Valid,Valid,Valid,Valid,Valid,Pass
BUD-202508-BR02-D03-7400,BR02,D03,7400,4100,Original Budget,Fixed profile; branch scale 0.58,2025-08,Valid,Valid,Valid,Valid,Valid,Valid,Valid,Pass
BUD-202508-BR02-D03-7500,BR02,D03,7500,600,Original Budget,Variable profile; branch scale 0.58,2025-08,Valid,Valid,Valid,Valid,Valid,Valid,Valid,Pass
BUD-202508-BR02-D04-6000,BR02,D04,6000,9300,Original Budget,Fixed profile; branch scale 0.58,2025-08,Valid,Valid,Valid,Valid,Valid,Valid,Valid,Pass
BUD-202508-BR02-D04-6100,BR02,D04,6100,1700,Original Budget,Fixed profile; branch scale 0.58,2025-08,Valid,Valid,Valid,Valid,Valid,Valid,Valid,Pass
BUD-202508-BR02-D04-6700,BR02,D04,6700,1000,Original Budget,Fixed profile; branch scale 0.58,2025-08,Valid,Valid,Valid,Valid,Valid,Valid,Valid,Pass
BUD-202508-BR02-D04-6800,BR02,D04,6800,400,Original Budget,Variable profile; branch scale 0.58,2025-08,Valid,Valid,Valid,Valid,Valid,Valid,Valid,Pass
BUD-202508-BR02-D04-6900,BR02,D04,6900,1200,Original Budget,Fixed profile; branch scale 0.58,2025-08,Valid,Valid,Valid,Valid,Valid,Valid,Valid,Pass
BUD-202508-BR02-D04-7000,BR02,D04,7000,500,Original Budget,Fixed profile; branch scale 0.58,2025-08,Valid,Valid,Valid,Valid,Valid,Valid,Valid,Pass
BUD-202508-BR02-D04-7100,BR02,D04,7100,700,Original Budget,Variable profile; branch scale 0.58,2025-08,Valid,Valid,Valid,Valid,Valid,Valid,Valid,Pass
BUD-202508-BR02-D04-7200,BR02,D04,7200,500,Original Budget,Variable profile; branch scale 0.58,2025-08,Valid,Valid,Valid,Valid,Valid,Valid,Valid,Pass
BUD-202508-BR02-D04-7300,BR02,D04,7300,200,Original Budget,Fixed profile; branch scale 0.58,2025-08,Valid,Valid,Valid,Valid,Valid,Valid,Valid,Pass
BUD-202508-BR02-D04-7500,BR02,D04,7500,400,Original Budget,Variable profile; branch scale 0.58,2025-08,Valid,Valid,Valid,Valid,Valid,Valid,Valid,Pass
BUD-202508-BR03-D01-4000,BR03,D01,4000,296600,Original Budget,Revenue profile; branch scale 0.72,2025-08,Valid,Valid,Valid,Valid,Valid,Valid,Valid,Pass
BUD-202508-BR03-D01-4100,BR03,D01,4100,89000,Original Budget,Revenue profile; branch scale 0.72,2025-08,Valid,Valid,Valid,Valid,Valid,Valid,Valid,Pass
BUD-202508-BR03-D01-4200,BR03,D01,4200,5900,Original Budget,Revenue profile; branch scale 0.72,2025-08,Valid,Valid,Valid,Valid,Valid,Valid,Valid,Pass
BUD-202508-BR03-D01-5000,BR03,D01,5000,178000,Original Budget,Revenue profile; branch scale 0.72,2025-08,Valid,Valid,Valid,Valid,Valid,Valid,Valid,Pass
BUD-202508-BR03-D01-6000,BR03,D01,6000,14400,Original Budget,Fixed profile; branch scale 0.72,2025-08,Valid,Valid,Valid,Valid,Valid,Valid,Valid,Pass
BUD-202508-BR03-D01-6100,BR03,D01,6100,2600,Original Budget,Fixed profile; branch scale 0.72,2025-08,Valid,Valid,Valid,Valid,Valid,Valid,Valid,Pass
BUD-202508-BR03-D01-6400,BR03,D01,6400,5900,Original Budget,Variable profile; branch scale 0.72,2025-08,Valid,Valid,Valid,Valid,Valid,Valid,Valid,Pass
BUD-202508-BR03-D01-6500,BR03,D01,6500,3700,Original Budget,Variable profile; branch scale 0.72,2025-08,Valid,Valid,Valid,Valid,Valid,Valid,Valid,Pass
BUD-202508-BR03-D01-6700,BR03,D01,6700,1100,Original Budget,Fixed profile; branch scale 0.72,2025-08,Valid,Valid,Valid,Valid,Valid,Valid,Valid,Pass
BUD-202508-BR03-D01-6800,BR03,D01,6800,600,Original Budget,Variable profile; branch scale 0.72,2025-08,Valid,Valid,Valid,Valid,Valid,Valid,Valid,Pass
BUD-202508-BR03-D01-7100,BR03,D01,7100,600,Original Budget,Variable profile; branch scale 0.72,2025-08,Valid,Valid,Valid,Valid,Valid,Valid,Valid,Pass
BUD-202508-BR03-D01-7200,BR03,D01,7200,1900,Original Budget,Variable profile; branch scale 0.72,2025-08,Valid,Valid,Valid,Valid,Valid,Valid,Valid,Pass
BUD-202508-BR03-D02-5100,BR03,D02,5100,35600,Original Budget,Revenue profile; branch scale 0.72,2025-08,Valid,Valid,Valid,Valid,Valid,Valid,Valid,Pass
BUD-202508-BR03-D02-6000,BR03,D02,6000,20200,Original Budget,Fixed profile; branch scale 0.72,2025-08,Valid,Valid,Valid,Valid,Valid,Valid,Valid,Pass
BUD-202508-BR03-D02-6100,BR03,D02,6100,3600,Original Budget,Fixed profile; branch scale 0.72,2025-08,Valid,Valid,Valid,Valid,Valid,Valid,Valid,Pass
BUD-202508-BR03-D02-6500,BR03,D02,6500,5200,Original Budget,Variable profile; branch scale 0.72,2025-08,Valid,Valid,Valid,Valid,Valid,Valid,Valid,Pass
BUD-202508-BR03-D02-6700,BR03,D02,6700,1400,Original Budget,Fixed profile; branch scale 0.72,2025-08,Valid,Valid,Valid,Valid,Valid,Valid,Valid,Pass
BUD-202508-BR03-D02-6800,BR03,D02,6800,500,Original Budget,Variable profile; branch scale 0.72,2025-08,Valid,Valid,Valid,Valid,Valid,Valid,Valid,Pass
BUD-202508-BR03-D02-7100,BR03,D02,7100,700,Original Budget,Variable profile; branch scale 0.72,2025-08,Valid,Valid,Valid,Valid,Valid,Valid,Valid,Pass
BUD-202508-BR03-D02-7200,BR03,D02,7200,1500,Original Budget,Variable profile; branch scale 0.72,2025-08,Valid,Valid,Valid,Valid,Valid,Valid,Valid,Pass
BUD-202508-BR03-D03-6000,BR03,D03,6000,10100,Original Budget,Fixed profile; branch scale 0.72,2025-08,Valid,Valid,Valid,Valid,Valid,Valid,Valid,Pass
BUD-202508-BR03-D03-6100,BR03,D03,6100,1800,Original Budget,Fixed profile; branch scale 0.72,2025-08,Valid,Valid,Valid,Valid,Valid,Valid,Valid,Pass
BUD-202508-BR03-D03-6200,BR03,D03,6200,10800,Original Budget,Fixed profile; branch scale 0.72,2025-08,Valid,Valid,Valid,Valid,Valid,Valid,Valid,Pass
BUD-202508-BR03-D03-6300,BR03,D03,6300,3200,Original Budget,Fixed profile; branch scale 0.72,2025-08,Valid,Valid,Valid,Valid,Valid,Valid,Valid,Pass
BUD-202508-BR03-D03-6600,BR03,D03,6600,1900,Original Budget,Variable profile; branch scale 0.72,2025-08,Valid,Valid,Valid,Valid,Valid,Valid,Valid,Pass
BUD-202508-BR03-D03-6700,BR03,D03,6700,1100,Original Budget,Fixed profile; branch scale 0.72,2025-08,Valid,Valid,Valid,Valid,Valid,Valid,Valid,Pass
BUD-202508-BR03-D03-6800,BR03,D03,6800,1300,Original Budget,Variable profile; branch scale 0.72,2025-08,Valid,Valid,Valid,Valid,Valid,Valid,Valid,Pass
BUD-202508-BR03-D03-6900,BR03,D03,6900,2200,Original Budget,Fixed profile; branch scale 0.72,2025-08,Valid,Valid,Valid,Valid,Valid,Valid,Valid,Pass
BUD-202508-BR03-D03-7000,BR03,D03,7000,1600,Original Budget,Fixed profile; branch scale 0.72,2025-08,Valid,Valid,Valid,Valid,Valid,Valid,Valid,Pass
BUD-202508-BR03-D03-7100,BR03,D03,7100,400,Original Budget,Variable profile; branch scale 0.72,2025-08,Valid,Valid,Valid,Valid,Valid,Valid,Valid,Pass
BUD-202508-BR03-D03-7200,BR03,D03,7200,500,Original Budget,Variable profile; branch scale 0.72,2025-08,Valid,Valid,Valid,Valid,Valid,Valid,Valid,Pass
BUD-202508-BR03-D03-7300,BR03,D03,7300,400,Original Budget,Fixed profile; branch scale 0.72,2025-08,Valid,Valid,Valid,Valid,Valid,Valid,Valid,Pass
BUD-202508-BR03-D03-7400,BR03,D03,7400,5000,Original Budget,Fixed profile; branch scale 0.72,2025-08,Valid,Valid,Valid,Valid,Valid,Valid,Valid,Pass
BUD-202508-BR03-D03-7500,BR03,D03,7500,700,Original Budget,Variable profile; branch scale 0.72,2025-08,Valid,Valid,Valid,Valid,Valid,Valid,Valid,Pass
BUD-202508-BR03-D04-6000,BR03,D04,6000,11500,Original Budget,Fixed profile; branch scale 0.72,2025-08,Valid,Valid,Valid,Valid,Valid,Valid,Valid,Pass
BUD-202508-BR03-D04-6100,BR03,D04,6100,2100,Original Budget,Fixed profile; branch scale 0.72,2025-08,Valid,Valid,Valid,Valid,Valid,Valid,Valid,Pass
BUD-202508-BR03-D04-6700,BR03,D04,6700,1300,Original Budget,Fixed profile; branch scale 0.72,2025-08,Valid,Valid,Valid,Valid,Valid,Valid,Valid,Pass
BUD-202508-BR03-D04-6800,BR03,D04,6800,400,Original Budget,Variable profile; branch scale 0.72,2025-08,Valid,Valid,Valid,Valid,Valid,Valid,Valid,Pass
BUD-202508-BR03-D04-6900,BR03,D04,6900,1400,Original Budget,Fixed profile; branch scale 0.72,2025-08,Valid,Valid,Valid,Valid,Valid,Valid,Valid,Pass
BUD-202508-BR03-D04-7000,BR03,D04,7000,600,Original Budget,Fixed profile; branch scale 0.72,2025-08,Valid,Valid,Valid,Valid,Valid,Valid,Valid,Pass
BUD-202508-BR03-D04-7100,BR03,D04,7100,900,Original Budget,Variable profile; branch scale 0.72,2025-08,Valid,Valid,Valid,Valid,Valid,Valid,Valid,Pass
BUD-202508-BR03-D04-7200,BR03,D04,7200,600,Original Budget,Variable profile; branch scale 0.72,2025-08,Valid,Valid,Valid,Valid,Valid,Valid,Valid,Pass
BUD-202508-BR03-D04-7300,BR03,D04,7300,300,Original Budget,Fixed profile; branch scale 0.72,2025-08,Valid,Valid,Valid,Valid,Valid,Valid,Valid,Pass
BUD-202508-BR03-D04-7500,BR03,D04,7500,500,Original Budget,Variable profile; branch scale 0.72,2025-08,Valid,Valid,Valid,Valid,Valid,Valid,Valid,Pass
BUD-202508-BR04-D01-4000,BR04,D01,4000,321400,Original Budget,Revenue profile; branch scale 0.78,2025-08,Valid,Valid,Valid,Valid,Valid,Valid,Valid,Pass
BUD-202508-BR04-D01-4100,BR04,D01,4100,96400,Original Budget,Revenue profile; branch scale 0.78,2025-08,Valid,Valid,Valid,Valid,Valid,Valid,Valid,Pass
BUD-202508-BR04-D01-4200,BR04,D01,4200,6400,Original Budget,Revenue profile; branch scale 0.78,2025-08,Valid,Valid,Valid,Valid,Valid,Valid,Valid,Pass
BUD-202508-BR04-D01-5000,BR04,D01,5000,192800,Original Budget,Revenue profile; branch scale 0.78,2025-08,Valid,Valid,Valid,Valid,Valid,Valid,Valid,Pass
BUD-202508-BR04-D01-6000,BR04,D01,6000,15600,Original Budget,Fixed profile; branch scale 0.78,2025-08,Valid,Valid,Valid,Valid,Valid,Valid,Valid,Pass
BUD-202508-BR04-D01-6100,BR04,D01,6100,2800,Original Budget,Fixed profile; branch scale 0.78,2025-08,Valid,Valid,Valid,Valid,Valid,Valid,Valid,Pass
BUD-202508-BR04-D01-6400,BR04,D01,6400,6400,Original Budget,Variable profile; branch scale 0.78,2025-08,Valid,Valid,Valid,Valid,Valid,Valid,Valid,Pass
BUD-202508-BR04-D01-6500,BR04,D01,6500,4000,Original Budget,Variable profile; branch scale 0.78,2025-08,Valid,Valid,Valid,Valid,Valid,Valid,Valid,Pass
BUD-202508-BR04-D01-6700,BR04,D01,6700,1200,Original Budget,Fixed profile; branch scale 0.78,2025-08,Valid,Valid,Valid,Valid,Valid,Valid,Valid,Pass
BUD-202508-BR04-D01-6800,BR04,D01,6800,600,Original Budget,Variable profile; branch scale 0.78,2025-08,Valid,Valid,Valid,Valid,Valid,Valid,Valid,Pass
BUD-202508-BR04-D01-7100,BR04,D01,7100,600,Original Budget,Variable profile; branch scale 0.78,2025-08,Valid,Valid,Valid,Valid,Valid,Valid,Valid,Pass
BUD-202508-BR04-D01-7200,BR04,D01,7200,2000,Original Budget,Variable profile; branch scale 0.78,2025-08,Valid,Valid,Valid,Valid,Valid,Valid,Valid,Pass
BUD-202508-BR04-D02-5100,BR04,D02,5100,38600,Original Budget,Revenue profile; branch scale 0.78,2025-08,Valid,Valid,Valid,Valid,Valid,Valid,Valid,Pass
BUD-202508-BR04-D02-6000,BR04,D02,6000,21800,Original Budget,Fixed profile; branch scale 0.78,2025-08,Valid,Valid,Valid,Valid,Valid,Valid,Valid,Pass
BUD-202508-BR04-D02-6100,BR04,D02,6100,3900,Original Budget,Fixed profile; branch scale 0.78,2025-08,Valid,Valid,Valid,Valid,Valid,Valid,Valid,Pass
BUD-202508-BR04-D02-6500,BR04,D02,6500,5600,Original Budget,Variable profile; branch scale 0.78,2025-08,Valid,Valid,Valid,Valid,Valid,Valid,Valid,Pass
BUD-202508-BR04-D02-6600,BR04,D02,6600,4800,Original Budget,Variable profile; branch scale 0.78,2025-08,Valid,Valid,Valid,Valid,Valid,Valid,Valid,Pass
BUD-202508-BR04-D02-6700,BR04,D02,6700,1600,Original Budget,Fixed profile; branch scale 0.78,2025-08,Valid,Valid,Valid,Valid,Valid,Valid,Valid,Pass
BUD-202508-BR04-D02-6800,BR04,D02,6800,600,Original Budget,Variable profile; branch scale 0.78,2025-08,Valid,Valid,Valid,Valid,Valid,Valid,Valid,Pass
BUD-202508-BR04-D02-7100,BR04,D02,7100,800,Original Budget,Variable profile; branch scale 0.78,2025-08,Valid,Valid,Valid,Valid,Valid,Valid,Valid,Pass
BUD-202508-BR04-D02-7200,BR04,D02,7200,1600,Original Budget,Variable profile; branch scale 0.78,2025-08,Valid,Valid,Valid,Valid,Valid,Valid,Valid,Pass
BUD-202508-BR04-D03-6000,BR04,D03,6000,10900,Original Budget,Fixed profile; branch scale 0.78,2025-08,Valid,Valid,Valid,Valid,Valid,Valid,Valid,Pass
BUD-202508-BR04-D03-6100,BR04,D03,6100,2000,Original Budget,Fixed profile; branch scale 0.78,2025-08,Valid,Valid,Valid,Valid,Valid,Valid,Valid,Pass
BUD-202508-BR04-D03-6200,BR04,D03,6200,11700,Original Budget,Fixed profile; branch scale 0.78,2025-08,Valid,Valid,Valid,Valid,Valid,Valid,Valid,Pass
BUD-202508-BR04-D03-6300,BR04,D03,6300,3500,Original Budget,Fixed profile; branch scale 0.78,2025-08,Valid,Valid,Valid,Valid,Valid,Valid,Valid,Pass
BUD-202508-BR04-D03-6600,BR04,D03,6600,2000,Original Budget,Variable profile; branch scale 0.78,2025-08,Valid,Valid,Valid,Valid,Valid,Valid,Valid,Pass
BUD-202508-BR04-D03-6700,BR04,D03,6700,1200,Original Budget,Fixed profile; branch scale 0.78,2025-08,Valid,Valid,Valid,Valid,Valid,Valid,Valid,Pass
BUD-202508-BR04-D03-6800,BR04,D03,6800,1400,Original Budget,Variable profile; branch scale 0.78,2025-08,Valid,Valid,Valid,Valid,Valid,Valid,Valid,Pass
BUD-202508-BR04-D03-6900,BR04,D03,6900,2300,Original Budget,Fixed profile; branch scale 0.78,2025-08,Valid,Valid,Valid,Valid,Valid,Valid,Valid,Pass
BUD-202508-BR04-D03-7000,BR04,D03,7000,1700,Original Budget,Fixed profile; branch scale 0.78,2025-08,Valid,Valid,Valid,Valid,Valid,Valid,Valid,Pass
BUD-202508-BR04-D03-7100,BR04,D03,7100,400,Original Budget,Variable profile; branch scale 0.78,2025-08,Valid,Valid,Valid,Valid,Valid,Valid,Valid,Pass
BUD-202508-BR04-D03-7200,BR04,D03,7200,600,Original Budget,Variable profile; branch scale 0.78,2025-08,Valid,Valid,Valid,Valid,Valid,Valid,Valid,Pass
BUD-202508-BR04-D03-7300,BR04,D03,7300,500,Original Budget,Fixed profile; branch scale 0.78,2025-08,Valid,Valid,Valid,Valid,Valid,Valid,Valid,Pass
BUD-202508-BR04-D03-7400,BR04,D03,7400,5500,Original Budget,Fixed profile; branch scale 0.78,2025-08,Valid,Valid,Valid,Valid,Valid,Valid,Valid,Pass
BUD-202508-BR04-D03-7500,BR04,D03,7500,800,Original Budget,Variable profile; branch scale 0.78,2025-08,Valid,Valid,Valid,Valid,Valid,Valid,Valid,Pass
BUD-202508-BR04-D04-6000,BR04,D04,6000,12500,Original Budget,Fixed profile; branch scale 0.78,2025-08,Valid,Valid,Valid,Valid,Valid,Valid,Valid,Pass
BUD-202508-BR04-D04-6100,BR04,D04,6100,2300,Original Budget,Fixed profile; branch scale 0.78,2025-08,Valid,Valid,Valid,Valid,Valid,Valid,Valid,Pass
BUD-202508-BR04-D04-6700,BR04,D04,6700,1400,Original Budget,Fixed profile; branch scale 0.78,2025-08,Valid,Valid,Valid,Valid,Valid,Valid,Valid,Pass
BUD-202508-BR04-D04-6800,BR04,D04,6800,500,Original Budget,Variable profile; branch scale 0.78,2025-08,Valid,Valid,Valid,Valid,Valid,Valid,Valid,Pass
BUD-202508-BR04-D04-6900,BR04,D04,6900,1600,Original Budget,Fixed profile; branch scale 0.78,2025-08,Valid,Valid,Valid,Valid,Valid,Valid,Valid,Pass
BUD-202508-BR04-D04-7000,BR04,D04,7000,600,Original Budget,Fixed profile; branch scale 0.78,2025-08,Valid,Valid,Valid,Valid,Valid,Valid,Valid,Pass
BUD-202508-BR04-D04-7100,BR04,D04,7100,1000,Original Budget,Variable profile; branch scale 0.78,2025-08,Valid,Valid,Valid,Valid,Valid,Valid,Valid,Pass
BUD-202508-BR04-D04-7200,BR04,D04,7200,600,Original Budget,Variable profile; branch scale 0.78,2025-08,Valid,Valid,Valid,Valid,Valid,Valid,Valid,Pass
BUD-202508-BR04-D04-7300,BR04,D04,7300,300,Original Budget,Fixed profile; branch scale 0.78,2025-08,Valid,Valid,Valid,Valid,Valid,Valid,Valid,Pass
BUD-202508-BR04-D04-7500,BR04,D04,7500,600,Original Budget,Variable profile; branch scale 0.78,2025-08,Valid,Valid,Valid,Valid,Valid,Valid,Valid,Pass
BUD-202509-BR01-D01-4000,BR01,D01,4000,424000,Original Budget,Revenue profile; branch scale 1.00,2025-09,Valid,Valid,Valid,Valid,Valid,Valid,Valid,Pass
BUD-202509-BR01-D01-4100,BR01,D01,4100,127200,Original Budget,Revenue profile; branch scale 1.00,2025-09,Valid,Valid,Valid,Valid,Valid,Valid,Valid,Pass
BUD-202509-BR01-D01-4200,BR01,D01,4200,8500,Original Budget,Revenue profile; branch scale 1.00,2025-09,Valid,Valid,Valid,Valid,Valid,Valid,Valid,Pass
BUD-202509-BR01-D01-5000,BR01,D01,5000,254400,Original Budget,Revenue profile; branch scale 1.00,2025-09,Valid,Valid,Valid,Valid,Valid,Valid,Valid,Pass
BUD-202509-BR01-D01-6000,BR01,D01,6000,20000,Original Budget,Fixed profile; branch scale 1.00,2025-09,Valid,Valid,Valid,Valid,Valid,Valid,Valid,Pass
BUD-202509-BR01-D01-6100,BR01,D01,6100,3600,Original Budget,Fixed profile; branch scale 1.00,2025-09,Valid,Valid,Valid,Valid,Valid,Valid,Valid,Pass
BUD-202509-BR01-D01-6400,BR01,D01,6400,8400,Original Budget,Variable profile; branch scale 1.00,2025-09,Valid,Valid,Valid,Valid,Valid,Valid,Valid,Pass
BUD-202509-BR01-D01-6500,BR01,D01,6500,5200,Original Budget,Variable profile; branch scale 1.00,2025-09,Valid,Valid,Valid,Valid,Valid,Valid,Valid,Pass
BUD-202509-BR01-D01-6700,BR01,D01,6700,1500,Original Budget,Fixed profile; branch scale 1.00,2025-09,Valid,Valid,Valid,Valid,Valid,Valid,Valid,Pass
BUD-202509-BR01-D01-6800,BR01,D01,6800,800,Original Budget,Variable profile; branch scale 1.00,2025-09,Valid,Valid,Valid,Valid,Valid,Valid,Valid,Pass
BUD-202509-BR01-D01-7100,BR01,D01,7100,800,Original Budget,Variable profile; branch scale 1.00,2025-09,Valid,Valid,Valid,Valid,Valid,Valid,Valid,Pass
BUD-202509-BR01-D01-7200,BR01,D01,7200,2600,Original Budget,Variable profile; branch scale 1.00,2025-09,Valid,Valid,Valid,Valid,Valid,Valid,Valid,Pass
BUD-202509-BR01-D02-5100,BR01,D02,5100,50900,Original Budget,Revenue profile; branch scale 1.00,2025-09,Valid,Valid,Valid,Valid,Valid,Valid,Valid,Pass
BUD-202509-BR01-D02-6000,BR01,D02,6000,28000,Original Budget,Fixed profile; branch scale 1.00,2025-09,Valid,Valid,Valid,Valid,Valid,Valid,Valid,Pass
BUD-202509-BR01-D02-6100,BR01,D02,6100,5000,Original Budget,Fixed profile; branch scale 1.00,2025-09,Valid,Valid,Valid,Valid,Valid,Valid,Valid,Pass
BUD-202509-BR01-D02-6500,BR01,D02,6500,7400,Original Budget,Variable profile; branch scale 1.00,2025-09,Valid,Valid,Valid,Valid,Valid,Valid,Valid,Pass
BUD-202509-BR01-D02-6600,BR01,D02,6600,6300,Original Budget,Variable profile; branch scale 1.00,2025-09,Valid,Valid,Valid,Valid,Valid,Valid,Valid,Pass
BUD-202509-BR01-D02-6700,BR01,D02,6700,2000,Original Budget,Fixed profile; branch scale 1.00,2025-09,Valid,Valid,Valid,Valid,Valid,Valid,Valid,Pass
BUD-202509-BR01-D02-6800,BR01,D02,6800,700,Original Budget,Variable profile; branch scale 1.00,2025-09,Valid,Valid,Valid,Valid,Valid,Valid,Valid,Pass
BUD-202509-BR01-D02-7100,BR01,D02,7100,1000,Original Budget,Variable profile; branch scale 1.00,2025-09,Valid,Valid,Valid,Valid,Valid,Valid,Valid,Pass
BUD-202509-BR01-D02-7200,BR01,D02,7200,2100,Original Budget,Variable profile; branch scale 1.00,2025-09,Valid,Valid,Valid,Valid,Valid,Valid,Valid,Pass
BUD-202509-BR01-D03-6000,BR01,D03,6000,14000,Original Budget,Fixed profile; branch scale 1.00,2025-09,Valid,Valid,Valid,Valid,Valid,Valid,Valid,Pass
BUD-202509-BR01-D03-6100,BR01,D03,6100,2500,Original Budget,Fixed profile; branch scale 1.00,2025-09,Valid,Valid,Valid,Valid,Valid,Valid,Valid,Pass
BUD-202509-BR01-D03-6200,BR01,D03,6200,15000,Original Budget,Fixed profile; branch scale 1.00,2025-09,Valid,Valid,Valid,Valid,Valid,Valid,Valid,Pass
BUD-202509-BR01-D03-6300,BR01,D03,6300,4500,Original Budget,Fixed profile; branch scale 1.00,2025-09,Valid,Valid,Valid,Valid,Valid,Valid,Valid,Pass
BUD-202509-BR01-D03-6600,BR01,D03,6600,2600,Original Budget,Variable profile; branch scale 1.00,2025-09,Valid,Valid,Valid,Valid,Valid,Valid,Valid,Pass
BUD-202509-BR01-D03-6700,BR01,D03,6700,1500,Original Budget,Fixed profile; branch scale 1.00,2025-09,Valid,Valid,Valid,Valid,Valid,Valid,Valid,Pass
BUD-202509-BR01-D03-6800,BR01,D03,6800,1900,Original Budget,Variable profile; branch scale 1.00,2025-09,Valid,Valid,Valid,Valid,Valid,Valid,Valid,Pass
BUD-202509-BR01-D03-6900,BR01,D03,6900,3000,Original Budget,Fixed profile; branch scale 1.00,2025-09,Valid,Valid,Valid,Valid,Valid,Valid,Valid,Pass
BUD-202509-BR01-D03-7000,BR01,D03,7000,2200,Original Budget,Fixed profile; branch scale 1.00,2025-09,Valid,Valid,Valid,Valid,Valid,Valid,Valid,Pass
BUD-202509-BR01-D03-7100,BR01,D03,7100,500,Original Budget,Variable profile; branch scale 1.00,2025-09,Valid,Valid,Valid,Valid,Valid,Valid,Valid,Pass
BUD-202509-BR01-D03-7200,BR01,D03,7200,700,Original Budget,Variable profile; branch scale 1.00,2025-09,Valid,Valid,Valid,Valid,Valid,Valid,Valid,Pass
BUD-202509-BR01-D03-7300,BR01,D03,7300,600,Original Budget,Fixed profile; branch scale 1.00,2025-09,Valid,Valid,Valid,Valid,Valid,Valid,Valid,Pass
BUD-202509-BR01-D03-7400,BR01,D03,7400,7000,Original Budget,Fixed profile; branch scale 1.00,2025-09,Valid,Valid,Valid,Valid,Valid,Valid,Valid,Pass
BUD-202509-BR01-D03-7500,BR01,D03,7500,1000,Original Budget,Variable profile; branch scale 1.00,2025-09,Valid,Valid,Valid,Valid,Valid,Valid,Valid,Pass
BUD-202509-BR01-D04-6000,BR01,D04,6000,16000,Original Budget,Fixed profile; branch scale 1.00,2025-09,Valid,Valid,Valid,Valid,Valid,Valid,Valid,Pass
BUD-202509-BR01-D04-6100,BR01,D04,6100,2900,Original Budget,Fixed profile; branch scale 1.00,2025-09,Valid,Valid,Valid,Valid,Valid,Valid,Valid,Pass
BUD-202509-BR01-D04-6700,BR01,D04,6700,1800,Original Budget,Fixed profile; branch scale 1.00,2025-09,Valid,Valid,Valid,Valid,Valid,Valid,Valid,Pass
BUD-202509-BR01-D04-6800,BR01,D04,6800,600,Original Budget,Variable profile; branch scale 1.00,2025-09,Valid,Valid,Valid,Valid,Valid,Valid,Valid,Pass
BUD-202509-BR01-D04-6900,BR01,D04,6900,2000,Original Budget,Fixed profile; branch scale 1.00,2025-09,Valid,Valid,Valid,Valid,Valid,Valid,Valid,Pass
BUD-202509-BR01-D04-7000,BR01,D04,7000,800,Original Budget,Fixed profile; branch scale 1.00,2025-09,Valid,Valid,Valid,Valid,Valid,Valid,Valid,Pass
BUD-202509-BR01-D04-7100,BR01,D04,7100,1300,Original Budget,Variable profile; branch scale 1.00,2025-09,Valid,Valid,Valid,Valid,Valid,Valid,Valid,Pass
BUD-202509-BR01-D04-7200,BR01,D04,7200,800,Original Budget,Variable profile; branch scale 1.00,2025-09,Valid,Valid,Valid,Valid,Valid,Valid,Valid,Pass
BUD-202509-BR01-D04-7300,BR01,D04,7300,400,Original Budget,Fixed profile; branch scale 1.00,2025-09,Valid,Valid,Valid,Valid,Valid,Valid,Valid,Pass
BUD-202509-BR01-D04-7500,BR01,D04,7500,700,Original Budget,Variable profile; branch scale 1.00,2025-09,Valid,Valid,Valid,Valid,Valid,Valid,Valid,Pass
BUD-202509-BR02-D01-4000,BR02,D01,4000,245900,Original Budget,Revenue profile; branch scale 0.58,2025-09,Valid,Valid,Valid,Valid,Valid,Valid,Valid,Pass
BUD-202509-BR02-D01-4100,BR02,D01,4100,73800,Original Budget,Revenue profile; branch scale 0.58,2025-09,Valid,Valid,Valid,Valid,Valid,Valid,Valid,Pass
BUD-202509-BR02-D01-4200,BR02,D01,4200,4900,Original Budget,Revenue profile; branch scale 0.58,2025-09,Valid,Valid,Valid,Valid,Valid,Valid,Valid,Pass
BUD-202509-BR02-D01-5000,BR02,D01,5000,147600,Original Budget,Revenue profile; branch scale 0.58,2025-09,Valid,Valid,Valid,Valid,Valid,Valid,Valid,Pass
BUD-202509-BR02-D01-6000,BR02,D01,6000,11600,Original Budget,Fixed profile; branch scale 0.58,2025-09,Valid,Valid,Valid,Valid,Valid,Valid,Valid,Pass
BUD-202509-BR02-D01-6100,BR02,D01,6100,2100,Original Budget,Fixed profile; branch scale 0.58,2025-09,Valid,Valid,Valid,Valid,Valid,Valid,Valid,Pass
BUD-202509-BR02-D01-6400,BR02,D01,6400,4900,Original Budget,Variable profile; branch scale 0.58,2025-09,Valid,Valid,Valid,Valid,Valid,Valid,Valid,Pass
BUD-202509-BR02-D01-6500,BR02,D01,6500,3000,Original Budget,Variable profile; branch scale 0.58,2025-09,Valid,Valid,Valid,Valid,Valid,Valid,Valid,Pass
BUD-202509-BR02-D01-6700,BR02,D01,6700,900,Original Budget,Fixed profile; branch scale 0.58,2025-09,Valid,Valid,Valid,Valid,Valid,Valid,Valid,Pass
BUD-202509-BR02-D01-6800,BR02,D01,6800,500,Original Budget,Variable profile; branch scale 0.58,2025-09,Valid,Valid,Valid,Valid,Valid,Valid,Valid,Pass
BUD-202509-BR02-D01-7100,BR02,D01,7100,500,Original Budget,Variable profile; branch scale 0.58,2025-09,Valid,Valid,Valid,Valid,Valid,Valid,Valid,Pass
BUD-202509-BR02-D01-7200,BR02,D01,7200,1500,Original Budget,Variable profile; branch scale 0.58,2025-09,Valid,Valid,Valid,Valid,Valid,Valid,Valid,Pass
BUD-202509-BR02-D02-5100,BR02,D02,5100,29500,Original Budget,Revenue profile; branch scale 0.58,2025-09,Valid,Valid,Valid,Valid,Valid,Valid,Valid,Pass
BUD-202509-BR02-D02-6000,BR02,D02,6000,16200,Original Budget,Fixed profile; branch scale 0.58,2025-09,Valid,Valid,Valid,Valid,Valid,Valid,Valid,Pass
BUD-202509-BR02-D02-6100,BR02,D02,6100,2900,Original Budget,Fixed profile; branch scale 0.58,2025-09,Valid,Valid,Valid,Valid,Valid,Valid,Valid,Pass
BUD-202509-BR02-D02-6500,BR02,D02,6500,4300,Original Budget,Variable profile; branch scale 0.58,2025-09,Valid,Valid,Valid,Valid,Valid,Valid,Valid,Pass
BUD-202509-BR02-D02-6600,BR02,D02,6600,3700,Original Budget,Variable profile; branch scale 0.58,2025-09,Valid,Valid,Valid,Valid,Valid,Valid,Valid,Pass
BUD-202509-BR02-D02-6700,BR02,D02,6700,1200,Original Budget,Fixed profile; branch scale 0.58,2025-09,Valid,Valid,Valid,Valid,Valid,Valid,Valid,Pass
BUD-202509-BR02-D02-6800,BR02,D02,6800,400,Original Budget,Variable profile; branch scale 0.58,2025-09,Valid,Valid,Valid,Valid,Valid,Valid,Valid,Pass
BUD-202509-BR02-D02-7100,BR02,D02,7100,600,Original Budget,Variable profile; branch scale 0.58,2025-09,Valid,Valid,Valid,Valid,Valid,Valid,Valid,Pass
BUD-202509-BR02-D02-7200,BR02,D02,7200,1200,Original Budget,Variable profile; branch scale 0.58,2025-09,Valid,Valid,Valid,Valid,Valid,Valid,Valid,Pass
BUD-202509-BR02-D03-6000,BR02,D03,6000,8100,Original Budget,Fixed profile; branch scale 0.58,2025-09,Valid,Valid,Valid,Valid,Valid,Valid,Valid,Pass
BUD-202509-BR02-D03-6100,BR02,D03,6100,1400,Original Budget,Fixed profile; branch scale 0.58,2025-09,Valid,Valid,Valid,Valid,Valid,Valid,Valid,Pass
BUD-202509-BR02-D03-6200,BR02,D03,6200,8700,Original Budget,Fixed profile; branch scale 0.58,2025-09,Valid,Valid,Valid,Valid,Valid,Valid,Valid,Pass
BUD-202509-BR02-D03-6300,BR02,D03,6300,2600,Original Budget,Fixed profile; branch scale 0.58,2025-09,Valid,Valid,Valid,Valid,Valid,Valid,Valid,Pass
BUD-202509-BR02-D03-6600,BR02,D03,6600,1500,Original Budget,Variable profile; branch scale 0.58,2025-09,Valid,Valid,Valid,Valid,Valid,Valid,Valid,Pass
BUD-202509-BR02-D03-6700,BR02,D03,6700,900,Original Budget,Fixed profile; branch scale 0.58,2025-09,Valid,Valid,Valid,Valid,Valid,Valid,Valid,Pass
BUD-202509-BR02-D03-6800,BR02,D03,6800,1100,Original Budget,Variable profile; branch scale 0.58,2025-09,Valid,Valid,Valid,Valid,Valid,Valid,Valid,Pass
BUD-202509-BR02-D03-6900,BR02,D03,6900,1700,Original Budget,Fixed profile; branch scale 0.58,2025-09,Valid,Valid,Valid,Valid,Valid,Valid,Valid,Pass
BUD-202509-BR02-D03-7000,BR02,D03,7000,1300,Original Budget,Fixed profile; branch scale 0.58,2025-09,Valid,Valid,Valid,Valid,Valid,Valid,Valid,Pass
BUD-202509-BR02-D03-7100,BR02,D03,7100,300,Original Budget,Variable profile; branch scale 0.58,2025-09,Valid,Valid,Valid,Valid,Valid,Valid,Valid,Pass
BUD-202509-BR02-D03-7200,BR02,D03,7200,400,Original Budget,Variable profile; branch scale 0.58,2025-09,Valid,Valid,Valid,Valid,Valid,Valid,Valid,Pass
BUD-202509-BR02-D03-7300,BR02,D03,7300,300,Original Budget,Fixed profile; branch scale 0.58,2025-09,Valid,Valid,Valid,Valid,Valid,Valid,Valid,Pass
BUD-202509-BR02-D03-7400,BR02,D03,7400,4100,Original Budget,Fixed profile; branch scale 0.58,2025-09,Valid,Valid,Valid,Valid,Valid,Valid,Valid,Pass
BUD-202509-BR02-D03-7500,BR02,D03,7500,600,Original Budget,Variable profile; branch scale 0.58,2025-09,Valid,Valid,Valid,Valid,Valid,Valid,Valid,Pass
BUD-202509-BR02-D04-6000,BR02,D04,6000,9300,Original Budget,Fixed profile; branch scale 0.58,2025-09,Valid,Valid,Valid,Valid,Valid,Valid,Valid,Pass
BUD-202509-BR02-D04-6100,BR02,D04,6100,1700,Original Budget,Fixed profile; branch scale 0.58,2025-09,Valid,Valid,Valid,Valid,Valid,Valid,Valid,Pass
BUD-202509-BR02-D04-6700,BR02,D04,6700,1000,Original Budget,Fixed profile; branch scale 0.58,2025-09,Valid,Valid,Valid,Valid,Valid,Valid,Valid,Pass
BUD-202509-BR02-D04-6800,BR02,D04,6800,400,Original Budget,Variable profile; branch scale 0.58,2025-09,Valid,Valid,Valid,Valid,Valid,Valid,Valid,Pass
BUD-202509-BR02-D04-6900,BR02,D04,6900,1200,Original Budget,Fixed profile; branch scale 0.58,2025-09,Valid,Valid,Valid,Valid,Valid,Valid,Valid,Pass
BUD-202509-BR02-D04-7000,BR02,D04,7000,500,Original Budget,Fixed profile; branch scale 0.58,2025-09,Valid,Valid,Valid,Valid,Valid,Valid,Valid,Pass
BUD-202509-BR02-D04-7100,BR02,D04,7100,700,Original Budget,Variable profile; branch scale 0.58,2025-09,Valid,Valid,Valid,Valid,Valid,Valid,Valid,Pass
BUD-202509-BR02-D04-7200,BR02,D04,7200,500,Original Budget,Variable profile; branch scale 0.58,2025-09,Valid,Valid,Valid,Valid,Valid,Valid,Valid,Pass
BUD-202509-BR02-D04-7300,BR02,D04,7300,200,Original Budget,Fixed profile; branch scale 0.58,2025-09,Valid,Valid,Valid,Valid,Valid,Valid,Valid,Pass
BUD-202509-BR02-D04-7500,BR02,D04,7500,400,Original Budget,Variable profile; branch scale 0.58,2025-09,Valid,Valid,Valid,Valid,Valid,Valid,Valid,Pass
BUD-202509-BR03-D01-4000,BR03,D01,4000,305300,Original Budget,Revenue profile; branch scale 0.72,2025-09,Valid,Valid,Valid,Valid,Valid,Valid,Valid,Pass
BUD-202509-BR03-D01-4100,BR03,D01,4100,91600,Original Budget,Revenue profile; branch scale 0.72,2025-09,Valid,Valid,Valid,Valid,Valid,Valid,Valid,Pass
BUD-202509-BR03-D01-4200,BR03,D01,4200,6100,Original Budget,Revenue profile; branch scale 0.72,2025-09,Valid,Valid,Valid,Valid,Valid,Valid,Valid,Pass
BUD-202509-BR03-D01-5000,BR03,D01,5000,183200,Original Budget,Revenue profile; branch scale 0.72,2025-09,Valid,Valid,Valid,Valid,Valid,Valid,Valid,Pass
BUD-202509-BR03-D01-6000,BR03,D01,6000,14400,Original Budget,Fixed profile; branch scale 0.72,2025-09,Valid,Valid,Valid,Valid,Valid,Valid,Valid,Pass
BUD-202509-BR03-D01-6100,BR03,D01,6100,2600,Original Budget,Fixed profile; branch scale 0.72,2025-09,Valid,Valid,Valid,Valid,Valid,Valid,Valid,Pass
BUD-202509-BR03-D01-6400,BR03,D01,6400,6000,Original Budget,Variable profile; branch scale 0.72,2025-09,Valid,Valid,Valid,Valid,Valid,Valid,Valid,Pass
BUD-202509-BR03-D01-6500,BR03,D01,6500,3800,Original Budget,Variable profile; branch scale 0.72,2025-09,Valid,Valid,Valid,Valid,Valid,Valid,Valid,Pass
BUD-202509-BR03-D01-6700,BR03,D01,6700,1100,Original Budget,Fixed profile; branch scale 0.72,2025-09,Valid,Valid,Valid,Valid,Valid,Valid,Valid,Pass
BUD-202509-BR03-D01-6800,BR03,D01,6800,600,Original Budget,Variable profile; branch scale 0.72,2025-09,Valid,Valid,Valid,Valid,Valid,Valid,Valid,Pass
BUD-202509-BR03-D01-7100,BR03,D01,7100,600,Original Budget,Variable profile; branch scale 0.72,2025-09,Valid,Valid,Valid,Valid,Valid,Valid,Valid,Pass
BUD-202509-BR03-D01-7200,BR03,D01,7200,1900,Original Budget,Variable profile; branch scale 0.72,2025-09,Valid,Valid,Valid,Valid,Valid,Valid,Valid,Pass
BUD-202509-BR03-D02-5100,BR03,D02,5100,36600,Original Budget,Revenue profile; branch scale 0.72,2025-09,Valid,Valid,Valid,Valid,Valid,Valid,Valid,Pass
BUD-202509-BR03-D02-6000,BR03,D02,6000,20200,Original Budget,Fixed profile; branch scale 0.72,2025-09,Valid,Valid,Valid,Valid,Valid,Valid,Valid,Pass
BUD-202509-BR03-D02-6100,BR03,D02,6100,3600,Original Budget,Fixed profile; branch scale 0.72,2025-09,Valid,Valid,Valid,Valid,Valid,Valid,Valid,Pass
BUD-202509-BR03-D02-6500,BR03,D02,6500,5300,Original Budget,Variable profile; branch scale 0.72,2025-09,Valid,Valid,Valid,Valid,Valid,Valid,Valid,Pass
BUD-202509-BR03-D02-6600,BR03,D02,6600,4500,Original Budget,Variable profile; branch scale 0.72,2025-09,Valid,Valid,Valid,Valid,Valid,Valid,Valid,Pass
BUD-202509-BR03-D02-6700,BR03,D02,6700,1400,Original Budget,Fixed profile; branch scale 0.72,2025-09,Valid,Valid,Valid,Valid,Valid,Valid,Valid,Pass
BUD-202509-BR03-D02-6800,BR03,D02,6800,500,Original Budget,Variable profile; branch scale 0.72,2025-09,Valid,Valid,Valid,Valid,Valid,Valid,Valid,Pass
BUD-202509-BR03-D02-7100,BR03,D02,7100,800,Original Budget,Variable profile; branch scale 0.72,2025-09,Valid,Valid,Valid,Valid,Valid,Valid,Valid,Pass
BUD-202509-BR03-D02-7200,BR03,D02,7200,1500,Original Budget,Variable profile; branch scale 0.72,2025-09,Valid,Valid,Valid,Valid,Valid,Valid,Valid,Pass
BUD-202509-BR03-D03-6000,BR03,D03,6000,10100,Original Budget,Fixed profile; branch scale 0.72,2025-09,Valid,Valid,Valid,Valid,Valid,Valid,Valid,Pass
BUD-202509-BR03-D03-6100,BR03,D03,6100,1800,Original Budget,Fixed profile; branch scale 0.72,2025-09,Valid,Valid,Valid,Valid,Valid,Valid,Valid,Pass
BUD-202509-BR03-D03-6200,BR03,D03,6200,10800,Original Budget,Fixed profile; branch scale 0.72,2025-09,Valid,Valid,Valid,Valid,Valid,Valid,Valid,Pass
BUD-202509-BR03-D03-6300,BR03,D03,6300,3200,Original Budget,Fixed profile; branch scale 0.72,2025-09,Valid,Valid,Valid,Valid,Valid,Valid,Valid,Pass
BUD-202509-BR03-D03-6600,BR03,D03,6600,1900,Original Budget,Variable profile; branch scale 0.72,2025-09,Valid,Valid,Valid,Valid,Valid,Valid,Valid,Pass
BUD-202509-BR03-D03-6700,BR03,D03,6700,1100,Original Budget,Fixed profile; branch scale 0.72,2025-09,Valid,Valid,Valid,Valid,Valid,Valid,Valid,Pass
BUD-202509-BR03-D03-6800,BR03,D03,6800,1400,Original Budget,Variable profile; branch scale 0.72,2025-09,Valid,Valid,Valid,Valid,Valid,Valid,Valid,Pass
BUD-202509-BR03-D03-6900,BR03,D03,6900,2200,Original Budget,Fixed profile; branch scale 0.72,2025-09,Valid,Valid,Valid,Valid,Valid,Valid,Valid,Pass
BUD-202509-BR03-D03-7000,BR03,D03,7000,1600,Original Budget,Fixed profile; branch scale 0.72,2025-09,Valid,Valid,Valid,Valid,Valid,Valid,Valid,Pass
BUD-202509-BR03-D03-7100,BR03,D03,7100,400,Original Budget,Variable profile; branch scale 0.72,2025-09,Valid,Valid,Valid,Valid,Valid,Valid,Valid,Pass
BUD-202509-BR03-D03-7200,BR03,D03,7200,500,Original Budget,Variable profile; branch scale 0.72,2025-09,Valid,Valid,Valid,Valid,Valid,Valid,Valid,Pass
BUD-202509-BR03-D03-7300,BR03,D03,7300,400,Original Budget,Fixed profile; branch scale 0.72,2025-09,Valid,Valid,Valid,Valid,Valid,Valid,Valid,Pass
BUD-202509-BR03-D03-7400,BR03,D03,7400,5000,Original Budget,Fixed profile; branch scale 0.72,2025-09,Valid,Valid,Valid,Valid,Valid,Valid,Valid,Pass
BUD-202509-BR03-D03-7500,BR03,D03,7500,800,Original Budget,Variable profile; branch scale 0.72,2025-09,Valid,Valid,Valid,Valid,Valid,Valid,Valid,Pass
BUD-202509-BR03-D04-6000,BR03,D04,6000,11500,Original Budget,Fixed profile; branch scale 0.72,2025-09,Valid,Valid,Valid,Valid,Valid,Valid,Valid,Pass
BUD-202509-BR03-D04-6100,BR03,D04,6100,2100,Original Budget,Fixed profile; branch scale 0.72,2025-09,Valid,Valid,Valid,Valid,Valid,Valid,Valid,Pass
BUD-202509-BR03-D04-6700,BR03,D04,6700,1300,Original Budget,Fixed profile; branch scale 0.72,2025-09,Valid,Valid,Valid,Valid,Valid,Valid,Valid,Pass
BUD-202509-BR03-D04-6800,BR03,D04,6800,500,Original Budget,Variable profile; branch scale 0.72,2025-09,Valid,Valid,Valid,Valid,Valid,Valid,Valid,Pass
BUD-202509-BR03-D04-6900,BR03,D04,6900,1400,Original Budget,Fixed profile; branch scale 0.72,2025-09,Valid,Valid,Valid,Valid,Valid,Valid,Valid,Pass
BUD-202509-BR03-D04-7000,BR03,D04,7000,600,Original Budget,Fixed profile; branch scale 0.72,2025-09,Valid,Valid,Valid,Valid,Valid,Valid,Valid,Pass
BUD-202509-BR03-D04-7100,BR03,D04,7100,900,Original Budget,Variable profile; branch scale 0.72,2025-09,Valid,Valid,Valid,Valid,Valid,Valid,Valid,Pass
BUD-202509-BR03-D04-7200,BR03,D04,7200,600,Original Budget,Variable profile; branch scale 0.72,2025-09,Valid,Valid,Valid,Valid,Valid,Valid,Valid,Pass
BUD-202509-BR03-D04-7300,BR03,D04,7300,300,Original Budget,Fixed profile; branch scale 0.72,2025-09,Valid,Valid,Valid,Valid,Valid,Valid,Valid,Pass
BUD-202509-BR03-D04-7500,BR03,D04,7500,500,Original Budget,Variable profile; branch scale 0.72,2025-09,Valid,Valid,Valid,Valid,Valid,Valid,Valid,Pass
BUD-202509-BR04-D01-4000,BR04,D01,4000,330700,Original Budget,Revenue profile; branch scale 0.78,2025-09,Valid,Valid,Valid,Valid,Valid,Valid,Valid,Pass
BUD-202509-BR04-D01-4100,BR04,D01,4100,99200,Original Budget,Revenue profile; branch scale 0.78,2025-09,Valid,Valid,Valid,Valid,Valid,Valid,Valid,Pass
BUD-202509-BR04-D01-4200,BR04,D01,4200,6600,Original Budget,Revenue profile; branch scale 0.78,2025-09,Valid,Valid,Valid,Valid,Valid,Valid,Valid,Pass
BUD-202509-BR04-D01-5000,BR04,D01,5000,198400,Original Budget,Revenue profile; branch scale 0.78,2025-09,Valid,Valid,Valid,Valid,Valid,Valid,Valid,Pass
BUD-202509-BR04-D01-6000,BR04,D01,6000,15600,Original Budget,Fixed profile; branch scale 0.78,2025-09,Valid,Valid,Valid,Valid,Valid,Valid,Valid,Pass
BUD-202509-BR04-D01-6100,BR04,D01,6100,2800,Original Budget,Fixed profile; branch scale 0.78,2025-09,Valid,Valid,Valid,Valid,Valid,Valid,Valid,Pass
BUD-202509-BR04-D01-6400,BR04,D01,6400,6600,Original Budget,Variable profile; branch scale 0.78,2025-09,Valid,Valid,Valid,Valid,Valid,Valid,Valid,Pass
BUD-202509-BR04-D01-6500,BR04,D01,6500,4100,Original Budget,Variable profile; branch scale 0.78,2025-09,Valid,Valid,Valid,Valid,Valid,Valid,Valid,Pass
BUD-202509-BR04-D01-6700,BR04,D01,6700,1200,Original Budget,Fixed profile; branch scale 0.78,2025-09,Valid,Valid,Valid,Valid,Valid,Valid,Valid,Pass
BUD-202509-BR04-D01-6800,BR04,D01,6800,700,Original Budget,Variable profile; branch scale 0.78,2025-09,Valid,Valid,Valid,Valid,Valid,Valid,Valid,Pass
BUD-202509-BR04-D01-7100,BR04,D01,7100,700,Original Budget,Variable profile; branch scale 0.78,2025-09,Valid,Valid,Valid,Valid,Valid,Valid,Valid,Pass
BUD-202509-BR04-D01-7200,BR04,D01,7200,2000,Original Budget,Variable profile; branch scale 0.78,2025-09,Valid,Valid,Valid,Valid,Valid,Valid,Valid,Pass
BUD-202509-BR04-D02-5100,BR04,D02,5100,39700,Original Budget,Revenue profile; branch scale 0.78,2025-09,Valid,Valid,Valid,Valid,Valid,Valid,Valid,Pass
BUD-202509-BR04-D02-6000,BR04,D02,6000,21800,Original Budget,Fixed profile; branch scale 0.78,2025-09,Valid,Valid,Valid,Valid,Valid,Valid,Valid,Pass
BUD-202509-BR04-D02-6100,BR04,D02,6100,3900,Original Budget,Fixed profile; branch scale 0.78,2025-09,Valid,Valid,Valid,Valid,Valid,Valid,Valid,Pass
BUD-202509-BR04-D02-6500,BR04,D02,6500,5700,Original Budget,Variable profile; branch scale 0.78,2025-09,Valid,Valid,Valid,Valid,Valid,Valid,Valid,Pass
BUD-202509-BR04-D02-6600,BR04,D02,6600,4900,Original Budget,Variable profile; branch scale 0.78,2025-09,Valid,Valid,Valid,Valid,Valid,Valid,Valid,Pass
BUD-202509-BR04-D02-6700,BR04,D02,6700,1600,Original Budget,Fixed profile; branch scale 0.78,2025-09,Valid,Valid,Valid,Valid,Valid,Valid,Valid,Pass
BUD-202509-BR04-D02-6800,BR04,D02,6800,600,Original Budget,Variable profile; branch scale 0.78,2025-09,Valid,Valid,Valid,Valid,Valid,Valid,Valid,Pass
BUD-202509-BR04-D02-7100,BR04,D02,7100,800,Original Budget,Variable profile; branch scale 0.78,2025-09,Valid,Valid,Valid,Valid,Valid,Valid,Valid,Pass
BUD-202509-BR04-D02-7200,BR04,D02,7200,1600,Original Budget,Variable profile; branch scale 0.78,2025-09,Valid,Valid,Valid,Valid,Valid,Valid,Valid,Pass
BUD-202509-BR04-D03-6000,BR04,D03,6000,10900,Original Budget,Fixed profile; branch scale 0.78,2025-09,Valid,Valid,Valid,Valid,Valid,Valid,Valid,Pass
BUD-202509-BR04-D03-6100,BR04,D03,6100,2000,Original Budget,Fixed profile; branch scale 0.78,2025-09,Valid,Valid,Valid,Valid,Valid,Valid,Valid,Pass
BUD-202509-BR04-D03-6200,BR04,D03,6200,11700,Original Budget,Fixed profile; branch scale 0.78,2025-09,Valid,Valid,Valid,Valid,Valid,Valid,Valid,Pass
BUD-202509-BR04-D03-6300,BR04,D03,6300,3500,Original Budget,Fixed profile; branch scale 0.78,2025-09,Valid,Valid,Valid,Valid,Valid,Valid,Valid,Pass
BUD-202509-BR04-D03-6600,BR04,D03,6600,2000,Original Budget,Variable profile; branch scale 0.78,2025-09,Valid,Valid,Valid,Valid,Valid,Valid,Valid,Pass
BUD-202509-BR04-D03-6700,BR04,D03,6700,1200,Original Budget,Fixed profile; branch scale 0.78,2025-09,Valid,Valid,Valid,Valid,Valid,Valid,Valid,Pass
BUD-202509-BR04-D03-6800,BR04,D03,6800,1500,Original Budget,Variable profile; branch scale 0.78,2025-09,Valid,Valid,Valid,Valid,Valid,Valid,Valid,Pass
BUD-202509-BR04-D03-6900,BR04,D03,6900,2300,Original Budget,Fixed profile; branch scale 0.78,2025-09,Valid,Valid,Valid,Valid,Valid,Valid,Valid,Pass
BUD-202509-BR04-D03-7000,BR04,D03,7000,1700,Original Budget,Fixed profile; branch scale 0.78,2025-09,Valid,Valid,Valid,Valid,Valid,Valid,Valid,Pass
BUD-202509-BR04-D03-7100,BR04,D03,7100,400,Original Budget,Variable profile; branch scale 0.78,2025-09,Valid,Valid,Valid,Valid,Valid,Valid,Valid,Pass
BUD-202509-BR04-D03-7200,BR04,D03,7200,600,Original Budget,Variable profile; branch scale 0.78,2025-09,Valid,Valid,Valid,Valid,Valid,Valid,Valid,Pass
BUD-202509-BR04-D03-7300,BR04,D03,7300,500,Original Budget,Fixed profile; branch scale 0.78,2025-09,Valid,Valid,Valid,Valid,Valid,Valid,Valid,Pass
BUD-202509-BR04-D03-7400,BR04,D03,7400,5500,Original Budget,Fixed profile; branch scale 0.78,2025-09,Valid,Valid,Valid,Valid,Valid,Valid,Valid,Pass
BUD-202509-BR04-D03-7500,BR04,D03,7500,800,Original Budget,Variable profile; branch scale 0.78,2025-09,Valid,Valid,Valid,Valid,Valid,Valid,Valid,Pass
BUD-202509-BR04-D04-6000,BR04,D04,6000,12500,Original Budget,Fixed profile; branch scale 0.78,2025-09,Valid,Valid,Valid,Valid,Valid,Valid,Valid,Pass
BUD-202509-BR04-D04-6100,BR04,D04,6100,2300,Original Budget,Fixed profile; branch scale 0.78,2025-09,Valid,Valid,Valid,Valid,Valid,Valid,Valid,Pass
BUD-202509-BR04-D04-6700,BR04,D04,6700,1400,Original Budget,Fixed profile; branch scale 0.78,2025-09,Valid,Valid,Valid,Valid,Valid,Valid,Valid,Pass
BUD-202509-BR04-D04-6800,BR04,D04,6800,500,Original Budget,Variable profile; branch scale 0.78,2025-09,Valid,Valid,Valid,Valid,Valid,Valid,Valid,Pass
BUD-202509-BR04-D04-6900,BR04,D04,6900,1600,Original Budget,Fixed profile; branch scale 0.78,2025-09,Valid,Valid,Valid,Valid,Valid,Valid,Valid,Pass
BUD-202509-BR04-D04-7000,BR04,D04,7000,600,Original Budget,Fixed profile; branch scale 0.78,2025-09,Valid,Valid,Valid,Valid,Valid,Valid,Valid,Pass
BUD-202509-BR04-D04-7100,BR04,D04,7100,1000,Original Budget,Variable profile; branch scale 0.78,2025-09,Valid,Valid,Valid,Valid,Valid,Valid,Valid,Pass
BUD-202509-BR04-D04-7200,BR04,D04,7200,700,Original Budget,Variable profile; branch scale 0.78,2025-09,Valid,Valid,Valid,Valid,Valid,Valid,Valid,Pass
BUD-202509-BR04-D04-7300,BR04,D04,7300,300,Original Budget,Fixed profile; branch scale 0.78,2025-09,Valid,Valid,Valid,Valid,Valid,Valid,Valid,Pass
BUD-202509-BR04-D04-7500,BR04,D04,7500,600,Original Budget,Variable profile; branch scale 0.78,2025-09,Valid,Valid,Valid,Valid,Valid,Valid,Valid,Pass
BUD-202510-BR01-D01-4000,BR01,D01,4000,428000,Original Budget,Revenue profile; branch scale 1.00,2025-10,Valid,Valid,Valid,Valid,Valid,Valid,Valid,Pass
BUD-202510-BR01-D01-4100,BR01,D01,4100,128400,Original Budget,Revenue profile; branch scale 1.00,2025-10,Valid,Valid,Valid,Valid,Valid,Valid,Valid,Pass
BUD-202510-BR01-D01-4200,BR01,D01,4200,8600,Original Budget,Revenue profile; branch scale 1.00,2025-10,Valid,Valid,Valid,Valid,Valid,Valid,Valid,Pass
BUD-202510-BR01-D01-5000,BR01,D01,5000,256800,Original Budget,Revenue profile; branch scale 1.00,2025-10,Valid,Valid,Valid,Valid,Valid,Valid,Valid,Pass
BUD-202510-BR01-D01-6000,BR01,D01,6000,20000,Original Budget,Fixed profile; branch scale 1.00,2025-10,Valid,Valid,Valid,Valid,Valid,Valid,Valid,Pass
BUD-202510-BR01-D01-6100,BR01,D01,6100,3600,Original Budget,Fixed profile; branch scale 1.00,2025-10,Valid,Valid,Valid,Valid,Valid,Valid,Valid,Pass
BUD-202510-BR01-D01-6400,BR01,D01,6400,8300,Original Budget,Variable profile; branch scale 1.00,2025-10,Valid,Valid,Valid,Valid,Valid,Valid,Valid,Pass
BUD-202510-BR01-D01-6500,BR01,D01,6500,5200,Original Budget,Variable profile; branch scale 1.00,2025-10,Valid,Valid,Valid,Valid,Valid,Valid,Valid,Pass
BUD-202510-BR01-D01-6700,BR01,D01,6700,1500,Original Budget,Fixed profile; branch scale 1.00,2025-10,Valid,Valid,Valid,Valid,Valid,Valid,Valid,Pass
BUD-202510-BR01-D01-6800,BR01,D01,6800,800,Original Budget,Variable profile; branch scale 1.00,2025-10,Valid,Valid,Valid,Valid,Valid,Valid,Valid,Pass
BUD-202510-BR01-D01-7100,BR01,D01,7100,800,Original Budget,Variable profile; branch scale 1.00,2025-10,Valid,Valid,Valid,Valid,Valid,Valid,Valid,Pass
BUD-202510-BR01-D01-7200,BR01,D01,7200,2600,Original Budget,Variable profile; branch scale 1.00,2025-10,Valid,Valid,Valid,Valid,Valid,Valid,Valid,Pass
BUD-202510-BR01-D02-5100,BR01,D02,5100,51400,Original Budget,Revenue profile; branch scale 1.00,2025-10,Valid,Valid,Valid,Valid,Valid,Valid,Valid,Pass
BUD-202510-BR01-D02-6000,BR01,D02,6000,28000,Original Budget,Fixed profile; branch scale 1.00,2025-10,Valid,Valid,Valid,Valid,Valid,Valid,Valid,Pass
BUD-202510-BR01-D02-6100,BR01,D02,6100,5000,Original Budget,Fixed profile; branch scale 1.00,2025-10,Valid,Valid,Valid,Valid,Valid,Valid,Valid,Pass
BUD-202510-BR01-D02-6500,BR01,D02,6500,7300,Original Budget,Variable profile; branch scale 1.00,2025-10,Valid,Valid,Valid,Valid,Valid,Valid,Valid,Pass
BUD-202510-BR01-D02-6600,BR01,D02,6600,6200,Original Budget,Variable profile; branch scale 1.00,2025-10,Valid,Valid,Valid,Valid,Valid,Valid,Valid,Pass
BUD-202510-BR01-D02-6700,BR01,D02,6700,2000,Original Budget,Fixed profile; branch scale 1.00,2025-10,Valid,Valid,Valid,Valid,Valid,Valid,Valid,Pass
BUD-202510-BR01-D02-6800,BR01,D02,6800,700,Original Budget,Variable profile; branch scale 1.00,2025-10,Valid,Valid,Valid,Valid,Valid,Valid,Valid,Pass
BUD-202510-BR01-D02-7100,BR01,D02,7100,1000,Original Budget,Variable profile; branch scale 1.00,2025-10,Valid,Valid,Valid,Valid,Valid,Valid,Valid,Pass
BUD-202510-BR01-D02-7200,BR01,D02,7200,2100,Original Budget,Variable profile; branch scale 1.00,2025-10,Valid,Valid,Valid,Valid,Valid,Valid,Valid,Pass
BUD-202510-BR01-D03-6000,BR01,D03,6000,14000,Original Budget,Fixed profile; branch scale 1.00,2025-10,Valid,Valid,Valid,Valid,Valid,Valid,Valid,Pass
BUD-202510-BR01-D03-6100,BR01,D03,6100,2500,Original Budget,Fixed profile; branch scale 1.00,2025-10,Valid,Valid,Valid,Valid,Valid,Valid,Valid,Pass
BUD-202510-BR01-D03-6200,BR01,D03,6200,15000,Original Budget,Fixed profile; branch scale 1.00,2025-10,Valid,Valid,Valid,Valid,Valid,Valid,Valid,Pass
BUD-202510-BR01-D03-6300,BR01,D03,6300,4500,Original Budget,Fixed profile; branch scale 1.00,2025-10,Valid,Valid,Valid,Valid,Valid,Valid,Valid,Pass
BUD-202510-BR01-D03-6600,BR01,D03,6600,2600,Original Budget,Variable profile; branch scale 1.00,2025-10,Valid,Valid,Valid,Valid,Valid,Valid,Valid,Pass
BUD-202510-BR01-D03-6700,BR01,D03,6700,1500,Original Budget,Fixed profile; branch scale 1.00,2025-10,Valid,Valid,Valid,Valid,Valid,Valid,Valid,Pass
BUD-202510-BR01-D03-6800,BR01,D03,6800,1900,Original Budget,Variable profile; branch scale 1.00,2025-10,Valid,Valid,Valid,Valid,Valid,Valid,Valid,Pass
BUD-202510-BR01-D03-6900,BR01,D03,6900,3000,Original Budget,Fixed profile; branch scale 1.00,2025-10,Valid,Valid,Valid,Valid,Valid,Valid,Valid,Pass
BUD-202510-BR01-D03-7000,BR01,D03,7000,2200,Original Budget,Fixed profile; branch scale 1.00,2025-10,Valid,Valid,Valid,Valid,Valid,Valid,Valid,Pass
BUD-202510-BR01-D03-7100,BR01,D03,7100,500,Original Budget,Variable profile; branch scale 1.00,2025-10,Valid,Valid,Valid,Valid,Valid,Valid,Valid,Pass
BUD-202510-BR01-D03-7200,BR01,D03,7200,700,Original Budget,Variable profile; branch scale 1.00,2025-10,Valid,Valid,Valid,Valid,Valid,Valid,Valid,Pass
BUD-202510-BR01-D03-7300,BR01,D03,7300,600,Original Budget,Fixed profile; branch scale 1.00,2025-10,Valid,Valid,Valid,Valid,Valid,Valid,Valid,Pass
BUD-202510-BR01-D03-7400,BR01,D03,7400,7000,Original Budget,Fixed profile; branch scale 1.00,2025-10,Valid,Valid,Valid,Valid,Valid,Valid,Valid,Pass
BUD-202510-BR01-D03-7500,BR01,D03,7500,1000,Original Budget,Variable profile; branch scale 1.00,2025-10,Valid,Valid,Valid,Valid,Valid,Valid,Valid,Pass
BUD-202510-BR01-D04-6000,BR01,D04,6000,16000,Original Budget,Fixed profile; branch scale 1.00,2025-10,Valid,Valid,Valid,Valid,Valid,Valid,Valid,Pass
BUD-202510-BR01-D04-6100,BR01,D04,6100,2900,Original Budget,Fixed profile; branch scale 1.00,2025-10,Valid,Valid,Valid,Valid,Valid,Valid,Valid,Pass
BUD-202510-BR01-D04-6700,BR01,D04,6700,1800,Original Budget,Fixed profile; branch scale 1.00,2025-10,Valid,Valid,Valid,Valid,Valid,Valid,Valid,Pass
BUD-202510-BR01-D04-6800,BR01,D04,6800,600,Original Budget,Variable profile; branch scale 1.00,2025-10,Valid,Valid,Valid,Valid,Valid,Valid,Valid,Pass
BUD-202510-BR01-D04-6900,BR01,D04,6900,2000,Original Budget,Fixed profile; branch scale 1.00,2025-10,Valid,Valid,Valid,Valid,Valid,Valid,Valid,Pass
BUD-202510-BR01-D04-7000,BR01,D04,7000,800,Original Budget,Fixed profile; branch scale 1.00,2025-10,Valid,Valid,Valid,Valid,Valid,Valid,Valid,Pass
BUD-202510-BR01-D04-7100,BR01,D04,7100,1200,Original Budget,Variable profile; branch scale 1.00,2025-10,Valid,Valid,Valid,Valid,Valid,Valid,Valid,Pass
BUD-202510-BR01-D04-7200,BR01,D04,7200,800,Original Budget,Variable profile; branch scale 1.00,2025-10,Valid,Valid,Valid,Valid,Valid,Valid,Valid,Pass
BUD-202510-BR01-D04-7300,BR01,D04,7300,400,Original Budget,Fixed profile; branch scale 1.00,2025-10,Valid,Valid,Valid,Valid,Valid,Valid,Valid,Pass
BUD-202510-BR01-D04-7500,BR01,D04,7500,700,Original Budget,Variable profile; branch scale 1.00,2025-10,Valid,Valid,Valid,Valid,Valid,Valid,Valid,Pass
BUD-202510-BR02-D01-4000,BR02,D01,4000,248200,Original Budget,Revenue profile; branch scale 0.58,2025-10,Valid,Valid,Valid,Valid,Valid,Valid,Valid,Pass
BUD-202510-BR02-D01-4100,BR02,D01,4100,74500,Original Budget,Revenue profile; branch scale 0.58,2025-10,Valid,Valid,Valid,Valid,Valid,Valid,Valid,Pass
BUD-202510-BR02-D01-4200,BR02,D01,4200,5000,Original Budget,Revenue profile; branch scale 0.58,2025-10,Valid,Valid,Valid,Valid,Valid,Valid,Valid,Pass
BUD-202510-BR02-D01-5000,BR02,D01,5000,148900,Original Budget,Revenue profile; branch scale 0.58,2025-10,Valid,Valid,Valid,Valid,Valid,Valid,Valid,Pass
BUD-202510-BR02-D01-6000,BR02,D01,6000,11600,Original Budget,Fixed profile; branch scale 0.58,2025-10,Valid,Valid,Valid,Valid,Valid,Valid,Valid,Pass
BUD-202510-BR02-D01-6100,BR02,D01,6100,2100,Original Budget,Fixed profile; branch scale 0.58,2025-10,Valid,Valid,Valid,Valid,Valid,Valid,Valid,Pass
BUD-202510-BR02-D01-6400,BR02,D01,6400,4800,Original Budget,Variable profile; branch scale 0.58,2025-10,Valid,Valid,Valid,Valid,Valid,Valid,Valid,Pass
BUD-202510-BR02-D01-6500,BR02,D01,6500,3000,Original Budget,Variable profile; branch scale 0.58,2025-10,Valid,Valid,Valid,Valid,Valid,Valid,Valid,Pass
BUD-202510-BR02-D01-6700,BR02,D01,6700,900,Original Budget,Fixed profile; branch scale 0.58,2025-10,Valid,Valid,Valid,Valid,Valid,Valid,Valid,Pass
BUD-202510-BR02-D01-6800,BR02,D01,6800,500,Original Budget,Variable profile; branch scale 0.58,2025-10,Valid,Valid,Valid,Valid,Valid,Valid,Valid,Pass
BUD-202510-BR02-D01-7100,BR02,D01,7100,500,Original Budget,Variable profile; branch scale 0.58,2025-10,Valid,Valid,Valid,Valid,Valid,Valid,Valid,Pass
BUD-202510-BR02-D01-7200,BR02,D01,7200,1500,Original Budget,Variable profile; branch scale 0.58,2025-10,Valid,Valid,Valid,Valid,Valid,Valid,Valid,Pass
BUD-202510-BR02-D02-5100,BR02,D02,5100,29800,Original Budget,Revenue profile; branch scale 0.58,2025-10,Valid,Valid,Valid,Valid,Valid,Valid,Valid,Pass
BUD-202510-BR02-D02-6000,BR02,D02,6000,16200,Original Budget,Fixed profile; branch scale 0.58,2025-10,Valid,Valid,Valid,Valid,Valid,Valid,Valid,Pass
BUD-202510-BR02-D02-6100,BR02,D02,6100,2900,Original Budget,Fixed profile; branch scale 0.58,2025-10,Valid,Valid,Valid,Valid,Valid,Valid,Valid,Pass
BUD-202510-BR02-D02-6500,BR02,D02,6500,4200,Original Budget,Variable profile; branch scale 0.58,2025-10,Valid,Valid,Valid,Valid,Valid,Valid,Valid,Pass
BUD-202510-BR02-D02-6600,BR02,D02,6600,3600,Original Budget,Variable profile; branch scale 0.58,2025-10,Valid,Valid,Valid,Valid,Valid,Valid,Valid,Pass
BUD-202510-BR02-D02-6700,BR02,D02,6700,1200,Original Budget,Fixed profile; branch scale 0.58,2025-10,Valid,Valid,Valid,Valid,Valid,Valid,Valid,Pass
BUD-202510-BR02-D02-6800,BR02,D02,6800,400,Original Budget,Variable profile; branch scale 0.58,2025-10,Valid,Valid,Valid,Valid,Valid,Valid,Valid,Pass
BUD-202510-BR02-D02-7100,BR02,D02,7100,600,Original Budget,Variable profile; branch scale 0.58,2025-10,Valid,Valid,Valid,Valid,Valid,Valid,Valid,Pass
BUD-202510-BR02-D02-7200,BR02,D02,7200,1200,Original Budget,Variable profile; branch scale 0.58,2025-10,Valid,Valid,Valid,Valid,Valid,Valid,Valid,Pass
BUD-202510-BR02-D03-6000,BR02,D03,6000,8100,Original Budget,Fixed profile; branch scale 0.58,2025-10,Valid,Valid,Valid,Valid,Valid,Valid,Valid,Pass
BUD-202510-BR02-D03-6100,BR02,D03,6100,1400,Original Budget,Fixed profile; branch scale 0.58,2025-10,Valid,Valid,Valid,Valid,Valid,Valid,Valid,Pass
BUD-202510-BR02-D03-6200,BR02,D03,6200,8700,Original Budget,Fixed profile; branch scale 0.58,2025-10,Valid,Valid,Valid,Valid,Valid,Valid,Valid,Pass
BUD-202510-BR02-D03-6300,BR02,D03,6300,2600,Original Budget,Fixed profile; branch scale 0.58,2025-10,Valid,Valid,Valid,Valid,Valid,Valid,Valid,Pass
BUD-202510-BR02-D03-6600,BR02,D03,6600,1500,Original Budget,Variable profile; branch scale 0.58,2025-10,Valid,Valid,Valid,Valid,Valid,Valid,Valid,Pass
BUD-202510-BR02-D03-6700,BR02,D03,6700,900,Original Budget,Fixed profile; branch scale 0.58,2025-10,Valid,Valid,Valid,Valid,Valid,Valid,Valid,Pass
BUD-202510-BR02-D03-6800,BR02,D03,6800,1100,Original Budget,Variable profile; branch scale 0.58,2025-10,Valid,Valid,Valid,Valid,Valid,Valid,Valid,Pass
BUD-202510-BR02-D03-6900,BR02,D03,6900,1700,Original Budget,Fixed profile; branch scale 0.58,2025-10,Valid,Valid,Valid,Valid,Valid,Valid,Valid,Pass
BUD-202510-BR02-D03-7000,BR02,D03,7000,1300,Original Budget,Fixed profile; branch scale 0.58,2025-10,Valid,Valid,Valid,Valid,Valid,Valid,Valid,Pass
BUD-202510-BR02-D03-7100,BR02,D03,7100,300,Original Budget,Variable profile; branch scale 0.58,2025-10,Valid,Valid,Valid,Valid,Valid,Valid,Valid,Pass
BUD-202510-BR02-D03-7200,BR02,D03,7200,400,Original Budget,Variable profile; branch scale 0.58,2025-10,Valid,Valid,Valid,Valid,Valid,Valid,Valid,Pass
BUD-202510-BR02-D03-7300,BR02,D03,7300,300,Original Budget,Fixed profile; branch scale 0.58,2025-10,Valid,Valid,Valid,Valid,Valid,Valid,Valid,Pass
BUD-202510-BR02-D03-7400,BR02,D03,7400,4100,Original Budget,Fixed profile; branch scale 0.58,2025-10,Valid,Valid,Valid,Valid,Valid,Valid,Valid,Pass
BUD-202510-BR02-D03-7500,BR02,D03,7500,600,Original Budget,Variable profile; branch scale 0.58,2025-10,Valid,Valid,Valid,Valid,Valid,Valid,Valid,Pass
BUD-202510-BR02-D04-6000,BR02,D04,6000,9300,Original Budget,Fixed profile; branch scale 0.58,2025-10,Valid,Valid,Valid,Valid,Valid,Valid,Valid,Pass
BUD-202510-BR02-D04-6100,BR02,D04,6100,1700,Original Budget,Fixed profile; branch scale 0.58,2025-10,Valid,Valid,Valid,Valid,Valid,Valid,Valid,Pass
BUD-202510-BR02-D04-6700,BR02,D04,6700,1000,Original Budget,Fixed profile; branch scale 0.58,2025-10,Valid,Valid,Valid,Valid,Valid,Valid,Valid,Pass
BUD-202510-BR02-D04-6800,BR02,D04,6800,400,Original Budget,Variable profile; branch scale 0.58,2025-10,Valid,Valid,Valid,Valid,Valid,Valid,Valid,Pass
BUD-202510-BR02-D04-6900,BR02,D04,6900,1200,Original Budget,Fixed profile; branch scale 0.58,2025-10,Valid,Valid,Valid,Valid,Valid,Valid,Valid,Pass
BUD-202510-BR02-D04-7000,BR02,D04,7000,500,Original Budget,Fixed profile; branch scale 0.58,2025-10,Valid,Valid,Valid,Valid,Valid,Valid,Valid,Pass
BUD-202510-BR02-D04-7100,BR02,D04,7100,700,Original Budget,Variable profile; branch scale 0.58,2025-10,Valid,Valid,Valid,Valid,Valid,Valid,Valid,Pass
BUD-202510-BR02-D04-7200,BR02,D04,7200,500,Original Budget,Variable profile; branch scale 0.58,2025-10,Valid,Valid,Valid,Valid,Valid,Valid,Valid,Pass
BUD-202510-BR02-D04-7300,BR02,D04,7300,200,Original Budget,Fixed profile; branch scale 0.58,2025-10,Valid,Valid,Valid,Valid,Valid,Valid,Valid,Pass
BUD-202510-BR02-D04-7500,BR02,D04,7500,400,Original Budget,Variable profile; branch scale 0.58,2025-10,Valid,Valid,Valid,Valid,Valid,Valid,Valid,Pass
BUD-202510-BR03-D01-4000,BR03,D01,4000,308200,Original Budget,Revenue profile; branch scale 0.72,2025-10,Valid,Valid,Valid,Valid,Valid,Valid,Valid,Pass
BUD-202510-BR03-D01-4100,BR03,D01,4100,92400,Original Budget,Revenue profile; branch scale 0.72,2025-10,Valid,Valid,Valid,Valid,Valid,Valid,Valid,Pass
BUD-202510-BR03-D01-4200,BR03,D01,4200,6200,Original Budget,Revenue profile; branch scale 0.72,2025-10,Valid,Valid,Valid,Valid,Valid,Valid,Valid,Pass
BUD-202510-BR03-D01-5000,BR03,D01,5000,184900,Original Budget,Revenue profile; branch scale 0.72,2025-10,Valid,Valid,Valid,Valid,Valid,Valid,Valid,Pass
BUD-202510-BR03-D01-6000,BR03,D01,6000,14400,Original Budget,Fixed profile; branch scale 0.72,2025-10,Valid,Valid,Valid,Valid,Valid,Valid,Valid,Pass
BUD-202510-BR03-D01-6100,BR03,D01,6100,2600,Original Budget,Fixed profile; branch scale 0.72,2025-10,Valid,Valid,Valid,Valid,Valid,Valid,Valid,Pass
BUD-202510-BR03-D01-6400,BR03,D01,6400,6000,Original Budget,Variable profile; branch scale 0.72,2025-10,Valid,Valid,Valid,Valid,Valid,Valid,Valid,Pass
BUD-202510-BR03-D01-6500,BR03,D01,6500,3700,Original Budget,Variable profile; branch scale 0.72,2025-10,Valid,Valid,Valid,Valid,Valid,Valid,Valid,Pass
BUD-202510-BR03-D01-6700,BR03,D01,6700,1100,Original Budget,Fixed profile; branch scale 0.72,2025-10,Valid,Valid,Valid,Valid,Valid,Valid,Valid,Pass
BUD-202510-BR03-D01-6800,BR03,D01,6800,600,Original Budget,Variable profile; branch scale 0.72,2025-10,Valid,Valid,Valid,Valid,Valid,Valid,Valid,Pass
BUD-202510-BR03-D01-7100,BR03,D01,7100,600,Original Budget,Variable profile; branch scale 0.72,2025-10,Valid,Valid,Valid,Valid,Valid,Valid,Valid,Pass
BUD-202510-BR03-D01-7200,BR03,D01,7200,1900,Original Budget,Variable profile; branch scale 0.72,2025-10,Valid,Valid,Valid,Valid,Valid,Valid,Valid,Pass
BUD-202510-BR03-D02-5100,BR03,D02,5100,37000,Original Budget,Revenue profile; branch scale 0.72,2025-10,Valid,Valid,Valid,Valid,Valid,Valid,Valid,Pass
BUD-202510-BR03-D02-6000,BR03,D02,6000,20200,Original Budget,Fixed profile; branch scale 0.72,2025-10,Valid,Valid,Valid,Valid,Valid,Valid,Valid,Pass
BUD-202510-BR03-D02-6100,BR03,D02,6100,3600,Original Budget,Fixed profile; branch scale 0.72,2025-10,Valid,Valid,Valid,Valid,Valid,Valid,Valid,Pass
BUD-202510-BR03-D02-6500,BR03,D02,6500,5200,Original Budget,Variable profile; branch scale 0.72,2025-10,Valid,Valid,Valid,Valid,Valid,Valid,Valid,Pass
BUD-202510-BR03-D02-6600,BR03,D02,6600,4500,Original Budget,Variable profile; branch scale 0.72,2025-10,Valid,Valid,Valid,Valid,Valid,Valid,Valid,Pass
BUD-202510-BR03-D02-6700,BR03,D02,6700,1400,Original Budget,Fixed profile; branch scale 0.72,2025-10,Valid,Valid,Valid,Valid,Valid,Valid,Valid,Pass
BUD-202510-BR03-D02-6800,BR03,D02,6800,500,Original Budget,Variable profile; branch scale 0.72,2025-10,Valid,Valid,Valid,Valid,Valid,Valid,Valid,Pass
BUD-202510-BR03-D02-7100,BR03,D02,7100,700,Original Budget,Variable profile; branch scale 0.72,2025-10,Valid,Valid,Valid,Valid,Valid,Valid,Valid,Pass
BUD-202510-BR03-D02-7200,BR03,D02,7200,1500,Original Budget,Variable profile; branch scale 0.72,2025-10,Valid,Valid,Valid,Valid,Valid,Valid,Valid,Pass
BUD-202510-BR03-D03-6000,BR03,D03,6000,10100,Original Budget,Fixed profile; branch scale 0.72,2025-10,Valid,Valid,Valid,Valid,Valid,Valid,Valid,Pass
BUD-202510-BR03-D03-6100,BR03,D03,6100,1800,Original Budget,Fixed profile; branch scale 0.72,2025-10,Valid,Valid,Valid,Valid,Valid,Valid,Valid,Pass
BUD-202510-BR03-D03-6200,BR03,D03,6200,10800,Original Budget,Fixed profile; branch scale 0.72,2025-10,Valid,Valid,Valid,Valid,Valid,Valid,Valid,Pass
BUD-202510-BR03-D03-6300,BR03,D03,6300,3200,Original Budget,Fixed profile; branch scale 0.72,2025-10,Valid,Valid,Valid,Valid,Valid,Valid,Valid,Pass
BUD-202510-BR03-D03-6600,BR03,D03,6600,1900,Original Budget,Variable profile; branch scale 0.72,2025-10,Valid,Valid,Valid,Valid,Valid,Valid,Valid,Pass
BUD-202510-BR03-D03-6700,BR03,D03,6700,1100,Original Budget,Fixed profile; branch scale 0.72,2025-10,Valid,Valid,Valid,Valid,Valid,Valid,Valid,Pass
BUD-202510-BR03-D03-6800,BR03,D03,6800,1300,Original Budget,Variable profile; branch scale 0.72,2025-10,Valid,Valid,Valid,Valid,Valid,Valid,Valid,Pass
BUD-202510-BR03-D03-6900,BR03,D03,6900,2200,Original Budget,Fixed profile; branch scale 0.72,2025-10,Valid,Valid,Valid,Valid,Valid,Valid,Valid,Pass
BUD-202510-BR03-D03-7000,BR03,D03,7000,1600,Original Budget,Fixed profile; branch scale 0.72,2025-10,Valid,Valid,Valid,Valid,Valid,Valid,Valid,Pass
BUD-202510-BR03-D03-7100,BR03,D03,7100,400,Original Budget,Variable profile; branch scale 0.72,2025-10,Valid,Valid,Valid,Valid,Valid,Valid,Valid,Pass
BUD-202510-BR03-D03-7200,BR03,D03,7200,500,Original Budget,Variable profile; branch scale 0.72,2025-10,Valid,Valid,Valid,Valid,Valid,Valid,Valid,Pass
BUD-202510-BR03-D03-7300,BR03,D03,7300,400,Original Budget,Fixed profile; branch scale 0.72,2025-10,Valid,Valid,Valid,Valid,Valid,Valid,Valid,Pass
BUD-202510-BR03-D03-7400,BR03,D03,7400,5000,Original Budget,Fixed profile; branch scale 0.72,2025-10,Valid,Valid,Valid,Valid,Valid,Valid,Valid,Pass
BUD-202510-BR03-D03-7500,BR03,D03,7500,700,Original Budget,Variable profile; branch scale 0.72,2025-10,Valid,Valid,Valid,Valid,Valid,Valid,Valid,Pass
BUD-202510-BR03-D04-6000,BR03,D04,6000,11500,Original Budget,Fixed profile; branch scale 0.72,2025-10,Valid,Valid,Valid,Valid,Valid,Valid,Valid,Pass
BUD-202510-BR03-D04-6100,BR03,D04,6100,2100,Original Budget,Fixed profile; branch scale 0.72,2025-10,Valid,Valid,Valid,Valid,Valid,Valid,Valid,Pass
BUD-202510-BR03-D04-6700,BR03,D04,6700,1300,Original Budget,Fixed profile; branch scale 0.72,2025-10,Valid,Valid,Valid,Valid,Valid,Valid,Valid,Pass
BUD-202510-BR03-D04-6800,BR03,D04,6800,400,Original Budget,Variable profile; branch scale 0.72,2025-10,Valid,Valid,Valid,Valid,Valid,Valid,Valid,Pass
BUD-202510-BR03-D04-6900,BR03,D04,6900,1400,Original Budget,Fixed profile; branch scale 0.72,2025-10,Valid,Valid,Valid,Valid,Valid,Valid,Valid,Pass
BUD-202510-BR03-D04-7000,BR03,D04,7000,600,Original Budget,Fixed profile; branch scale 0.72,2025-10,Valid,Valid,Valid,Valid,Valid,Valid,Valid,Pass
BUD-202510-BR03-D04-7100,BR03,D04,7100,900,Original Budget,Variable profile; branch scale 0.72,2025-10,Valid,Valid,Valid,Valid,Valid,Valid,Valid,Pass
BUD-202510-BR03-D04-7200,BR03,D04,7200,600,Original Budget,Variable profile; branch scale 0.72,2025-10,Valid,Valid,Valid,Valid,Valid,Valid,Valid,Pass
BUD-202510-BR03-D04-7300,BR03,D04,7300,300,Original Budget,Fixed profile; branch scale 0.72,2025-10,Valid,Valid,Valid,Valid,Valid,Valid,Valid,Pass
BUD-202510-BR03-D04-7500,BR03,D04,7500,500,Original Budget,Variable profile; branch scale 0.72,2025-10,Valid,Valid,Valid,Valid,Valid,Valid,Valid,Pass
BUD-202510-BR04-D01-4000,BR04,D01,4000,333800,Original Budget,Revenue profile; branch scale 0.78,2025-10,Valid,Valid,Valid,Valid,Valid,Valid,Valid,Pass
BUD-202510-BR04-D01-4100,BR04,D01,4100,100200,Original Budget,Revenue profile; branch scale 0.78,2025-10,Valid,Valid,Valid,Valid,Valid,Valid,Valid,Pass
BUD-202510-BR04-D01-4200,BR04,D01,4200,6700,Original Budget,Revenue profile; branch scale 0.78,2025-10,Valid,Valid,Valid,Valid,Valid,Valid,Valid,Pass
BUD-202510-BR04-D01-5000,BR04,D01,5000,200300,Original Budget,Revenue profile; branch scale 0.78,2025-10,Valid,Valid,Valid,Valid,Valid,Valid,Valid,Pass
BUD-202510-BR04-D01-6000,BR04,D01,6000,15600,Original Budget,Fixed profile; branch scale 0.78,2025-10,Valid,Valid,Valid,Valid,Valid,Valid,Valid,Pass
BUD-202510-BR04-D01-6100,BR04,D01,6100,2800,Original Budget,Fixed profile; branch scale 0.78,2025-10,Valid,Valid,Valid,Valid,Valid,Valid,Valid,Pass
BUD-202510-BR04-D01-6400,BR04,D01,6400,6500,Original Budget,Variable profile; branch scale 0.78,2025-10,Valid,Valid,Valid,Valid,Valid,Valid,Valid,Pass
BUD-202510-BR04-D01-6500,BR04,D01,6500,4100,Original Budget,Variable profile; branch scale 0.78,2025-10,Valid,Valid,Valid,Valid,Valid,Valid,Valid,Pass
BUD-202510-BR04-D01-6700,BR04,D01,6700,1200,Original Budget,Fixed profile; branch scale 0.78,2025-10,Valid,Valid,Valid,Valid,Valid,Valid,Valid,Pass
BUD-202510-BR04-D01-6800,BR04,D01,6800,600,Original Budget,Variable profile; branch scale 0.78,2025-10,Valid,Valid,Valid,Valid,Valid,Valid,Valid,Pass
BUD-202510-BR04-D01-7100,BR04,D01,7100,600,Original Budget,Variable profile; branch scale 0.78,2025-10,Valid,Valid,Valid,Valid,Valid,Valid,Valid,Pass
BUD-202510-BR04-D01-7200,BR04,D01,7200,2000,Original Budget,Variable profile; branch scale 0.78,2025-10,Valid,Valid,Valid,Valid,Valid,Valid,Valid,Pass
BUD-202510-BR04-D02-5100,BR04,D02,5100,40100,Original Budget,Revenue profile; branch scale 0.78,2025-10,Valid,Valid,Valid,Valid,Valid,Valid,Valid,Pass
BUD-202510-BR04-D02-6000,BR04,D02,6000,21800,Original Budget,Fixed profile; branch scale 0.78,2025-10,Valid,Valid,Valid,Valid,Valid,Valid,Valid,Pass
BUD-202510-BR04-D02-6100,BR04,D02,6100,3900,Original Budget,Fixed profile; branch scale 0.78,2025-10,Valid,Valid,Valid,Valid,Valid,Valid,Valid,Pass
BUD-202510-BR04-D02-6500,BR04,D02,6500,5700,Original Budget,Variable profile; branch scale 0.78,2025-10,Valid,Valid,Valid,Valid,Valid,Valid,Valid,Pass
BUD-202510-BR04-D02-6600,BR04,D02,6600,4900,Original Budget,Variable profile; branch scale 0.78,2025-10,Valid,Valid,Valid,Valid,Valid,Valid,Valid,Pass
BUD-202510-BR04-D02-6700,BR04,D02,6700,1600,Original Budget,Fixed profile; branch scale 0.78,2025-10,Valid,Valid,Valid,Valid,Valid,Valid,Valid,Pass
BUD-202510-BR04-D02-6800,BR04,D02,6800,600,Original Budget,Variable profile; branch scale 0.78,2025-10,Valid,Valid,Valid,Valid,Valid,Valid,Valid,Pass
BUD-202510-BR04-D02-7100,BR04,D02,7100,800,Original Budget,Variable profile; branch scale 0.78,2025-10,Valid,Valid,Valid,Valid,Valid,Valid,Valid,Pass
BUD-202510-BR04-D02-7200,BR04,D02,7200,1600,Original Budget,Variable profile; branch scale 0.78,2025-10,Valid,Valid,Valid,Valid,Valid,Valid,Valid,Pass
BUD-202510-BR04-D03-6000,BR04,D03,6000,10900,Original Budget,Fixed profile; branch scale 0.78,2025-10,Valid,Valid,Valid,Valid,Valid,Valid,Valid,Pass
BUD-202510-BR04-D03-6100,BR04,D03,6100,2000,Original Budget,Fixed profile; branch scale 0.78,2025-10,Valid,Valid,Valid,Valid,Valid,Valid,Valid,Pass
BUD-202510-BR04-D03-6200,BR04,D03,6200,11700,Original Budget,Fixed profile; branch scale 0.78,2025-10,Valid,Valid,Valid,Valid,Valid,Valid,Valid,Pass
BUD-202510-BR04-D03-6300,BR04,D03,6300,3500,Original Budget,Fixed profile; branch scale 0.78,2025-10,Valid,Valid,Valid,Valid,Valid,Valid,Valid,Pass
BUD-202510-BR04-D03-6600,BR04,D03,6600,2000,Original Budget,Variable profile; branch scale 0.78,2025-10,Valid,Valid,Valid,Valid,Valid,Valid,Valid,Pass
BUD-202510-BR04-D03-6700,BR04,D03,6700,1200,Original Budget,Fixed profile; branch scale 0.78,2025-10,Valid,Valid,Valid,Valid,Valid,Valid,Valid,Pass
BUD-202510-BR04-D03-6800,BR04,D03,6800,1500,Original Budget,Variable profile; branch scale 0.78,2025-10,Valid,Valid,Valid,Valid,Valid,Valid,Valid,Pass
BUD-202510-BR04-D03-6900,BR04,D03,6900,2300,Original Budget,Fixed profile; branch scale 0.78,2025-10,Valid,Valid,Valid,Valid,Valid,Valid,Valid,Pass
BUD-202510-BR04-D03-7000,BR04,D03,7000,1700,Original Budget,Fixed profile; branch scale 0.78,2025-10,Valid,Valid,Valid,Valid,Valid,Valid,Valid,Pass
BUD-202510-BR04-D03-7100,BR04,D03,7100,400,Original Budget,Variable profile; branch scale 0.78,2025-10,Valid,Valid,Valid,Valid,Valid,Valid,Valid,Pass
BUD-202510-BR04-D03-7200,BR04,D03,7200,600,Original Budget,Variable profile; branch scale 0.78,2025-10,Valid,Valid,Valid,Valid,Valid,Valid,Valid,Pass
BUD-202510-BR04-D03-7300,BR04,D03,7300,500,Original Budget,Fixed profile; branch scale 0.78,2025-10,Valid,Valid,Valid,Valid,Valid,Valid,Valid,Pass
BUD-202510-BR04-D03-7400,BR04,D03,7400,5500,Original Budget,Fixed profile; branch scale 0.78,2025-10,Valid,Valid,Valid,Valid,Valid,Valid,Valid,Pass
BUD-202510-BR04-D03-7500,BR04,D03,7500,800,Original Budget,Variable profile; branch scale 0.78,2025-10,Valid,Valid,Valid,Valid,Valid,Valid,Valid,Pass
BUD-202510-BR04-D04-6000,BR04,D04,6000,12500,Original Budget,Fixed profile; branch scale 0.78,2025-10,Valid,Valid,Valid,Valid,Valid,Valid,Valid,Pass
BUD-202510-BR04-D04-6100,BR04,D04,6100,2300,Original Budget,Fixed profile; branch scale 0.78,2025-10,Valid,Valid,Valid,Valid,Valid,Valid,Valid,Pass
BUD-202510-BR04-D04-6700,BR04,D04,6700,1400,Original Budget,Fixed profile; branch scale 0.78,2025-10,Valid,Valid,Valid,Valid,Valid,Valid,Valid,Pass
BUD-202510-BR04-D04-6800,BR04,D04,6800,500,Original Budget,Variable profile; branch scale 0.78,2025-10,Valid,Valid,Valid,Valid,Valid,Valid,Valid,Pass
BUD-202510-BR04-D04-6900,BR04,D04,6900,1600,Original Budget,Fixed profile; branch scale 0.78,2025-10,Valid,Valid,Valid,Valid,Valid,Valid,Valid,Pass
BUD-202510-BR04-D04-7000,BR04,D04,7000,600,Original Budget,Fixed profile; branch scale 0.78,2025-10,Valid,Valid,Valid,Valid,Valid,Valid,Valid,Pass
BUD-202510-BR04-D04-7100,BR04,D04,7100,1000,Original Budget,Variable profile; branch scale 0.78,2025-10,Valid,Valid,Valid,Valid,Valid,Valid,Valid,Pass
BUD-202510-BR04-D04-7200,BR04,D04,7200,600,Original Budget,Variable profile; branch scale 0.78,2025-10,Valid,Valid,Valid,Valid,Valid,Valid,Valid,Pass
BUD-202510-BR04-D04-7300,BR04,D04,7300,300,Original Budget,Fixed profile; branch scale 0.78,2025-10,Valid,Valid,Valid,Valid,Valid,Valid,Valid,Pass
BUD-202510-BR04-D04-7500,BR04,D04,7500,600,Original Budget,Variable profile; branch scale 0.78,2025-10,Valid,Valid,Valid,Valid,Valid,Valid,Valid,Pass
BUD-202511-BR01-D01-4000,BR01,D01,4000,440000,Original Budget,Revenue profile; branch scale 1.00,2025-11,Valid,Valid,Valid,Valid,Valid,Valid,Valid,Pass
BUD-202511-BR01-D01-4100,BR01,D01,4100,132000,Original Budget,Revenue profile; branch scale 1.00,2025-11,Valid,Valid,Valid,Valid,Valid,Valid,Valid,Pass
BUD-202511-BR01-D01-4200,BR01,D01,4200,8800,Original Budget,Revenue profile; branch scale 1.00,2025-11,Valid,Valid,Valid,Valid,Valid,Valid,Valid,Pass
BUD-202511-BR01-D01-5000,BR01,D01,5000,264000,Original Budget,Revenue profile; branch scale 1.00,2025-11,Valid,Valid,Valid,Valid,Valid,Valid,Valid,Pass
BUD-202511-BR01-D01-6000,BR01,D01,6000,20000,Original Budget,Fixed profile; branch scale 1.00,2025-11,Valid,Valid,Valid,Valid,Valid,Valid,Valid,Pass
BUD-202511-BR01-D01-6100,BR01,D01,6100,3600,Original Budget,Fixed profile; branch scale 1.00,2025-11,Valid,Valid,Valid,Valid,Valid,Valid,Valid,Pass
BUD-202511-BR01-D01-6400,BR01,D01,6400,8200,Original Budget,Variable profile; branch scale 1.00,2025-11,Valid,Valid,Valid,Valid,Valid,Valid,Valid,Pass
BUD-202511-BR01-D01-6500,BR01,D01,6500,5200,Original Budget,Variable profile; branch scale 1.00,2025-11,Valid,Valid,Valid,Valid,Valid,Valid,Valid,Pass
BUD-202511-BR01-D01-6700,BR01,D01,6700,1500,Original Budget,Fixed profile; branch scale 1.00,2025-11,Valid,Valid,Valid,Valid,Valid,Valid,Valid,Pass
BUD-202511-BR01-D01-6800,BR01,D01,6800,800,Original Budget,Variable profile; branch scale 1.00,2025-11,Valid,Valid,Valid,Valid,Valid,Valid,Valid,Pass
BUD-202511-BR01-D01-7100,BR01,D01,7100,800,Original Budget,Variable profile; branch scale 1.00,2025-11,Valid,Valid,Valid,Valid,Valid,Valid,Valid,Pass
BUD-202511-BR01-D01-7200,BR01,D01,7200,2600,Original Budget,Variable profile; branch scale 1.00,2025-11,Valid,Valid,Valid,Valid,Valid,Valid,Valid,Pass
BUD-202511-BR01-D02-5100,BR01,D02,5100,52800,Original Budget,Revenue profile; branch scale 1.00,2025-11,Valid,Valid,Valid,Valid,Valid,Valid,Valid,Pass
BUD-202511-BR01-D02-6000,BR01,D02,6000,28000,Original Budget,Fixed profile; branch scale 1.00,2025-11,Valid,Valid,Valid,Valid,Valid,Valid,Valid,Pass
BUD-202511-BR01-D02-6100,BR01,D02,6100,5000,Original Budget,Fixed profile; branch scale 1.00,2025-11,Valid,Valid,Valid,Valid,Valid,Valid,Valid,Pass
BUD-202511-BR01-D02-6500,BR01,D02,6500,7200,Original Budget,Variable profile; branch scale 1.00,2025-11,Valid,Valid,Valid,Valid,Valid,Valid,Valid,Pass
BUD-202511-BR01-D02-6600,BR01,D02,6600,6200,Original Budget,Variable profile; branch scale 1.00,2025-11,Valid,Valid,Valid,Valid,Valid,Valid,Valid,Pass
BUD-202511-BR01-D02-6700,BR01,D02,6700,2000,Original Budget,Fixed profile; branch scale 1.00,2025-11,Valid,Valid,Valid,Valid,Valid,Valid,Valid,Pass
BUD-202511-BR01-D02-6800,BR01,D02,6800,700,Original Budget,Variable profile; branch scale 1.00,2025-11,Valid,Valid,Valid,Valid,Valid,Valid,Valid,Pass
BUD-202511-BR01-D02-7100,BR01,D02,7100,1000,Original Budget,Variable profile; branch scale 1.00,2025-11,Valid,Valid,Valid,Valid,Valid,Valid,Valid,Pass
BUD-202511-BR01-D02-7200,BR01,D02,7200,2100,Original Budget,Variable profile; branch scale 1.00,2025-11,Valid,Valid,Valid,Valid,Valid,Valid,Valid,Pass
BUD-202511-BR01-D03-6000,BR01,D03,6000,14000,Original Budget,Fixed profile; branch scale 1.00,2025-11,Valid,Valid,Valid,Valid,Valid,Valid,Valid,Pass
BUD-202511-BR01-D03-6100,BR01,D03,6100,2500,Original Budget,Fixed profile; branch scale 1.00,2025-11,Valid,Valid,Valid,Valid,Valid,Valid,Valid,Pass
BUD-202511-BR01-D03-6200,BR01,D03,6200,15000,Original Budget,Fixed profile; branch scale 1.00,2025-11,Valid,Valid,Valid,Valid,Valid,Valid,Valid,Pass
BUD-202511-BR01-D03-6300,BR01,D03,6300,4500,Original Budget,Fixed profile; branch scale 1.00,2025-11,Valid,Valid,Valid,Valid,Valid,Valid,Valid,Pass
BUD-202511-BR01-D03-6600,BR01,D03,6600,2600,Original Budget,Variable profile; branch scale 1.00,2025-11,Valid,Valid,Valid,Valid,Valid,Valid,Valid,Pass
BUD-202511-BR01-D03-6700,BR01,D03,6700,1500,Original Budget,Fixed profile; branch scale 1.00,2025-11,Valid,Valid,Valid,Valid,Valid,Valid,Valid,Pass
BUD-202511-BR01-D03-6800,BR01,D03,6800,1900,Original Budget,Variable profile; branch scale 1.00,2025-11,Valid,Valid,Valid,Valid,Valid,Valid,Valid,Pass
BUD-202511-BR01-D03-6900,BR01,D03,6900,3000,Original Budget,Fixed profile; branch scale 1.00,2025-11,Valid,Valid,Valid,Valid,Valid,Valid,Valid,Pass
BUD-202511-BR01-D03-7000,BR01,D03,7000,2200,Original Budget,Fixed profile; branch scale 1.00,2025-11,Valid,Valid,Valid,Valid,Valid,Valid,Valid,Pass
BUD-202511-BR01-D03-7100,BR01,D03,7100,500,Original Budget,Variable profile; branch scale 1.00,2025-11,Valid,Valid,Valid,Valid,Valid,Valid,Valid,Pass
BUD-202511-BR01-D03-7200,BR01,D03,7200,700,Original Budget,Variable profile; branch scale 1.00,2025-11,Valid,Valid,Valid,Valid,Valid,Valid,Valid,Pass
BUD-202511-BR01-D03-7300,BR01,D03,7300,600,Original Budget,Fixed profile; branch scale 1.00,2025-11,Valid,Valid,Valid,Valid,Valid,Valid,Valid,Pass
BUD-202511-BR01-D03-7400,BR01,D03,7400,7000,Original Budget,Fixed profile; branch scale 1.00,2025-11,Valid,Valid,Valid,Valid,Valid,Valid,Valid,Pass
BUD-202511-BR01-D03-7500,BR01,D03,7500,1000,Original Budget,Variable profile; branch scale 1.00,2025-11,Valid,Valid,Valid,Valid,Valid,Valid,Valid,Pass
BUD-202511-BR01-D04-6000,BR01,D04,6000,16000,Original Budget,Fixed profile; branch scale 1.00,2025-11,Valid,Valid,Valid,Valid,Valid,Valid,Valid,Pass
BUD-202511-BR01-D04-6100,BR01,D04,6100,2900,Original Budget,Fixed profile; branch scale 1.00,2025-11,Valid,Valid,Valid,Valid,Valid,Valid,Valid,Pass
BUD-202511-BR01-D04-6700,BR01,D04,6700,1800,Original Budget,Fixed profile; branch scale 1.00,2025-11,Valid,Valid,Valid,Valid,Valid,Valid,Valid,Pass
BUD-202511-BR01-D04-6800,BR01,D04,6800,600,Original Budget,Variable profile; branch scale 1.00,2025-11,Valid,Valid,Valid,Valid,Valid,Valid,Valid,Pass
BUD-202511-BR01-D04-6900,BR01,D04,6900,2000,Original Budget,Fixed profile; branch scale 1.00,2025-11,Valid,Valid,Valid,Valid,Valid,Valid,Valid,Pass
BUD-202511-BR01-D04-7000,BR01,D04,7000,800,Original Budget,Fixed profile; branch scale 1.00,2025-11,Valid,Valid,Valid,Valid,Valid,Valid,Valid,Pass
BUD-202511-BR01-D04-7100,BR01,D04,7100,1200,Original Budget,Variable profile; branch scale 1.00,2025-11,Valid,Valid,Valid,Valid,Valid,Valid,Valid,Pass
BUD-202511-BR01-D04-7200,BR01,D04,7200,800,Original Budget,Variable profile; branch scale 1.00,2025-11,Valid,Valid,Valid,Valid,Valid,Valid,Valid,Pass
BUD-202511-BR01-D04-7300,BR01,D04,7300,400,Original Budget,Fixed profile; branch scale 1.00,2025-11,Valid,Valid,Valid,Valid,Valid,Valid,Valid,Pass
BUD-202511-BR01-D04-7500,BR01,D04,7500,700,Original Budget,Variable profile; branch scale 1.00,2025-11,Valid,Valid,Valid,Valid,Valid,Valid,Valid,Pass
BUD-202511-BR02-D01-4000,BR02,D01,4000,255200,Original Budget,Revenue profile; branch scale 0.58,2025-11,Valid,Valid,Valid,Valid,Valid,Valid,Valid,Pass
BUD-202511-BR02-D01-4100,BR02,D01,4100,76600,Original Budget,Revenue profile; branch scale 0.58,2025-11,Valid,Valid,Valid,Valid,Valid,Valid,Valid,Pass
BUD-202511-BR02-D01-4200,BR02,D01,4200,5100,Original Budget,Revenue profile; branch scale 0.58,2025-11,Valid,Valid,Valid,Valid,Valid,Valid,Valid,Pass
BUD-202511-BR02-D01-5000,BR02,D01,5000,153100,Original Budget,Revenue profile; branch scale 0.58,2025-11,Valid,Valid,Valid,Valid,Valid,Valid,Valid,Pass
BUD-202511-BR02-D01-6000,BR02,D01,6000,11600,Original Budget,Fixed profile; branch scale 0.58,2025-11,Valid,Valid,Valid,Valid,Valid,Valid,Valid,Pass
BUD-202511-BR02-D01-6100,BR02,D01,6100,2100,Original Budget,Fixed profile; branch scale 0.58,2025-11,Valid,Valid,Valid,Valid,Valid,Valid,Valid,Pass
BUD-202511-BR02-D01-6400,BR02,D01,6400,4800,Original Budget,Variable profile; branch scale 0.58,2025-11,Valid,Valid,Valid,Valid,Valid,Valid,Valid,Pass
BUD-202511-BR02-D01-6500,BR02,D01,6500,3000,Original Budget,Variable profile; branch scale 0.58,2025-11,Valid,Valid,Valid,Valid,Valid,Valid,Valid,Pass
BUD-202511-BR02-D01-6700,BR02,D01,6700,900,Original Budget,Fixed profile; branch scale 0.58,2025-11,Valid,Valid,Valid,Valid,Valid,Valid,Valid,Pass
BUD-202511-BR02-D01-6800,BR02,D01,6800,500,Original Budget,Variable profile; branch scale 0.58,2025-11,Valid,Valid,Valid,Valid,Valid,Valid,Valid,Pass
BUD-202511-BR02-D01-7100,BR02,D01,7100,500,Original Budget,Variable profile; branch scale 0.58,2025-11,Valid,Valid,Valid,Valid,Valid,Valid,Valid,Pass
BUD-202511-BR02-D01-7200,BR02,D01,7200,1500,Original Budget,Variable profile; branch scale 0.58,2025-11,Valid,Valid,Valid,Valid,Valid,Valid,Valid,Pass
BUD-202511-BR02-D02-5100,BR02,D02,5100,30600,Original Budget,Revenue profile; branch scale 0.58,2025-11,Valid,Valid,Valid,Valid,Valid,Valid,Valid,Pass
BUD-202511-BR02-D02-6000,BR02,D02,6000,16200,Original Budget,Fixed profile; branch scale 0.58,2025-11,Valid,Valid,Valid,Valid,Valid,Valid,Valid,Pass
BUD-202511-BR02-D02-6100,BR02,D02,6100,2900,Original Budget,Fixed profile; branch scale 0.58,2025-11,Valid,Valid,Valid,Valid,Valid,Valid,Valid,Pass
BUD-202511-BR02-D02-6500,BR02,D02,6500,4200,Original Budget,Variable profile; branch scale 0.58,2025-11,Valid,Valid,Valid,Valid,Valid,Valid,Valid,Pass
BUD-202511-BR02-D02-6600,BR02,D02,6600,3600,Original Budget,Variable profile; branch scale 0.58,2025-11,Valid,Valid,Valid,Valid,Valid,Valid,Valid,Pass
BUD-202511-BR02-D02-6700,BR02,D02,6700,1200,Original Budget,Fixed profile; branch scale 0.58,2025-11,Valid,Valid,Valid,Valid,Valid,Valid,Valid,Pass
BUD-202511-BR02-D02-6800,BR02,D02,6800,400,Original Budget,Variable profile; branch scale 0.58,2025-11,Valid,Valid,Valid,Valid,Valid,Valid,Valid,Pass
BUD-202511-BR02-D02-7100,BR02,D02,7100,600,Original Budget,Variable profile; branch scale 0.58,2025-11,Valid,Valid,Valid,Valid,Valid,Valid,Valid,Pass
BUD-202511-BR02-D02-7200,BR02,D02,7200,1200,Original Budget,Variable profile; branch scale 0.58,2025-11,Valid,Valid,Valid,Valid,Valid,Valid,Valid,Pass
BUD-202511-BR02-D03-6000,BR02,D03,6000,8100,Original Budget,Fixed profile; branch scale 0.58,2025-11,Valid,Valid,Valid,Valid,Valid,Valid,Valid,Pass
BUD-202511-BR02-D03-6100,BR02,D03,6100,1400,Original Budget,Fixed profile; branch scale 0.58,2025-11,Valid,Valid,Valid,Valid,Valid,Valid,Valid,Pass
BUD-202511-BR02-D03-6200,BR02,D03,6200,8700,Original Budget,Fixed profile; branch scale 0.58,2025-11,Valid,Valid,Valid,Valid,Valid,Valid,Valid,Pass
BUD-202511-BR02-D03-6300,BR02,D03,6300,2600,Original Budget,Fixed profile; branch scale 0.58,2025-11,Valid,Valid,Valid,Valid,Valid,Valid,Valid,Pass
BUD-202511-BR02-D03-6600,BR02,D03,6600,1500,Original Budget,Variable profile; branch scale 0.58,2025-11,Valid,Valid,Valid,Valid,Valid,Valid,Valid,Pass
BUD-202511-BR02-D03-6700,BR02,D03,6700,900,Original Budget,Fixed profile; branch scale 0.58,2025-11,Valid,Valid,Valid,Valid,Valid,Valid,Valid,Pass
BUD-202511-BR02-D03-6800,BR02,D03,6800,1100,Original Budget,Variable profile; branch scale 0.58,2025-11,Valid,Valid,Valid,Valid,Valid,Valid,Valid,Pass
BUD-202511-BR02-D03-6900,BR02,D03,6900,1700,Original Budget,Fixed profile; branch scale 0.58,2025-11,Valid,Valid,Valid,Valid,Valid,Valid,Valid,Pass
BUD-202511-BR02-D03-7000,BR02,D03,7000,1300,Original Budget,Fixed profile; branch scale 0.58,2025-11,Valid,Valid,Valid,Valid,Valid,Valid,Valid,Pass
BUD-202511-BR02-D03-7100,BR02,D03,7100,300,Original Budget,Variable profile; branch scale 0.58,2025-11,Valid,Valid,Valid,Valid,Valid,Valid,Valid,Pass
BUD-202511-BR02-D03-7200,BR02,D03,7200,400,Original Budget,Variable profile; branch scale 0.58,2025-11,Valid,Valid,Valid,Valid,Valid,Valid,Valid,Pass
BUD-202511-BR02-D03-7300,BR02,D03,7300,300,Original Budget,Fixed profile; branch scale 0.58,2025-11,Valid,Valid,Valid,Valid,Valid,Valid,Valid,Pass
BUD-202511-BR02-D03-7400,BR02,D03,7400,4100,Original Budget,Fixed profile; branch scale 0.58,2025-11,Valid,Valid,Valid,Valid,Valid,Valid,Valid,Pass
BUD-202511-BR02-D03-7500,BR02,D03,7500,600,Original Budget,Variable profile; branch scale 0.58,2025-11,Valid,Valid,Valid,Valid,Valid,Valid,Valid,Pass
BUD-202511-BR02-D04-6000,BR02,D04,6000,9300,Original Budget,Fixed profile; branch scale 0.58,2025-11,Valid,Valid,Valid,Valid,Valid,Valid,Valid,Pass
BUD-202511-BR02-D04-6100,BR02,D04,6100,1700,Original Budget,Fixed profile; branch scale 0.58,2025-11,Valid,Valid,Valid,Valid,Valid,Valid,Valid,Pass
BUD-202511-BR02-D04-6700,BR02,D04,6700,1000,Original Budget,Fixed profile; branch scale 0.58,2025-11,Valid,Valid,Valid,Valid,Valid,Valid,Valid,Pass
BUD-202511-BR02-D04-6800,BR02,D04,6800,400,Original Budget,Variable profile; branch scale 0.58,2025-11,Valid,Valid,Valid,Valid,Valid,Valid,Valid,Pass
BUD-202511-BR02-D04-6900,BR02,D04,6900,1200,Original Budget,Fixed profile; branch scale 0.58,2025-11,Valid,Valid,Valid,Valid,Valid,Valid,Valid,Pass
BUD-202511-BR02-D04-7000,BR02,D04,7000,500,Original Budget,Fixed profile; branch scale 0.58,2025-11,Valid,Valid,Valid,Valid,Valid,Valid,Valid,Pass
BUD-202511-BR02-D04-7100,BR02,D04,7100,700,Original Budget,Variable profile; branch scale 0.58,2025-11,Valid,Valid,Valid,Valid,Valid,Valid,Valid,Pass
BUD-202511-BR02-D04-7200,BR02,D04,7200,500,Original Budget,Variable profile; branch scale 0.58,2025-11,Valid,Valid,Valid,Valid,Valid,Valid,Valid,Pass
BUD-202511-BR02-D04-7300,BR02,D04,7300,200,Original Budget,Fixed profile; branch scale 0.58,2025-11,Valid,Valid,Valid,Valid,Valid,Valid,Valid,Pass
BUD-202511-BR02-D04-7500,BR02,D04,7500,400,Original Budget,Variable profile; branch scale 0.58,2025-11,Valid,Valid,Valid,Valid,Valid,Valid,Valid,Pass
BUD-202511-BR03-D01-4000,BR03,D01,4000,316800,Original Budget,Revenue profile; branch scale 0.72,2025-11,Valid,Valid,Valid,Valid,Valid,Valid,Valid,Pass
BUD-202511-BR03-D01-4100,BR03,D01,4100,95000,Original Budget,Revenue profile; branch scale 0.72,2025-11,Valid,Valid,Valid,Valid,Valid,Valid,Valid,Pass
BUD-202511-BR03-D01-4200,BR03,D01,4200,6300,Original Budget,Revenue profile; branch scale 0.72,2025-11,Valid,Valid,Valid,Valid,Valid,Valid,Valid,Pass
BUD-202511-BR03-D01-5000,BR03,D01,5000,190100,Original Budget,Revenue profile; branch scale 0.72,2025-11,Valid,Valid,Valid,Valid,Valid,Valid,Valid,Pass
BUD-202511-BR03-D01-6000,BR03,D01,6000,14400,Original Budget,Fixed profile; branch scale 0.72,2025-11,Valid,Valid,Valid,Valid,Valid,Valid,Valid,Pass
BUD-202511-BR03-D01-6100,BR03,D01,6100,2600,Original Budget,Fixed profile; branch scale 0.72,2025-11,Valid,Valid,Valid,Valid,Valid,Valid,Valid,Pass
BUD-202511-BR03-D01-6400,BR03,D01,6400,5900,Original Budget,Variable profile; branch scale 0.72,2025-11,Valid,Valid,Valid,Valid,Valid,Valid,Valid,Pass
BUD-202511-BR03-D01-6500,BR03,D01,6500,3700,Original Budget,Variable profile; branch scale 0.72,2025-11,Valid,Valid,Valid,Valid,Valid,Valid,Valid,Pass
BUD-202511-BR03-D01-6700,BR03,D01,6700,1100,Original Budget,Fixed profile; branch scale 0.72,2025-11,Valid,Valid,Valid,Valid,Valid,Valid,Valid,Pass
BUD-202511-BR03-D01-6800,BR03,D01,6800,600,Original Budget,Variable profile; branch scale 0.72,2025-11,Valid,Valid,Valid,Valid,Valid,Valid,Valid,Pass
BUD-202511-BR03-D01-7100,BR03,D01,7100,600,Original Budget,Variable profile; branch scale 0.72,2025-11,Valid,Valid,Valid,Valid,Valid,Valid,Valid,Pass
BUD-202511-BR03-D01-7200,BR03,D01,7200,1900,Original Budget,Variable profile; branch scale 0.72,2025-11,Valid,Valid,Valid,Valid,Valid,Valid,Valid,Pass
BUD-202511-BR03-D02-5100,BR03,D02,5100,38000,Original Budget,Revenue profile; branch scale 0.72,2025-11,Valid,Valid,Valid,Valid,Valid,Valid,Valid,Pass
BUD-202511-BR03-D02-6000,BR03,D02,6000,20200,Original Budget,Fixed profile; branch scale 0.72,2025-11,Valid,Valid,Valid,Valid,Valid,Valid,Valid,Pass
BUD-202511-BR03-D02-6100,BR03,D02,6100,3600,Original Budget,Fixed profile; branch scale 0.72,2025-11,Valid,Valid,Valid,Valid,Valid,Valid,Valid,Pass
BUD-202511-BR03-D02-6500,BR03,D02,6500,5200,Original Budget,Variable profile; branch scale 0.72,2025-11,Valid,Valid,Valid,Valid,Valid,Valid,Valid,Pass
BUD-202511-BR03-D02-6600,BR03,D02,6600,4400,Original Budget,Variable profile; branch scale 0.72,2025-11,Valid,Valid,Valid,Valid,Valid,Valid,Valid,Pass
BUD-202511-BR03-D02-6700,BR03,D02,6700,1400,Original Budget,Fixed profile; branch scale 0.72,2025-11,Valid,Valid,Valid,Valid,Valid,Valid,Valid,Pass
BUD-202511-BR03-D02-6800,BR03,D02,6800,500,Original Budget,Variable profile; branch scale 0.72,2025-11,Valid,Valid,Valid,Valid,Valid,Valid,Valid,Pass
BUD-202511-BR03-D02-7100,BR03,D02,7100,700,Original Budget,Variable profile; branch scale 0.72,2025-11,Valid,Valid,Valid,Valid,Valid,Valid,Valid,Pass
BUD-202511-BR03-D02-7200,BR03,D02,7200,1500,Original Budget,Variable profile; branch scale 0.72,2025-11,Valid,Valid,Valid,Valid,Valid,Valid,Valid,Pass
BUD-202511-BR03-D03-6000,BR03,D03,6000,10100,Original Budget,Fixed profile; branch scale 0.72,2025-11,Valid,Valid,Valid,Valid,Valid,Valid,Valid,Pass
BUD-202511-BR03-D03-6100,BR03,D03,6100,1800,Original Budget,Fixed profile; branch scale 0.72,2025-11,Valid,Valid,Valid,Valid,Valid,Valid,Valid,Pass
BUD-202511-BR03-D03-6200,BR03,D03,6200,10800,Original Budget,Fixed profile; branch scale 0.72,2025-11,Valid,Valid,Valid,Valid,Valid,Valid,Valid,Pass
BUD-202511-BR03-D03-6300,BR03,D03,6300,3200,Original Budget,Fixed profile; branch scale 0.72,2025-11,Valid,Valid,Valid,Valid,Valid,Valid,Valid,Pass
BUD-202511-BR03-D03-6600,BR03,D03,6600,1900,Original Budget,Variable profile; branch scale 0.72,2025-11,Valid,Valid,Valid,Valid,Valid,Valid,Valid,Pass
BUD-202511-BR03-D03-6700,BR03,D03,6700,1100,Original Budget,Fixed profile; branch scale 0.72,2025-11,Valid,Valid,Valid,Valid,Valid,Valid,Valid,Pass
BUD-202511-BR03-D03-6800,BR03,D03,6800,1300,Original Budget,Variable profile; branch scale 0.72,2025-11,Valid,Valid,Valid,Valid,Valid,Valid,Valid,Pass
BUD-202511-BR03-D03-6900,BR03,D03,6900,2200,Original Budget,Fixed profile; branch scale 0.72,2025-11,Valid,Valid,Valid,Valid,Valid,Valid,Valid,Pass
BUD-202511-BR03-D03-7000,BR03,D03,7000,1600,Original Budget,Fixed profile; branch scale 0.72,2025-11,Valid,Valid,Valid,Valid,Valid,Valid,Valid,Pass
BUD-202511-BR03-D03-7100,BR03,D03,7100,400,Original Budget,Variable profile; branch scale 0.72,2025-11,Valid,Valid,Valid,Valid,Valid,Valid,Valid,Pass
BUD-202511-BR03-D03-7200,BR03,D03,7200,500,Original Budget,Variable profile; branch scale 0.72,2025-11,Valid,Valid,Valid,Valid,Valid,Valid,Valid,Pass
BUD-202511-BR03-D03-7300,BR03,D03,7300,400,Original Budget,Fixed profile; branch scale 0.72,2025-11,Valid,Valid,Valid,Valid,Valid,Valid,Valid,Pass
BUD-202511-BR03-D03-7400,BR03,D03,7400,5000,Original Budget,Fixed profile; branch scale 0.72,2025-11,Valid,Valid,Valid,Valid,Valid,Valid,Valid,Pass
BUD-202511-BR03-D03-7500,BR03,D03,7500,700,Original Budget,Variable profile; branch scale 0.72,2025-11,Valid,Valid,Valid,Valid,Valid,Valid,Valid,Pass
BUD-202511-BR03-D04-6000,BR03,D04,6000,11500,Original Budget,Fixed profile; branch scale 0.72,2025-11,Valid,Valid,Valid,Valid,Valid,Valid,Valid,Pass
BUD-202511-BR03-D04-6100,BR03,D04,6100,2100,Original Budget,Fixed profile; branch scale 0.72,2025-11,Valid,Valid,Valid,Valid,Valid,Valid,Valid,Pass
BUD-202511-BR03-D04-6700,BR03,D04,6700,1300,Original Budget,Fixed profile; branch scale 0.72,2025-11,Valid,Valid,Valid,Valid,Valid,Valid,Valid,Pass
BUD-202511-BR03-D04-6800,BR03,D04,6800,400,Original Budget,Variable profile; branch scale 0.72,2025-11,Valid,Valid,Valid,Valid,Valid,Valid,Valid,Pass
BUD-202511-BR03-D04-6900,BR03,D04,6900,1400,Original Budget,Fixed profile; branch scale 0.72,2025-11,Valid,Valid,Valid,Valid,Valid,Valid,Valid,Pass
BUD-202511-BR03-D04-7000,BR03,D04,7000,600,Original Budget,Fixed profile; branch scale 0.72,2025-11,Valid,Valid,Valid,Valid,Valid,Valid,Valid,Pass
BUD-202511-BR03-D04-7100,BR03,D04,7100,900,Original Budget,Variable profile; branch scale 0.72,2025-11,Valid,Valid,Valid,Valid,Valid,Valid,Valid,Pass
BUD-202511-BR03-D04-7200,BR03,D04,7200,600,Original Budget,Variable profile; branch scale 0.72,2025-11,Valid,Valid,Valid,Valid,Valid,Valid,Valid,Pass
BUD-202511-BR03-D04-7300,BR03,D04,7300,300,Original Budget,Fixed profile; branch scale 0.72,2025-11,Valid,Valid,Valid,Valid,Valid,Valid,Valid,Pass
BUD-202511-BR03-D04-7500,BR03,D04,7500,500,Original Budget,Variable profile; branch scale 0.72,2025-11,Valid,Valid,Valid,Valid,Valid,Valid,Valid,Pass
BUD-202511-BR04-D01-4000,BR04,D01,4000,343200,Original Budget,Revenue profile; branch scale 0.78,2025-11,Valid,Valid,Valid,Valid,Valid,Valid,Valid,Pass
BUD-202511-BR04-D01-4100,BR04,D01,4100,103000,Original Budget,Revenue profile; branch scale 0.78,2025-11,Valid,Valid,Valid,Valid,Valid,Valid,Valid,Pass
BUD-202511-BR04-D01-4200,BR04,D01,4200,6900,Original Budget,Revenue profile; branch scale 0.78,2025-11,Valid,Valid,Valid,Valid,Valid,Valid,Valid,Pass
BUD-202511-BR04-D01-5000,BR04,D01,5000,205900,Original Budget,Revenue profile; branch scale 0.78,2025-11,Valid,Valid,Valid,Valid,Valid,Valid,Valid,Pass
BUD-202511-BR04-D01-6000,BR04,D01,6000,15600,Original Budget,Fixed profile; branch scale 0.78,2025-11,Valid,Valid,Valid,Valid,Valid,Valid,Valid,Pass
BUD-202511-BR04-D01-6100,BR04,D01,6100,2800,Original Budget,Fixed profile; branch scale 0.78,2025-11,Valid,Valid,Valid,Valid,Valid,Valid,Valid,Pass
BUD-202511-BR04-D01-6400,BR04,D01,6400,6400,Original Budget,Variable profile; branch scale 0.78,2025-11,Valid,Valid,Valid,Valid,Valid,Valid,Valid,Pass
BUD-202511-BR04-D01-6500,BR04,D01,6500,4000,Original Budget,Variable profile; branch scale 0.78,2025-11,Valid,Valid,Valid,Valid,Valid,Valid,Valid,Pass
BUD-202511-BR04-D01-6700,BR04,D01,6700,1200,Original Budget,Fixed profile; branch scale 0.78,2025-11,Valid,Valid,Valid,Valid,Valid,Valid,Valid,Pass
BUD-202511-BR04-D01-6800,BR04,D01,6800,600,Original Budget,Variable profile; branch scale 0.78,2025-11,Valid,Valid,Valid,Valid,Valid,Valid,Valid,Pass
BUD-202511-BR04-D01-7100,BR04,D01,7100,600,Original Budget,Variable profile; branch scale 0.78,2025-11,Valid,Valid,Valid,Valid,Valid,Valid,Valid,Pass
BUD-202511-BR04-D01-7200,BR04,D01,7200,2000,Original Budget,Variable profile; branch scale 0.78,2025-11,Valid,Valid,Valid,Valid,Valid,Valid,Valid,Pass
BUD-202511-BR04-D02-5100,BR04,D02,5100,41200,Original Budget,Revenue profile; branch scale 0.78,2025-11,Valid,Valid,Valid,Valid,Valid,Valid,Valid,Pass
BUD-202511-BR04-D02-6000,BR04,D02,6000,21800,Original Budget,Fixed profile; branch scale 0.78,2025-11,Valid,Valid,Valid,Valid,Valid,Valid,Valid,Pass
BUD-202511-BR04-D02-6100,BR04,D02,6100,3900,Original Budget,Fixed profile; branch scale 0.78,2025-11,Valid,Valid,Valid,Valid,Valid,Valid,Valid,Pass
BUD-202511-BR04-D02-6500,BR04,D02,6500,5600,Original Budget,Variable profile; branch scale 0.78,2025-11,Valid,Valid,Valid,Valid,Valid,Valid,Valid,Pass
BUD-202511-BR04-D02-6600,BR04,D02,6600,4800,Original Budget,Variable profile; branch scale 0.78,2025-11,Valid,Valid,Valid,Valid,Valid,Valid,Valid,Pass
BUD-202511-BR04-D02-6700,BR04,D02,6700,1600,Original Budget,Fixed profile; branch scale 0.78,2025-11,Valid,Valid,Valid,Valid,Valid,Valid,Valid,Pass
BUD-202511-BR04-D02-6800,BR04,D02,6800,600,Original Budget,Variable profile; branch scale 0.78,2025-11,Valid,Valid,Valid,Valid,Valid,Valid,Valid,Pass
BUD-202511-BR04-D02-7100,BR04,D02,7100,800,Original Budget,Variable profile; branch scale 0.78,2025-11,Valid,Valid,Valid,Valid,Valid,Valid,Valid,Pass
BUD-202511-BR04-D02-7200,BR04,D02,7200,1600,Original Budget,Variable profile; branch scale 0.78,2025-11,Valid,Valid,Valid,Valid,Valid,Valid,Valid,Pass
BUD-202511-BR04-D03-6000,BR04,D03,6000,10900,Original Budget,Fixed profile; branch scale 0.78,2025-11,Valid,Valid,Valid,Valid,Valid,Valid,Valid,Pass
BUD-202511-BR04-D03-6100,BR04,D03,6100,2000,Original Budget,Fixed profile; branch scale 0.78,2025-11,Valid,Valid,Valid,Valid,Valid,Valid,Valid,Pass
BUD-202511-BR04-D03-6200,BR04,D03,6200,11700,Original Budget,Fixed profile; branch scale 0.78,2025-11,Valid,Valid,Valid,Valid,Valid,Valid,Valid,Pass
BUD-202511-BR04-D03-6300,BR04,D03,6300,3500,Original Budget,Fixed profile; branch scale 0.78,2025-11,Valid,Valid,Valid,Valid,Valid,Valid,Valid,Pass
BUD-202511-BR04-D03-6600,BR04,D03,6600,2000,Original Budget,Variable profile; branch scale 0.78,2025-11,Valid,Valid,Valid,Valid,Valid,Valid,Valid,Pass
BUD-202511-BR04-D03-6700,BR04,D03,6700,1200,Original Budget,Fixed profile; branch scale 0.78,2025-11,Valid,Valid,Valid,Valid,Valid,Valid,Valid,Pass
BUD-202511-BR04-D03-6800,BR04,D03,6800,1400,Original Budget,Variable profile; branch scale 0.78,2025-11,Valid,Valid,Valid,Valid,Valid,Valid,Valid,Pass
BUD-202511-BR04-D03-6900,BR04,D03,6900,2300,Original Budget,Fixed profile; branch scale 0.78,2025-11,Valid,Valid,Valid,Valid,Valid,Valid,Valid,Pass
BUD-202511-BR04-D03-7000,BR04,D03,7000,1700,Original Budget,Fixed profile; branch scale 0.78,2025-11,Valid,Valid,Valid,Valid,Valid,Valid,Valid,Pass
BUD-202511-BR04-D03-7100,BR04,D03,7100,400,Original Budget,Variable profile; branch scale 0.78,2025-11,Valid,Valid,Valid,Valid,Valid,Valid,Valid,Pass
BUD-202511-BR04-D03-7200,BR04,D03,7200,600,Original Budget,Variable profile; branch scale 0.78,2025-11,Valid,Valid,Valid,Valid,Valid,Valid,Valid,Pass
BUD-202511-BR04-D03-7300,BR04,D03,7300,500,Original Budget,Fixed profile; branch scale 0.78,2025-11,Valid,Valid,Valid,Valid,Valid,Valid,Valid,Pass
BUD-202511-BR04-D03-7400,BR04,D03,7400,5500,Original Budget,Fixed profile; branch scale 0.78,2025-11,Valid,Valid,Valid,Valid,Valid,Valid,Valid,Pass
BUD-202511-BR04-D03-7500,BR04,D03,7500,800,Original Budget,Variable profile; branch scale 0.78,2025-11,Valid,Valid,Valid,Valid,Valid,Valid,Valid,Pass
BUD-202511-BR04-D04-6000,BR04,D04,6000,12500,Original Budget,Fixed profile; branch scale 0.78,2025-11,Valid,Valid,Valid,Valid,Valid,Valid,Valid,Pass
BUD-202511-BR04-D04-6100,BR04,D04,6100,2300,Original Budget,Fixed profile; branch scale 0.78,2025-11,Valid,Valid,Valid,Valid,Valid,Valid,Valid,Pass
BUD-202511-BR04-D04-6700,BR04,D04,6700,1400,Original Budget,Fixed profile; branch scale 0.78,2025-11,Valid,Valid,Valid,Valid,Valid,Valid,Valid,Pass
BUD-202511-BR04-D04-6800,BR04,D04,6800,500,Original Budget,Variable profile; branch scale 0.78,2025-11,Valid,Valid,Valid,Valid,Valid,Valid,Valid,Pass
BUD-202511-BR04-D04-6900,BR04,D04,6900,1600,Original Budget,Fixed profile; branch scale 0.78,2025-11,Valid,Valid,Valid,Valid,Valid,Valid,Valid,Pass
BUD-202511-BR04-D04-7000,BR04,D04,7000,600,Original Budget,Fixed profile; branch scale 0.78,2025-11,Valid,Valid,Valid,Valid,Valid,Valid,Valid,Pass
BUD-202511-BR04-D04-7100,BR04,D04,7100,1000,Original Budget,Variable profile; branch scale 0.78,2025-11,Valid,Valid,Valid,Valid,Valid,Valid,Valid,Pass
BUD-202511-BR04-D04-7200,BR04,D04,7200,600,Original Budget,Variable profile; branch scale 0.78,2025-11,Valid,Valid,Valid,Valid,Valid,Valid,Valid,Pass
BUD-202511-BR04-D04-7300,BR04,D04,7300,300,Original Budget,Fixed profile; branch scale 0.78,2025-11,Valid,Valid,Valid,Valid,Valid,Valid,Valid,Pass
BUD-202511-BR04-D04-7500,BR04,D04,7500,600,Original Budget,Variable profile; branch scale 0.78,2025-11,Valid,Valid,Valid,Valid,Valid,Valid,Valid,Pass
BUD-202512-BR01-D01-4000,BR01,D01,4000,428000,Original Budget,Revenue profile; branch scale 1.00,2025-12,Valid,Valid,Valid,Valid,Valid,Valid,Valid,Pass
BUD-202512-BR01-D01-4100,BR01,D01,4100,128400,Original Budget,Revenue profile; branch scale 1.00,2025-12,Valid,Valid,Valid,Valid,Valid,Valid,Valid,Pass
BUD-202512-BR01-D01-4200,BR01,D01,4200,8600,Original Budget,Revenue profile; branch scale 1.00,2025-12,Valid,Valid,Valid,Valid,Valid,Valid,Valid,Pass
BUD-202512-BR01-D01-5000,BR01,D01,5000,256800,Original Budget,Revenue profile; branch scale 1.00,2025-12,Valid,Valid,Valid,Valid,Valid,Valid,Valid,Pass
BUD-202512-BR01-D01-6000,BR01,D01,6000,20000,Original Budget,Fixed profile; branch scale 1.00,2025-12,Valid,Valid,Valid,Valid,Valid,Valid,Valid,Pass
BUD-202512-BR01-D01-6100,BR01,D01,6100,3600,Original Budget,Fixed profile; branch scale 1.00,2025-12,Valid,Valid,Valid,Valid,Valid,Valid,Valid,Pass
BUD-202512-BR01-D01-6400,BR01,D01,6400,8300,Original Budget,Variable profile; branch scale 1.00,2025-12,Valid,Valid,Valid,Valid,Valid,Valid,Valid,Pass
BUD-202512-BR01-D01-6500,BR01,D01,6500,5200,Original Budget,Variable profile; branch scale 1.00,2025-12,Valid,Valid,Valid,Valid,Valid,Valid,Valid,Pass
BUD-202512-BR01-D01-6700,BR01,D01,6700,1500,Original Budget,Fixed profile; branch scale 1.00,2025-12,Valid,Valid,Valid,Valid,Valid,Valid,Valid,Pass
BUD-202512-BR01-D01-6800,BR01,D01,6800,800,Original Budget,Variable profile; branch scale 1.00,2025-12,Valid,Valid,Valid,Valid,Valid,Valid,Valid,Pass
BUD-202512-BR01-D01-7100,BR01,D01,7100,800,Original Budget,Variable profile; branch scale 1.00,2025-12,Valid,Valid,Valid,Valid,Valid,Valid,Valid,Pass
BUD-202512-BR01-D01-7200,BR01,D01,7200,2600,Original Budget,Variable profile; branch scale 1.00,2025-12,Valid,Valid,Valid,Valid,Valid,Valid,Valid,Pass
BUD-202512-BR01-D02-5100,BR01,D02,5100,51400,Original Budget,Revenue profile; branch scale 1.00,2025-12,Valid,Valid,Valid,Valid,Valid,Valid,Valid,Pass
BUD-202512-BR01-D02-6000,BR01,D02,6000,28000,Original Budget,Fixed profile; branch scale 1.00,2025-12,Valid,Valid,Valid,Valid,Valid,Valid,Valid,Pass
BUD-202512-BR01-D02-6100,BR01,D02,6100,5000,Original Budget,Fixed profile; branch scale 1.00,2025-12,Valid,Valid,Valid,Valid,Valid,Valid,Valid,Pass
BUD-202512-BR01-D02-6500,BR01,D02,6500,7300,Original Budget,Variable profile; branch scale 1.00,2025-12,Valid,Valid,Valid,Valid,Valid,Valid,Valid,Pass
BUD-202512-BR01-D02-6600,BR01,D02,6600,6200,Original Budget,Variable profile; branch scale 1.00,2025-12,Valid,Valid,Valid,Valid,Valid,Valid,Valid,Pass
BUD-202512-BR01-D02-6700,BR01,D02,6700,2000,Original Budget,Fixed profile; branch scale 1.00,2025-12,Valid,Valid,Valid,Valid,Valid,Valid,Valid,Pass
BUD-202512-BR01-D02-6800,BR01,D02,6800,700,Original Budget,Variable profile; branch scale 1.00,2025-12,Valid,Valid,Valid,Valid,Valid,Valid,Valid,Pass
BUD-202512-BR01-D02-7100,BR01,D02,7100,1000,Original Budget,Variable profile; branch scale 1.00,2025-12,Valid,Valid,Valid,Valid,Valid,Valid,Valid,Pass
BUD-202512-BR01-D02-7200,BR01,D02,7200,2100,Original Budget,Variable profile; branch scale 1.00,2025-12,Valid,Valid,Valid,Valid,Valid,Valid,Valid,Pass
BUD-202512-BR01-D03-6000,BR01,D03,6000,14000,Original Budget,Fixed profile; branch scale 1.00,2025-12,Valid,Valid,Valid,Valid,Valid,Valid,Valid,Pass
BUD-202512-BR01-D03-6100,BR01,D03,6100,2500,Original Budget,Fixed profile; branch scale 1.00,2025-12,Valid,Valid,Valid,Valid,Valid,Valid,Valid,Pass
BUD-202512-BR01-D03-6200,BR01,D03,6200,15000,Original Budget,Fixed profile; branch scale 1.00,2025-12,Valid,Valid,Valid,Valid,Valid,Valid,Valid,Pass
BUD-202512-BR01-D03-6300,BR01,D03,6300,4500,Original Budget,Fixed profile; branch scale 1.00,2025-12,Valid,Valid,Valid,Valid,Valid,Valid,Valid,Pass
BUD-202512-BR01-D03-6600,BR01,D03,6600,2600,Original Budget,Variable profile; branch scale 1.00,2025-12,Valid,Valid,Valid,Valid,Valid,Valid,Valid,Pass
BUD-202512-BR01-D03-6700,BR01,D03,6700,1500,Original Budget,Fixed profile; branch scale 1.00,2025-12,Valid,Valid,Valid,Valid,Valid,Valid,Valid,Pass
BUD-202512-BR01-D03-6800,BR01,D03,6800,1900,Original Budget,Variable profile; branch scale 1.00,2025-12,Valid,Valid,Valid,Valid,Valid,Valid,Valid,Pass
BUD-202512-BR01-D03-6900,BR01,D03,6900,3000,Original Budget,Fixed profile; branch scale 1.00,2025-12,Valid,Valid,Valid,Valid,Valid,Valid,Valid,Pass
BUD-202512-BR01-D03-7000,BR01,D03,7000,2200,Original Budget,Fixed profile; branch scale 1.00,2025-12,Valid,Valid,Valid,Valid,Valid,Valid,Valid,Pass
BUD-202512-BR01-D03-7100,BR01,D03,7100,500,Original Budget,Variable profile; branch scale 1.00,2025-12,Valid,Valid,Valid,Valid,Valid,Valid,Valid,Pass
BUD-202512-BR01-D03-7200,BR01,D03,7200,700,Original Budget,Variable profile; branch scale 1.00,2025-12,Valid,Valid,Valid,Valid,Valid,Valid,Valid,Pass
BUD-202512-BR01-D03-7300,BR01,D03,7300,600,Original Budget,Fixed profile; branch scale 1.00,2025-12,Valid,Valid,Valid,Valid,Valid,Valid,Valid,Pass
BUD-202512-BR01-D03-7400,BR01,D03,7400,7000,Original Budget,Fixed profile; branch scale 1.00,2025-12,Valid,Valid,Valid,Valid,Valid,Valid,Valid,Pass
BUD-202512-BR01-D03-7500,BR01,D03,7500,1000,Original Budget,Variable profile; branch scale 1.00,2025-12,Valid,Valid,Valid,Valid,Valid,Valid,Valid,Pass
BUD-202512-BR01-D04-6000,BR01,D04,6000,16000,Original Budget,Fixed profile; branch scale 1.00,2025-12,Valid,Valid,Valid,Valid,Valid,Valid,Valid,Pass
BUD-202512-BR01-D04-6100,BR01,D04,6100,2900,Original Budget,Fixed profile; branch scale 1.00,2025-12,Valid,Valid,Valid,Valid,Valid,Valid,Valid,Pass
BUD-202512-BR01-D04-6700,BR01,D04,6700,1800,Original Budget,Fixed profile; branch scale 1.00,2025-12,Valid,Valid,Valid,Valid,Valid,Valid,Valid,Pass
BUD-202512-BR01-D04-6800,BR01,D04,6800,600,Original Budget,Variable profile; branch scale 1.00,2025-12,Valid,Valid,Valid,Valid,Valid,Valid,Valid,Pass
BUD-202512-BR01-D04-6900,BR01,D04,6900,2000,Original Budget,Fixed profile; branch scale 1.00,2025-12,Valid,Valid,Valid,Valid,Valid,Valid,Valid,Pass
BUD-202512-BR01-D04-7000,BR01,D04,7000,800,Original Budget,Fixed profile; branch scale 1.00,2025-12,Valid,Valid,Valid,Valid,Valid,Valid,Valid,Pass
BUD-202512-BR01-D04-7100,BR01,D04,7100,1200,Original Budget,Variable profile; branch scale 1.00,2025-12,Valid,Valid,Valid,Valid,Valid,Valid,Valid,Pass
BUD-202512-BR01-D04-7200,BR01,D04,7200,800,Original Budget,Variable profile; branch scale 1.00,2025-12,Valid,Valid,Valid,Valid,Valid,Valid,Valid,Pass
BUD-202512-BR01-D04-7300,BR01,D04,7300,400,Original Budget,Fixed profile; branch scale 1.00,2025-12,Valid,Valid,Valid,Valid,Valid,Valid,Valid,Pass
BUD-202512-BR01-D04-7500,BR01,D04,7500,700,Original Budget,Variable profile; branch scale 1.00,2025-12,Valid,Valid,Valid,Valid,Valid,Valid,Valid,Pass
BUD-202512-BR02-D01-4000,BR02,D01,4000,248200,Original Budget,Revenue profile; branch scale 0.58,2025-12,Valid,Valid,Valid,Valid,Valid,Valid,Valid,Pass
BUD-202512-BR02-D01-4100,BR02,D01,4100,74500,Original Budget,Revenue profile; branch scale 0.58,2025-12,Valid,Valid,Valid,Valid,Valid,Valid,Valid,Pass
BUD-202512-BR02-D01-4200,BR02,D01,4200,5000,Original Budget,Revenue profile; branch scale 0.58,2025-12,Valid,Valid,Valid,Valid,Valid,Valid,Valid,Pass
BUD-202512-BR02-D01-5000,BR02,D01,5000,148900,Original Budget,Revenue profile; branch scale 0.58,2025-12,Valid,Valid,Valid,Valid,Valid,Valid,Valid,Pass
BUD-202512-BR02-D01-6000,BR02,D01,6000,11600,Original Budget,Fixed profile; branch scale 0.58,2025-12,Valid,Valid,Valid,Valid,Valid,Valid,Valid,Pass
BUD-202512-BR02-D01-6100,BR02,D01,6100,2100,Original Budget,Fixed profile; branch scale 0.58,2025-12,Valid,Valid,Valid,Valid,Valid,Valid,Valid,Pass
BUD-202512-BR02-D01-6400,BR02,D01,6400,4800,Original Budget,Variable profile; branch scale 0.58,2025-12,Valid,Valid,Valid,Valid,Valid,Valid,Valid,Pass
BUD-202512-BR02-D01-6500,BR02,D01,6500,3000,Original Budget,Variable profile; branch scale 0.58,2025-12,Valid,Valid,Valid,Valid,Valid,Valid,Valid,Pass
BUD-202512-BR02-D01-6700,BR02,D01,6700,900,Original Budget,Fixed profile; branch scale 0.58,2025-12,Valid,Valid,Valid,Valid,Valid,Valid,Valid,Pass
BUD-202512-BR02-D01-6800,BR02,D01,6800,500,Original Budget,Variable profile; branch scale 0.58,2025-12,Valid,Valid,Valid,Valid,Valid,Valid,Valid,Pass
BUD-202512-BR02-D01-7100,BR02,D01,7100,500,Original Budget,Variable profile; branch scale 0.58,2025-12,Valid,Valid,Valid,Valid,Valid,Valid,Valid,Pass
BUD-202512-BR02-D01-7200,BR02,D01,7200,1500,Original Budget,Variable profile; branch scale 0.58,2025-12,Valid,Valid,Valid,Valid,Valid,Valid,Valid,Pass
BUD-202512-BR02-D02-5100,BR02,D02,5100,29800,Original Budget,Revenue profile; branch scale 0.58,2025-12,Valid,Valid,Valid,Valid,Valid,Valid,Valid,Pass
BUD-202512-BR02-D02-6000,BR02,D02,6000,16200,Original Budget,Fixed profile; branch scale 0.58,2025-12,Valid,Valid,Valid,Valid,Valid,Valid,Valid,Pass
BUD-202512-BR02-D02-6100,BR02,D02,6100,2900,Original Budget,Fixed profile; branch scale 0.58,2025-12,Valid,Valid,Valid,Valid,Valid,Valid,Valid,Pass
BUD-202512-BR02-D02-6500,BR02,D02,6500,4200,Original Budget,Variable profile; branch scale 0.58,2025-12,Valid,Valid,Valid,Valid,Valid,Valid,Valid,Pass
BUD-202512-BR02-D02-6600,BR02,D02,6600,3600,Original Budget,Variable profile; branch scale 0.58,2025-12,Valid,Valid,Valid,Valid,Valid,Valid,Valid,Pass
BUD-202512-BR02-D02-6700,BR02,D02,6700,1200,Original Budget,Fixed profile; branch scale 0.58,2025-12,Valid,Valid,Valid,Valid,Valid,Valid,Valid,Pass
BUD-202512-BR02-D02-6800,BR02,D02,6800,400,Original Budget,Variable profile; branch scale 0.58,2025-12,Valid,Valid,Valid,Valid,Valid,Valid,Valid,Pass
BUD-202512-BR02-D02-7100,BR02,D02,7100,600,Original Budget,Variable profile; branch scale 0.58,2025-12,Valid,Valid,Valid,Valid,Valid,Valid,Valid,Pass
BUD-202512-BR02-D02-7200,BR02,D02,7200,1200,Original Budget,Variable profile; branch scale 0.58,2025-12,Valid,Valid,Valid,Valid,Valid,Valid,Valid,Pass
BUD-202512-BR02-D03-6000,BR02,D03,6000,8100,Original Budget,Fixed profile; branch scale 0.58,2025-12,Valid,Valid,Valid,Valid,Valid,Valid,Valid,Pass
BUD-202512-BR02-D03-6100,BR02,D03,6100,1400,Original Budget,Fixed profile; branch scale 0.58,2025-12,Valid,Valid,Valid,Valid,Valid,Valid,Valid,Pass
BUD-202512-BR02-D03-6200,BR02,D03,6200,8700,Original Budget,Fixed profile; branch scale 0.58,2025-12,Valid,Valid,Valid,Valid,Valid,Valid,Valid,Pass
BUD-202512-BR02-D03-6300,BR02,D03,6300,2600,Original Budget,Fixed profile; branch scale 0.58,2025-12,Valid,Valid,Valid,Valid,Valid,Valid,Valid,Pass
BUD-202512-BR02-D03-6600,BR02,D03,6600,1500,Original Budget,Variable profile; branch scale 0.58,2025-12,Valid,Valid,Valid,Valid,Valid,Valid,Valid,Pass
BUD-202512-BR02-D03-6700,BR02,D03,6700,900,Original Budget,Fixed profile; branch scale 0.58,2025-12,Valid,Valid,Valid,Valid,Valid,Valid,Valid,Pass
BUD-202512-BR02-D03-6800,BR02,D03,6800,1100,Original Budget,Variable profile; branch scale 0.58,2025-12,Valid,Valid,Valid,Valid,Valid,Valid,Valid,Pass
BUD-202512-BR02-D03-6900,BR02,D03,6900,1700,Original Budget,Fixed profile; branch scale 0.58,2025-12,Valid,Valid,Valid,Valid,Valid,Valid,Valid,Pass
BUD-202512-BR02-D03-7000,BR02,D03,7000,1300,Original Budget,Fixed profile; branch scale 0.58,2025-12,Valid,Valid,Valid,Valid,Valid,Valid,Valid,Pass
BUD-202512-BR02-D03-7100,BR02,D03,7100,300,Original Budget,Variable profile; branch scale 0.58,2025-12,Valid,Valid,Valid,Valid,Valid,Valid,Valid,Pass
BUD-202512-BR02-D03-7200,BR02,D03,7200,400,Original Budget,Variable profile; branch scale 0.58,2025-12,Valid,Valid,Valid,Valid,Valid,Valid,Valid,Pass
BUD-202512-BR02-D03-7300,BR02,D03,7300,300,Original Budget,Fixed profile; branch scale 0.58,2025-12,Valid,Valid,Valid,Valid,Valid,Valid,Valid,Pass
BUD-202512-BR02-D03-7400,BR02,D03,7400,4100,Original Budget,Fixed profile; branch scale 0.58,2025-12,Valid,Valid,Valid,Valid,Valid,Valid,Valid,Pass
BUD-202512-BR02-D03-7500,BR02,D03,7500,600,Original Budget,Variable profile; branch scale 0.58,2025-12,Valid,Valid,Valid,Valid,Valid,Valid,Valid,Pass
BUD-202512-BR02-D04-6000,BR02,D04,6000,9300,Original Budget,Fixed profile; branch scale 0.58,2025-12,Valid,Valid,Valid,Valid,Valid,Valid,Valid,Pass
BUD-202512-BR02-D04-6100,BR02,D04,6100,1700,Original Budget,Fixed profile; branch scale 0.58,2025-12,Valid,Valid,Valid,Valid,Valid,Valid,Valid,Pass
BUD-202512-BR02-D04-6700,BR02,D04,6700,1000,Original Budget,Fixed profile; branch scale 0.58,2025-12,Valid,Valid,Valid,Valid,Valid,Valid,Valid,Pass
BUD-202512-BR02-D04-6800,BR02,D04,6800,400,Original Budget,Variable profile; branch scale 0.58,2025-12,Valid,Valid,Valid,Valid,Valid,Valid,Valid,Pass
BUD-202512-BR02-D04-6900,BR02,D04,6900,1200,Original Budget,Fixed profile; branch scale 0.58,2025-12,Valid,Valid,Valid,Valid,Valid,Valid,Valid,Pass
BUD-202512-BR02-D04-7000,BR02,D04,7000,500,Original Budget,Fixed profile; branch scale 0.58,2025-12,Valid,Valid,Valid,Valid,Valid,Valid,Valid,Pass
BUD-202512-BR02-D04-7100,BR02,D04,7100,700,Original Budget,Variable profile; branch scale 0.58,2025-12,Valid,Valid,Valid,Valid,Valid,Valid,Valid,Pass
BUD-202512-BR02-D04-7200,BR02,D04,7200,500,Original Budget,Variable profile; branch scale 0.58,2025-12,Valid,Valid,Valid,Valid,Valid,Valid,Valid,Pass
BUD-202512-BR02-D04-7300,BR02,D04,7300,200,Original Budget,Fixed profile; branch scale 0.58,2025-12,Valid,Valid,Valid,Valid,Valid,Valid,Valid,Pass
BUD-202512-BR02-D04-7500,BR02,D04,7500,400,Original Budget,Variable profile; branch scale 0.58,2025-12,Valid,Valid,Valid,Valid,Valid,Valid,Valid,Pass
BUD-202512-BR03-D01-4000,BR03,D01,4000,308200,Original Budget,Revenue profile; branch scale 0.72,2025-12,Valid,Valid,Valid,Valid,Valid,Valid,Valid,Pass
BUD-202512-BR03-D01-4100,BR03,D01,4100,92400,Original Budget,Revenue profile; branch scale 0.72,2025-12,Valid,Valid,Valid,Valid,Valid,Valid,Valid,Pass
BUD-202512-BR03-D01-4200,BR03,D01,4200,6200,Original Budget,Revenue profile; branch scale 0.72,2025-12,Valid,Valid,Valid,Valid,Valid,Valid,Valid,Pass
BUD-202512-BR03-D01-5000,BR03,D01,5000,184900,Original Budget,Revenue profile; branch scale 0.72,2025-12,Valid,Valid,Valid,Valid,Valid,Valid,Valid,Pass
BUD-202512-BR03-D01-6000,BR03,D01,6000,14400,Original Budget,Fixed profile; branch scale 0.72,2025-12,Valid,Valid,Valid,Valid,Valid,Valid,Valid,Pass
BUD-202512-BR03-D01-6100,BR03,D01,6100,2600,Original Budget,Fixed profile; branch scale 0.72,2025-12,Valid,Valid,Valid,Valid,Valid,Valid,Valid,Pass
BUD-202512-BR03-D01-6400,BR03,D01,6400,6000,Original Budget,Variable profile; branch scale 0.72,2025-12,Valid,Valid,Valid,Valid,Valid,Valid,Valid,Pass
BUD-202512-BR03-D01-6500,BR03,D01,6500,3700,Original Budget,Variable profile; branch scale 0.72,2025-12,Valid,Valid,Valid,Valid,Valid,Valid,Valid,Pass
BUD-202512-BR03-D01-6700,BR03,D01,6700,1100,Original Budget,Fixed profile; branch scale 0.72,2025-12,Valid,Valid,Valid,Valid,Valid,Valid,Valid,Pass
BUD-202512-BR03-D01-6800,BR03,D01,6800,600,Original Budget,Variable profile; branch scale 0.72,2025-12,Valid,Valid,Valid,Valid,Valid,Valid,Valid,Pass
BUD-202512-BR03-D01-7100,BR03,D01,7100,600,Original Budget,Variable profile; branch scale 0.72,2025-12,Valid,Valid,Valid,Valid,Valid,Valid,Valid,Pass
BUD-202512-BR03-D01-7200,BR03,D01,7200,1900,Original Budget,Variable profile; branch scale 0.72,2025-12,Valid,Valid,Valid,Valid,Valid,Valid,Valid,Pass
BUD-202512-BR03-D02-5100,BR03,D02,5100,37000,Original Budget,Revenue profile; branch scale 0.72,2025-12,Valid,Valid,Valid,Valid,Valid,Valid,Valid,Pass
BUD-202512-BR03-D02-6000,BR03,D02,6000,20200,Original Budget,Fixed profile; branch scale 0.72,2025-12,Valid,Valid,Valid,Valid,Valid,Valid,Valid,Pass
BUD-202512-BR03-D02-6100,BR03,D02,6100,3600,Original Budget,Fixed profile; branch scale 0.72,2025-12,Valid,Valid,Valid,Valid,Valid,Valid,Valid,Pass
BUD-202512-BR03-D02-6500,BR03,D02,6500,5200,Original Budget,Variable profile; branch scale 0.72,2025-12,Valid,Valid,Valid,Valid,Valid,Valid,Valid,Pass
BUD-202512-BR03-D02-6600,BR03,D02,6600,4500,Original Budget,Variable profile; branch scale 0.72,2025-12,Valid,Valid,Valid,Valid,Valid,Valid,Valid,Pass
BUD-202512-BR03-D02-6700,BR03,D02,6700,1400,Original Budget,Fixed profile; branch scale 0.72,2025-12,Valid,Valid,Valid,Valid,Valid,Valid,Valid,Pass
BUD-202512-BR03-D02-6800,BR03,D02,6800,500,Original Budget,Variable profile; branch scale 0.72,2025-12,Valid,Valid,Valid,Valid,Valid,Valid,Valid,Pass
BUD-202512-BR03-D02-7100,BR03,D02,7100,700,Original Budget,Variable profile; branch scale 0.72,2025-12,Valid,Valid,Valid,Valid,Valid,Valid,Valid,Pass
BUD-202512-BR03-D02-7200,BR03,D02,7200,1500,Original Budget,Variable profile; branch scale 0.72,2025-12,Valid,Valid,Valid,Valid,Valid,Valid,Valid,Pass
BUD-202512-BR03-D03-6000,BR03,D03,6000,10100,Original Budget,Fixed profile; branch scale 0.72,2025-12,Valid,Valid,Valid,Valid,Valid,Valid,Valid,Pass
BUD-202512-BR03-D03-6100,BR03,D03,6100,1800,Original Budget,Fixed profile; branch scale 0.72,2025-12,Valid,Valid,Valid,Valid,Valid,Valid,Valid,Pass
BUD-202512-BR03-D03-6200,BR03,D03,6200,10800,Original Budget,Fixed profile; branch scale 0.72,2025-12,Valid,Valid,Valid,Valid,Valid,Valid,Valid,Pass
BUD-202512-BR03-D03-6300,BR03,D03,6300,3200,Original Budget,Fixed profile; branch scale 0.72,2025-12,Valid,Valid,Valid,Valid,Valid,Valid,Valid,Pass
BUD-202512-BR03-D03-6600,BR03,D03,6600,1900,Original Budget,Variable profile; branch scale 0.72,2025-12,Valid,Valid,Valid,Valid,Valid,Valid,Valid,Pass
BUD-202512-BR03-D03-6700,BR03,D03,6700,1100,Original Budget,Fixed profile; branch scale 0.72,2025-12,Valid,Valid,Valid,Valid,Valid,Valid,Valid,Pass
BUD-202512-BR03-D03-6800,BR03,D03,6800,1300,Original Budget,Variable profile; branch scale 0.72,2025-12,Valid,Valid,Valid,Valid,Valid,Valid,Valid,Pass
BUD-202512-BR03-D03-6900,BR03,D03,6900,2200,Original Budget,Fixed profile; branch scale 0.72,2025-12,Valid,Valid,Valid,Valid,Valid,Valid,Valid,Pass
BUD-202512-BR03-D03-7000,BR03,D03,7000,1600,Original Budget,Fixed profile; branch scale 0.72,2025-12,Valid,Valid,Valid,Valid,Valid,Valid,Valid,Pass
BUD-202512-BR03-D03-7100,BR03,D03,7100,400,Original Budget,Variable profile; branch scale 0.72,2025-12,Valid,Valid,Valid,Valid,Valid,Valid,Valid,Pass
BUD-202512-BR03-D03-7200,BR03,D03,7200,500,Original Budget,Variable profile; branch scale 0.72,2025-12,Valid,Valid,Valid,Valid,Valid,Valid,Valid,Pass
BUD-202512-BR03-D03-7300,BR03,D03,7300,400,Original Budget,Fixed profile; branch scale 0.72,2025-12,Valid,Valid,Valid,Valid,Valid,Valid,Valid,Pass
BUD-202512-BR03-D03-7400,BR03,D03,7400,5000,Original Budget,Fixed profile; branch scale 0.72,2025-12,Valid,Valid,Valid,Valid,Valid,Valid,Valid,Pass
BUD-202512-BR03-D03-7500,BR03,D03,7500,700,Original Budget,Variable profile; branch scale 0.72,2025-12,Valid,Valid,Valid,Valid,Valid,Valid,Valid,Pass
BUD-202512-BR03-D04-6000,BR03,D04,6000,11500,Original Budget,Fixed profile; branch scale 0.72,2025-12,Valid,Valid,Valid,Valid,Valid,Valid,Valid,Pass
BUD-202512-BR03-D04-6100,BR03,D04,6100,2100,Original Budget,Fixed profile; branch scale 0.72,2025-12,Valid,Valid,Valid,Valid,Valid,Valid,Valid,Pass
BUD-202512-BR03-D04-6700,BR03,D04,6700,1300,Original Budget,Fixed profile; branch scale 0.72,2025-12,Valid,Valid,Valid,Valid,Valid,Valid,Valid,Pass
BUD-202512-BR03-D04-6800,BR03,D04,6800,400,Original Budget,Variable profile; branch scale 0.72,2025-12,Valid,Valid,Valid,Valid,Valid,Valid,Valid,Pass
BUD-202512-BR03-D04-6900,BR03,D04,6900,1400,Original Budget,Fixed profile; branch scale 0.72,2025-12,Valid,Valid,Valid,Valid,Valid,Valid,Valid,Pass
BUD-202512-BR03-D04-7000,BR03,D04,7000,600,Original Budget,Fixed profile; branch scale 0.72,2025-12,Valid,Valid,Valid,Valid,Valid,Valid,Valid,Pass
BUD-202512-BR03-D04-7100,BR03,D04,7100,900,Original Budget,Variable profile; branch scale 0.72,2025-12,Valid,Valid,Valid,Valid,Valid,Valid,Valid,Pass
BUD-202512-BR03-D04-7200,BR03,D04,7200,600,Original Budget,Variable profile; branch scale 0.72,2025-12,Valid,Valid,Valid,Valid,Valid,Valid,Valid,Pass
BUD-202512-BR03-D04-7300,BR03,D04,7300,300,Original Budget,Fixed profile; branch scale 0.72,2025-12,Valid,Valid,Valid,Valid,Valid,Valid,Valid,Pass
BUD-202512-BR03-D04-7500,BR03,D04,7500,500,Original Budget,Variable profile; branch scale 0.72,2025-12,Valid,Valid,Valid,Valid,Valid,Valid,Valid,Pass
BUD-202512-BR04-D01-4000,BR04,D01,4000,333800,Original Budget,Revenue profile; branch scale 0.78,2025-12,Valid,Valid,Valid,Valid,Valid,Valid,Valid,Pass
BUD-202512-BR04-D01-4100,BR04,D01,4100,100200,Original Budget,Revenue profile; branch scale 0.78,2025-12,Valid,Valid,Valid,Valid,Valid,Valid,Valid,Pass
BUD-202512-BR04-D01-4200,BR04,D01,4200,6700,Original Budget,Revenue profile; branch scale 0.78,2025-12,Valid,Valid,Valid,Valid,Valid,Valid,Valid,Pass
BUD-202512-BR04-D01-5000,BR04,D01,5000,200300,Original Budget,Revenue profile; branch scale 0.78,2025-12,Valid,Valid,Valid,Valid,Valid,Valid,Valid,Pass
BUD-202512-BR04-D01-6000,BR04,D01,6000,15600,Original Budget,Fixed profile; branch scale 0.78,2025-12,Valid,Valid,Valid,Valid,Valid,Valid,Valid,Pass
BUD-202512-BR04-D01-6100,BR04,D01,6100,2800,Original Budget,Fixed profile; branch scale 0.78,2025-12,Valid,Valid,Valid,Valid,Valid,Valid,Valid,Pass
BUD-202512-BR04-D01-6400,BR04,D01,6400,6500,Original Budget,Variable profile; branch scale 0.78,2025-12,Valid,Valid,Valid,Valid,Valid,Valid,Valid,Pass
BUD-202512-BR04-D01-6500,BR04,D01,6500,4100,Original Budget,Variable profile; branch scale 0.78,2025-12,Valid,Valid,Valid,Valid,Valid,Valid,Valid,Pass
BUD-202512-BR04-D01-6700,BR04,D01,6700,1200,Original Budget,Fixed profile; branch scale 0.78,2025-12,Valid,Valid,Valid,Valid,Valid,Valid,Valid,Pass
BUD-202512-BR04-D01-6800,BR04,D01,6800,600,Original Budget,Variable profile; branch scale 0.78,2025-12,Valid,Valid,Valid,Valid,Valid,Valid,Valid,Pass
BUD-202512-BR04-D01-7100,BR04,D01,7100,600,Original Budget,Variable profile; branch scale 0.78,2025-12,Valid,Valid,Valid,Valid,Valid,Valid,Valid,Pass
BUD-202512-BR04-D01-7200,BR04,D01,7200,2000,Original Budget,Variable profile; branch scale 0.78,2025-12,Valid,Valid,Valid,Valid,Valid,Valid,Valid,Pass
BUD-202512-BR04-D02-5100,BR04,D02,5100,40100,Original Budget,Revenue profile; branch scale 0.78,2025-12,Valid,Valid,Valid,Valid,Valid,Valid,Valid,Pass
BUD-202512-BR04-D02-6000,BR04,D02,6000,21800,Original Budget,Fixed profile; branch scale 0.78,2025-12,Valid,Valid,Valid,Valid,Valid,Valid,Valid,Pass
BUD-202512-BR04-D02-6100,BR04,D02,6100,3900,Original Budget,Fixed profile; branch scale 0.78,2025-12,Valid,Valid,Valid,Valid,Valid,Valid,Valid,Pass
BUD-202512-BR04-D02-6500,BR04,D02,6500,5700,Original Budget,Variable profile; branch scale 0.78,2025-12,Valid,Valid,Valid,Valid,Valid,Valid,Valid,Pass
BUD-202512-BR04-D02-6600,BR04,D02,6600,4900,Original Budget,Variable profile; branch scale 0.78,2025-12,Valid,Valid,Valid,Valid,Valid,Valid,Valid,Pass
BUD-202512-BR04-D02-6700,BR04,D02,6700,1600,Original Budget,Fixed profile; branch scale 0.78,2025-12,Valid,Valid,Valid,Valid,Valid,Valid,Valid,Pass
BUD-202512-BR04-D02-6800,BR04,D02,6800,600,Original Budget,Variable profile; branch scale 0.78,2025-12,Valid,Valid,Valid,Valid,Valid,Valid,Valid,Pass
BUD-202512-BR04-D02-7100,BR04,D02,7100,800,Original Budget,Variable profile; branch scale 0.78,2025-12,Valid,Valid,Valid,Valid,Valid,Valid,Valid,Pass
BUD-202512-BR04-D02-7200,BR04,D02,7200,1600,Original Budget,Variable profile; branch scale 0.78,2025-12,Valid,Valid,Valid,Valid,Valid,Valid,Valid,Pass
BUD-202512-BR04-D03-6000,BR04,D03,6000,10900,Original Budget,Fixed profile; branch scale 0.78,2025-12,Valid,Valid,Valid,Valid,Valid,Valid,Valid,Pass
BUD-202512-BR04-D03-6100,BR04,D03,6100,2000,Original Budget,Fixed profile; branch scale 0.78,2025-12,Valid,Valid,Valid,Valid,Valid,Valid,Valid,Pass
BUD-202512-BR04-D03-6200,BR04,D03,6200,11700,Original Budget,Fixed profile; branch scale 0.78,2025-12,Valid,Valid,Valid,Valid,Valid,Valid,Valid,Pass
BUD-202512-BR04-D03-6300,BR04,D03,6300,3500,Original Budget,Fixed profile; branch scale 0.78,2025-12,Valid,Valid,Valid,Valid,Valid,Valid,Valid,Pass
BUD-202512-BR04-D03-6600,BR04,D03,6600,2000,Original Budget,Variable profile; branch scale 0.78,2025-12,Valid,Valid,Valid,Valid,Valid,Valid,Valid,Pass
BUD-202512-BR04-D03-6700,BR04,D03,6700,1200,Original Budget,Fixed profile; branch scale 0.78,2025-12,Valid,Valid,Valid,Valid,Valid,Valid,Valid,Pass
BUD-202512-BR04-D03-6800,BR04,D03,6800,1500,Original Budget,Variable profile; branch scale 0.78,2025-12,Valid,Valid,Valid,Valid,Valid,Valid,Valid,Pass
BUD-202512-BR04-D03-6900,BR04,D03,6900,2300,Original Budget,Fixed profile; branch scale 0.78,2025-12,Valid,Valid,Valid,Valid,Valid,Valid,Valid,Pass
BUD-202512-BR04-D03-7000,BR04,D03,7000,1700,Original Budget,Fixed profile; branch scale 0.78,2025-12,Valid,Valid,Valid,Valid,Valid,Valid,Valid,Pass
BUD-202512-BR04-D03-7100,BR04,D03,7100,400,Original Budget,Variable profile; branch scale 0.78,2025-12,Valid,Valid,Valid,Valid,Valid,Valid,Valid,Pass
BUD-202512-BR04-D03-7200,BR04,D03,7200,600,Original Budget,Variable profile; branch scale 0.78,2025-12,Valid,Valid,Valid,Valid,Valid,Valid,Valid,Pass
BUD-202512-BR04-D03-7300,BR04,D03,7300,500,Original Budget,Fixed profile; branch scale 0.78,2025-12,Valid,Valid,Valid,Valid,Valid,Valid,Valid,Pass
BUD-202512-BR04-D03-7400,BR04,D03,7400,5500,Original Budget,Fixed profile; branch scale 0.78,2025-12,Valid,Valid,Valid,Valid,Valid,Valid,Valid,Pass
BUD-202512-BR04-D03-7500,BR04,D03,7500,800,Original Budget,Variable profile; branch scale 0.78,2025-12,Valid,Valid,Valid,Valid,Valid,Valid,Valid,Pass
BUD-202512-BR04-D04-6000,BR04,D04,6000,12500,Original Budget,Fixed profile; branch scale 0.78,2025-12,Valid,Valid,Valid,Valid,Valid,Valid,Valid,Pass
BUD-202512-BR04-D04-6100,BR04,D04,6100,2300,Original Budget,Fixed profile; branch scale 0.78,2025-12,Valid,Valid,Valid,Valid,Valid,Valid,Valid,Pass
BUD-202512-BR04-D04-6700,BR04,D04,6700,1400,Original Budget,Fixed profile; branch scale 0.78,2025-12,Valid,Valid,Valid,Valid,Valid,Valid,Valid,Pass
BUD-202512-BR04-D04-6800,BR04,D04,6800,500,Original Budget,Variable profile; branch scale 0.78,2025-12,Valid,Valid,Valid,Valid,Valid,Valid,Valid,Pass
BUD-202512-BR04-D04-6900,BR04,D04,6900,1600,Original Budget,Fixed profile; branch scale 0.78,2025-12,Valid,Valid,Valid,Valid,Valid,Valid,Valid,Pass
BUD-202512-BR04-D04-7000,BR04,D04,7000,600,Original Budget,Fixed profile; branch scale 0.78,2025-12,Valid,Valid,Valid,Valid,Valid,Valid,Valid,Pass
BUD-202512-BR04-D04-7100,BR04,D04,7100,1000,Original Budget,Variable profile; branch scale 0.78,2025-12,Valid,Valid,Valid,Valid,Valid,Valid,Valid,Pass
BUD-202512-BR04-D04-7200,BR04,D04,7200,600,Original Budget,Variable profile; branch scale 0.78,2025-12,Valid,Valid,Valid,Valid,Valid,Valid,Valid,Pass
BUD-202512-BR04-D04-7300,BR04,D04,7300,300,Original Budget,Fixed profile; branch scale 0.78,2025-12,Valid,Valid,Valid,Valid,Valid,Valid,Valid,Pass
BUD-202512-BR04-D04-7500,BR04,D04,7500,600,Original Budget,Variable profile; branch scale 0.78,2025-12,Valid,Valid,Valid,Valid,Valid,Valid,Valid,Pass
